# iw north average temp C,iw heating energy kWh,diffuse solar w/m2,direct solar w/m2,OAH %,OAT C,Mull SWT C,Heat Mode
2.406452738000000124e+01,0.000000000000000000e+00,5.491616178000000303e+01,6.395418310000000606e-01,9.712500000000000000e+01,1.401203703999999917e+01,2.393563507920000077e+01,0.000000000000000000e+00
2.089046275999999835e+01,2.760915845999999974e+01,2.564760984000000121e+02,4.576736728000000198e+01,6.481666667000000359e+01,-3.474537036999999717e+00,3.697694307500000122e+01,1.000000000000000000e+00
2.407955427999999998e+01,0.000000000000000000e+00,1.094118620000000135e+02,8.230147126000000526e+02,3.968333333000000351e+01,1.703564815000000010e+01,2.227259422250000043e+01,0.000000000000000000e+00
2.068518418000000025e+01,3.187067628999999958e+00,0.000000000000000000e+00,0.000000000000000000e+00,4.817499999999999716e+01,-1.996296295999999915e+00,1.997676213420000124e+01,1.000000000000000000e+00
2.272113193999999936e+01,0.000000000000000000e+00,1.550252713999999976e+01,5.715183258999999794e+01,9.826666667000000643e+01,1.306388888999999942e+01,2.300920353420000097e+01,0.000000000000000000e+00
2.233091908000000103e+01,7.391576381000000140e+00,1.329480943000000082e+02,3.940918734999999629e+02,7.445833333000000209e+01,4.802777778000000275e+00,3.429533944420000324e+01,1.000000000000000000e+00
2.223670055999999917e+01,1.270754364000000081e+01,0.000000000000000000e+00,0.000000000000000000e+00,8.815833333000000493e+01,7.226388888999999871e+00,2.822120387920000084e+01,1.000000000000000000e+00
2.249186114000000103e+01,1.410410101999999988e+01,1.343492835999999784e+02,2.376759136000000083e+01,9.127500000000000568e+01,7.180555555999999839e+00,3.133633654169999971e+01,1.000000000000000000e+00
2.276243523999999852e+01,4.877529719000000341e+01,9.707350796999999432e+01,5.018974309999999939e+00,7.482500000000000284e+01,-1.512962963000000105e+00,6.229507402750000011e+01,1.000000000000000000e+00
2.288356809000000069e+01,9.934579337000000621e+00,4.557568596000000127e+01,7.229347240000000738e+02,5.269166666999999649e+01,4.338425926000000210e+00,2.957964888420000094e+01,1.000000000000000000e+00
2.367365576999999988e+01,0.000000000000000000e+00,0.000000000000000000e+00,0.000000000000000000e+00,9.511666667000000075e+01,1.176064814999999975e+01,2.350163750000000107e+01,0.000000000000000000e+00
2.003156041000000087e+01,3.359838170000000179e+00,0.000000000000000000e+00,0.000000000000000000e+00,8.405833332999999641e+01,3.353703703999999952e+00,2.160522363920000188e+01,1.000000000000000000e+00
2.040891030999999955e+01,3.254013310999999931e+01,0.000000000000000000e+00,0.000000000000000000e+00,7.099166667000000075e+01,-4.911574073999999790e+00,4.155391055500000164e+01,1.000000000000000000e+00
2.270667231999999913e+01,5.675698627999999957e+01,9.154207390000000943e-01,3.986780540000000039e-01,7.437500000000000000e+01,-2.763888889999999710e-01,5.259760458249999715e+01,1.000000000000000000e+00
2.281234467000000166e+01,3.822554414999999750e+01,1.057713537000000059e+01,1.967060660000000016e+00,7.834166666999999507e+01,8.198148147999999580e+00,4.642506708169999996e+01,1.000000000000000000e+00
2.174346170999999828e+01,2.140127160000000117e+01,0.000000000000000000e+00,0.000000000000000000e+00,6.570833333000000209e+01,3.228240741000000025e+00,3.461116544920000138e+01,1.000000000000000000e+00
2.073957483999999951e+01,6.451729599999999287e+00,1.674485368999999935e+02,1.180708682999999981e+00,7.690000000000000568e+01,4.350462963000000016e+00,2.873308813919999949e+01,1.000000000000000000e+00
2.293064477000000068e+01,4.626072086999999833e+00,1.213444379999999825e+02,5.083300386999999887e+02,6.412500000000000000e+01,1.535185185000000008e+00,3.373847330579999948e+01,1.000000000000000000e+00
1.925433130000000048e+01,4.302851703999999700e+01,0.000000000000000000e+00,0.000000000000000000e+00,7.409999999999999432e+01,-1.199490740999999971e+01,4.752134958330000103e+01,1.000000000000000000e+00
2.264528766000000104e+01,5.234136582999999732e+00,0.000000000000000000e+00,0.000000000000000000e+00,7.254166666999999791e+01,-3.627777778000000009e+00,3.841255995670000090e+01,1.000000000000000000e+00
2.588706179000000063e+01,0.000000000000000000e+00,1.511439623000000267e+02,1.368241826000000003e+02,5.560833333000000067e+01,2.044305556000000124e+01,2.459316064829999959e+01,0.000000000000000000e+00
2.261386015000000071e+01,4.469608621999999976e+00,0.000000000000000000e+00,0.000000000000000000e+00,9.629166666999999791e+01,4.555555555999999839e+00,3.480291537080000097e+01,1.000000000000000000e+00
2.284995576000000028e+01,0.000000000000000000e+00,0.000000000000000000e+00,0.000000000000000000e+00,4.531666666999999649e+01,1.078611111000000022e+01,2.273624490750000149e+01,0.000000000000000000e+00
2.283401787000000027e+01,3.529855831000000332e+00,2.369166845000000308e+02,4.838105326000000446e+02,7.034999999999999432e+01,1.021620369999999944e+01,2.610942386829999862e+01,1.000000000000000000e+00
2.207848451999999995e+01,1.722232044000000073e+01,0.000000000000000000e+00,0.000000000000000000e+00,9.147499999999999432e+01,2.831018518000000039e+00,3.261194231079999639e+01,1.000000000000000000e+00
2.271611517999999919e+01,2.965395373999999862e+01,0.000000000000000000e+00,0.000000000000000000e+00,8.475000000000000000e+01,3.951851851999999887e+00,3.935593679999999495e+01,1.000000000000000000e+00
2.191101025000000035e+01,9.305973652999998791e+00,0.000000000000000000e+00,0.000000000000000000e+00,8.995000000000000284e+01,6.367129629999999985e+00,2.838679444579999966e+01,1.000000000000000000e+00
2.213350648999999848e+01,1.868398523999999838e+01,0.000000000000000000e+00,0.000000000000000000e+00,6.101666666999999933e+01,6.023611111000000129e+00,3.272229075999999992e+01,1.000000000000000000e+00
2.196248766000000074e+01,2.279626593000000057e+01,1.543935306000000018e+01,1.239052174000000051e+01,9.001666667000000643e+01,6.004629630000000162e+00,3.380856500830000044e+01,1.000000000000000000e+00
2.204378262000000177e+01,4.956756184000000331e+01,0.000000000000000000e+00,0.000000000000000000e+00,7.407500000000000284e+01,-2.544444444000000249e+00,4.859219842499999942e+01,1.000000000000000000e+00
2.112189920999999870e+01,2.794166086999999976e+01,0.000000000000000000e+00,0.000000000000000000e+00,8.656666667000000359e+01,-1.217129630000000073e+00,3.799109753750000351e+01,1.000000000000000000e+00
2.321388019000000114e+01,1.464453267999999930e+01,4.870251187000000215e+01,6.066308945000000676e+02,5.748333333000000067e+01,7.855555554999999579e+00,3.130601662420000153e+01,1.000000000000000000e+00
2.212176675999999986e+01,6.514129122999999311e+01,2.441598519999999795e+01,4.134369023000000531e+00,8.404999999999999716e+01,-9.814814800000000450e-02,6.497891245419999962e+01,1.000000000000000000e+00
2.248773577000000046e+01,1.092122406000000012e+01,1.054120620000000059e+02,7.517955736000000115e+02,6.354999999999999716e+01,-5.039351852000000243e+00,3.244493504670000306e+01,1.000000000000000000e+00
2.166601073000000000e+01,0.000000000000000000e+00,8.132915884999999889e+01,6.456659667000000269e+00,8.099166667000000075e+01,1.687962963000000016e+01,2.154001413419999977e+01,0.000000000000000000e+00
2.242600562999999880e+01,1.345763999999999960e+00,8.227078100999999322e+01,1.410757749999999866e-01,9.772499999999999432e+01,1.016574074000000039e+01,3.096401842499999901e+01,1.666666666999999935e-01
2.394575310999999829e+01,0.000000000000000000e+00,8.641462919000000298e+00,4.411559784999999678e+00,6.953333333000000493e+01,1.717083333000000067e+01,2.384519196749999992e+01,0.000000000000000000e+00
2.149294532000000046e+01,2.166533258000000117e+01,0.000000000000000000e+00,0.000000000000000000e+00,9.265833333000000493e+01,2.313425925999999855e+00,3.573690302920000050e+01,1.000000000000000000e+00
1.950009065000000064e+01,1.464878189000000042e+01,1.037930349000000030e+00,2.969486808999999727e+00,5.014999999999999858e+01,6.999074074000000145e+00,2.207774380249999879e+01,1.000000000000000000e+00
2.287663099999999972e+01,8.542883688999999947e+00,7.004130784000000176e+01,1.249465586999999989e+00,9.825833332999999925e+01,7.377777777999999564e+00,3.670192589330000033e+01,1.000000000000000000e+00
2.411821533999999900e+01,0.000000000000000000e+00,0.000000000000000000e+00,0.000000000000000000e+00,6.975833332999999925e+01,1.753657407000000035e+01,2.378675092579999983e+01,0.000000000000000000e+00
2.262955059000000091e+01,3.187730138999999951e+01,3.869117689999999610e-01,1.750374369999999902e-01,9.110833332999999357e+01,4.559259259000000064e+00,3.835678055999999714e+01,1.000000000000000000e+00
2.213376736000000022e+01,1.694756530000000083e+01,8.674457329999999899e+01,6.190435142000001179e+02,4.263333332999999925e+01,8.155555554999999401e+00,4.466529032249999887e+01,1.000000000000000000e+00
2.019125636000000057e+01,2.519167494999999946e+01,0.000000000000000000e+00,0.000000000000000000e+00,6.459999999999999432e+01,-1.847685185000000008e+00,3.534417743000000200e+01,1.000000000000000000e+00
2.094280570999999824e+01,2.895984003999999956e+01,0.000000000000000000e+00,0.000000000000000000e+00,8.933333333000000209e+01,-1.462499999999999911e+00,3.886023212919999992e+01,1.000000000000000000e+00
2.295368759000000125e+01,0.000000000000000000e+00,2.233478321999999707e+02,8.494460100999999952e+01,6.102499999999999858e+01,1.585925925999999997e+01,2.265663173579999778e+01,0.000000000000000000e+00
2.086992164999999844e+01,2.753684159000000164e+01,0.000000000000000000e+00,0.000000000000000000e+00,8.269166667000000359e+01,-1.974537036999999939e+00,3.905622791580000097e+01,1.000000000000000000e+00
2.329726975999999894e+01,2.011861735999999823e+01,1.764380457000000035e+02,2.154398084000000324e+02,6.563333332999999925e+01,1.751851851999999932e+00,3.596621828669999843e+01,1.000000000000000000e+00
2.265508240999999856e+01,4.117905224999999803e+01,1.355828186999999900e+02,4.769177298999999692e+01,7.351666667000000643e+01,-9.796759258999999886e+00,5.919528606329999576e+01,1.000000000000000000e+00
2.131542164000000028e+01,0.000000000000000000e+00,1.990334903000000111e+01,4.078048360000000039e-01,9.357500000000000284e+01,1.457777777999999991e+01,2.235585902249999890e+01,0.000000000000000000e+00
2.064093954999999880e+01,4.608796651999999661e+00,0.000000000000000000e+00,0.000000000000000000e+00,4.990833332999999783e+01,-2.010648148000000024e+00,2.925491756919999986e+01,1.000000000000000000e+00
2.258294052999999835e+01,1.350869916000000082e+01,0.000000000000000000e+00,0.000000000000000000e+00,9.998333332999999357e+01,9.857407408000000260e+00,3.044665766670000195e+01,1.000000000000000000e+00
2.356361228000000096e+01,2.780027233000000209e+00,4.551181591000000282e+01,6.249466152999999622e+02,1.877499999999999858e+01,1.048287037000000055e+01,2.240245812999999941e+01,1.000000000000000000e+00
2.313158148000000125e+01,0.000000000000000000e+00,5.198804146999999887e+01,4.835717757000000283e+00,9.059166666999999507e+01,1.439722221999999974e+01,2.371116990830000049e+01,0.000000000000000000e+00
2.069018046000000055e+01,1.390269546999999939e+01,6.502499459000000570e+01,2.704279593000000315e+00,7.977500000000000568e+01,5.552777777999999387e+00,2.536570813499999844e+01,1.000000000000000000e+00
1.932598949000000133e+01,1.528266638000000022e+01,0.000000000000000000e+00,0.000000000000000000e+00,8.293333332999999641e+01,2.982407408000000260e+00,2.884608186000000174e+01,1.000000000000000000e+00
2.064127347999999884e+01,2.762777851999999701e+00,0.000000000000000000e+00,0.000000000000000000e+00,6.751805582999999444e+01,9.308410537000000318e+00,1.971814465750000167e+01,1.000000000000000000e+00
2.277799986000000132e+01,5.613780530999999741e+01,0.000000000000000000e+00,0.000000000000000000e+00,9.065000000000000568e+01,-5.298148148000000113e+00,5.863323055669999917e+01,1.000000000000000000e+00
2.197281554999999997e+01,2.699855351000000070e+01,8.597748217000000182e+01,3.847596400000000139e-02,9.688333332999999925e+01,1.061296296000000083e+01,4.489073721329999955e+01,1.000000000000000000e+00
2.520377504000000002e+01,0.000000000000000000e+00,0.000000000000000000e+00,0.000000000000000000e+00,7.068333332999999641e+01,1.885648147999999935e+01,2.148765483669999909e+01,0.000000000000000000e+00
2.527973361999999824e+01,0.000000000000000000e+00,2.111964250999999848e+01,1.325208562000000079e+01,6.775833332999999925e+01,1.960231480999999931e+01,2.049633434169999902e+01,0.000000000000000000e+00
2.304479674999999972e+01,2.795209751999999881e+01,1.175728089000000125e+02,1.669851574000000127e+01,7.365000000000000568e+01,4.111111110000000290e-01,4.191250291749999946e+01,1.000000000000000000e+00
2.232122972999999888e+01,3.615732455999999928e+01,1.136470537000000007e+02,3.214259658000000019e+00,7.568333332999999641e+01,-3.192592593000000090e+00,4.543017550999999798e+01,1.000000000000000000e+00
2.082595936999999964e+01,1.271663569000000038e+01,8.970717274000000430e+01,5.959822402000000920e+02,4.841666666999999791e+01,-2.489351851999999976e+00,3.407449152579999918e+01,1.000000000000000000e+00
2.381157946000000081e+01,0.000000000000000000e+00,2.268283859999999947e+02,1.821564219999999921e+02,7.919166667000000359e+01,1.529629626000000009e+01,2.301848007919999972e+01,0.000000000000000000e+00
2.190632060000000081e+01,1.096079229000000055e+01,1.865730513999999971e+02,1.614805531000000087e+02,6.567499999999999716e+01,1.285648147999999935e+00,4.176924966170000175e+01,1.000000000000000000e+00
2.294179051000000058e+01,2.026171856999999932e+01,1.471180908999999986e+02,2.775978241000000253e+02,6.941666666999999791e+01,1.386111110999999951e+00,3.256837052249999687e+01,1.000000000000000000e+00
2.394575310999999829e+01,0.000000000000000000e+00,8.641462919000000298e+00,4.411559784999999678e+00,6.953333333000000493e+01,1.717083333000000067e+01,2.384519196749999992e+01,0.000000000000000000e+00
2.269216463000000061e+01,2.660483577000000111e+01,1.309767831000000058e+02,4.664020804999999825e+01,6.474166667000000075e+01,2.170833333000000032e+00,4.225617162169999830e+01,1.000000000000000000e+00
2.253253331999999887e+01,1.253238258000000016e+01,0.000000000000000000e+00,0.000000000000000000e+00,8.925833332999999925e+01,4.278703703999999775e+00,3.002860065750000018e+01,1.000000000000000000e+00
2.226175397000000089e+01,2.249414271999999926e+01,2.487105575000000215e+02,4.250589289000000122e+02,5.705833333000000351e+01,1.875462963000000149e+00,3.747477384670000333e+01,1.000000000000000000e+00
1.977844829000000004e+01,3.093373368999999595e+00,0.000000000000000000e+00,0.000000000000000000e+00,6.474166667000000075e+01,1.175000000000000044e+00,1.874705165170000143e+01,1.000000000000000000e+00
2.277791209000000094e+01,2.172455738000000025e+01,1.471800285999999858e+02,2.777808071999999697e+02,7.835416666999999791e+01,9.212972699999999460e-02,4.013400288249999903e+01,1.000000000000000000e+00
2.192869775999999860e+01,0.000000000000000000e+00,1.615424478000000192e+02,1.098430733000000004e+02,6.565000000000000568e+01,1.377129630000000127e+01,2.112771944500000032e+01,0.000000000000000000e+00
2.291983645999999908e+01,4.423085345999999873e+01,9.775661850999999558e+01,6.719858275000000276e+02,6.214999999999999858e+01,-8.291203703999999064e+00,5.018012671420000004e+01,1.000000000000000000e+00
2.121255019000000175e+01,7.087248234000000480e+01,5.721014698999999837e+01,4.687867454999999950e+01,6.542499999999999716e+01,-5.932407407000000354e+00,6.654586958250000350e+01,1.000000000000000000e+00
2.071723004000000046e+01,3.748558898000000195e+00,0.000000000000000000e+00,0.000000000000000000e+00,6.260833333000000067e+01,-4.428240741000000646e+00,2.327035110579999966e+01,1.000000000000000000e+00
2.464433315000000135e+01,0.000000000000000000e+00,7.081006080000000225e+01,1.802786465999999876e+01,4.895833333000000209e+01,1.869074073999999897e+01,2.361221089420000041e+01,0.000000000000000000e+00
2.305897580999999974e+01,9.090725273000000328e+00,0.000000000000000000e+00,0.000000000000000000e+00,9.379999999999999716e+01,1.147314815000000010e+01,2.730352868079999951e+01,1.000000000000000000e+00
2.036236049000000037e+01,3.032642575999999934e+01,0.000000000000000000e+00,0.000000000000000000e+00,7.625000000000000000e+01,-2.543981481999999961e+00,3.937263027750000077e+01,1.000000000000000000e+00
2.264600906000000080e+01,2.180459322999999827e+01,6.147882204999999800e+01,5.944142610000000548e-01,8.603333333000000493e+01,4.689814815000000081e+00,3.633611759170000255e+01,1.000000000000000000e+00
2.396845941999999852e+01,0.000000000000000000e+00,0.000000000000000000e+00,0.000000000000000000e+00,8.410833332999999357e+01,1.423333333000000067e+01,2.430568957999999924e+01,0.000000000000000000e+00
2.193850669999999781e+01,0.000000000000000000e+00,0.000000000000000000e+00,0.000000000000000000e+00,8.901666667000000643e+01,7.831481480999999967e+00,2.294308426419999947e+01,0.000000000000000000e+00
2.277728003000000001e+01,2.149037464999999969e+01,5.925618243000000263e+01,1.116744705999999976e+00,8.805833332999999641e+01,4.268981482000000049e+00,3.696695134670000016e+01,1.000000000000000000e+00
2.238927130000000076e+01,1.457008536000000021e+01,0.000000000000000000e+00,0.000000000000000000e+00,9.657500000000000284e+01,8.934722222000001324e+00,3.102247661579999871e+01,1.000000000000000000e+00
2.311986220000000003e+01,1.692850832999999966e+01,1.604486900999999932e+02,2.437640044000000117e+01,8.273333332999999357e+01,5.510648147999999580e+00,3.426171686080000001e+01,1.000000000000000000e+00
2.306444389999999700e+01,3.080873196000000203e+00,2.135181189999999845e+02,7.510424193000000059e+01,4.978333332999999783e+01,1.346296296000000048e+01,2.342088560579999879e+01,1.000000000000000000e+00
2.190686909000000071e+01,6.661891495000000418e+01,4.768808389999999520e+01,2.304119596999999686e+00,7.931666667000000359e+01,-1.775925925999999988e+00,6.627928634250000073e+01,1.000000000000000000e+00
2.140836201999999844e+01,3.035387296000000124e+00,0.000000000000000000e+00,0.000000000000000000e+00,6.164166666999999933e+01,7.689814815000000081e+00,2.095325018000000128e+01,1.000000000000000000e+00
2.211754902999999928e+01,1.322586171999999927e+01,0.000000000000000000e+00,0.000000000000000000e+00,6.046666667000000217e+01,6.045833332999999143e+00,2.111502327420000213e+01,1.000000000000000000e+00
2.269175458999999861e+01,4.422545004999999918e+01,9.730233189999999865e+01,5.625119419999999870e+00,8.997499999999999432e+01,3.031018518999999856e+00,4.977897023170000068e+01,1.000000000000000000e+00
2.285926969999999869e+01,1.468742514999999926e+01,0.000000000000000000e+00,0.000000000000000000e+00,8.482500000000000284e+01,3.688888888999999782e+00,3.982968643329999736e+01,1.000000000000000000e+00
2.338935928000000075e+01,2.905842526999999897e+00,1.269127533000000057e+02,3.863302934000000164e+02,5.895000000000000284e+01,1.385787037000000055e+01,2.263579768500000000e+01,1.000000000000000000e+00
2.382770612999999926e+01,0.000000000000000000e+00,1.251585773000000046e+02,8.624220288999998729e+02,4.260833333000000067e+01,1.620462962999999945e+01,2.229341531920000108e+01,0.000000000000000000e+00
2.227828836000000123e+01,1.506300268000000031e+01,0.000000000000000000e+00,0.000000000000000000e+00,9.217499999999999716e+01,9.080555556000000195e+00,3.138263214919999911e+01,1.000000000000000000e+00
2.198067816000000008e+01,6.533655122999999776e+01,1.194968080000000099e-01,7.450026199999999765e-02,9.812500000000000000e+01,7.928703704000000130e+00,5.513355361250000186e+01,1.000000000000000000e+00
2.294458795999999978e+01,2.842037853000000069e+01,1.768031800999999916e+02,3.922666454000000158e+02,5.815833332999999783e+01,4.892129630000000340e+00,4.324065898079999926e+01,1.000000000000000000e+00
2.280250171000000137e+01,3.336034381999999798e+00,1.605470320999999956e+02,1.068842927000000174e+02,5.191666666999999791e+01,1.197037036999999948e+01,2.564739648169999953e+01,1.000000000000000000e+00
2.046098564000000053e+01,2.876836606000000174e+01,0.000000000000000000e+00,0.000000000000000000e+00,8.344166667000000359e+01,-3.837499999999999911e+00,3.860311768420000078e+01,1.000000000000000000e+00
2.287128460000000274e+01,2.334710311999999988e+01,1.246899671999999981e+02,5.431468289999999755e+00,8.025000000000000000e+01,3.386111111000000395e+00,3.823519032829999986e+01,1.000000000000000000e+00
2.290648162000000099e+01,3.413041146999999942e+00,0.000000000000000000e+00,0.000000000000000000e+00,6.861666667000000075e+01,1.192083333999999972e+01,2.889225834750000033e+01,1.000000000000000000e+00
2.119642238000000134e+01,2.408179746000000065e+01,0.000000000000000000e+00,0.000000000000000000e+00,8.175000000000000000e+01,1.824074074000000101e+00,3.692718911419999728e+01,1.000000000000000000e+00
2.196695894000000138e+01,1.514591689000000052e+01,0.000000000000000000e+00,0.000000000000000000e+00,9.651666667000000643e+01,8.621296296000000581e+00,3.068442250500000057e+01,1.000000000000000000e+00
2.186362408000000102e+01,3.905005979999999965e+01,1.836392635999999925e+02,3.474890873999999741e+00,8.146666666999999507e+01,-4.432870370999999921e+00,4.782948643419999968e+01,1.000000000000000000e+00
2.197163663999999983e+01,3.924334668000000192e+01,6.192954497000000202e+01,3.017834819999999918e-01,8.525833332999999925e+01,-3.702777778000000186e+00,4.747112458329999640e+01,1.000000000000000000e+00
2.328589833999999925e+01,1.741971107999999901e+01,4.447686333000000047e+01,1.578835279000000185e+02,7.945000000000000284e+01,6.090740741000000291e+00,3.227887339749999995e+01,1.000000000000000000e+00
2.665235467000000114e+01,0.000000000000000000e+00,0.000000000000000000e+00,0.000000000000000000e+00,6.710833332999999357e+01,1.876296295999999941e+01,2.483313550500000133e+01,0.000000000000000000e+00
2.463166703999999996e+01,0.000000000000000000e+00,1.726743810000000323e+01,9.266577748000000270e+01,7.728333333000000493e+01,1.424305554999999934e+01,2.447916620420000200e+01,0.000000000000000000e+00
2.123112614000000065e+01,2.400805928999999850e+01,0.000000000000000000e+00,0.000000000000000000e+00,9.703333333000000493e+01,5.835648147999999757e+00,3.740388560170000432e+01,1.000000000000000000e+00
2.396458370999999943e+01,0.000000000000000000e+00,3.013718018999999799e+02,3.876095259999999598e+02,5.174166667000000075e+01,2.151759258999999957e+01,1.448507846250000064e+01,0.000000000000000000e+00
1.970890022000000030e+01,3.999386186000000265e+01,0.000000000000000000e+00,0.000000000000000000e+00,7.232500000000000284e+01,-1.129351851999999923e+01,4.518944296419999773e+01,1.000000000000000000e+00
2.277489553999999927e+01,2.609393714000000131e+01,0.000000000000000000e+00,0.000000000000000000e+00,7.729166666999999791e+01,7.684722222000000436e+00,3.990869444420000178e+01,1.000000000000000000e+00
2.406452738000000124e+01,0.000000000000000000e+00,5.491616178000000303e+01,6.395418310000000606e-01,9.712500000000000000e+01,1.401203703999999917e+01,2.393563507920000077e+01,0.000000000000000000e+00
2.264344490999999948e+01,1.505489464000000055e+01,6.336749643999999648e+01,1.226158850999999883e+00,8.960833332999999357e+01,7.491203704000000130e+00,3.386209398169999929e+01,1.000000000000000000e+00
2.340573695000000143e+01,5.048642745000000431e+00,9.810363775000000430e+01,6.708012940999999785e+01,7.970833333000000209e+01,6.031481481000000144e+00,2.721227963079999768e+01,1.000000000000000000e+00
2.228817318999999841e+01,6.124619230999999786e+01,3.622397448000000253e+01,9.610844885000000559e+00,9.364166667000000643e+01,1.806944445000000066e+00,6.287271273079999645e+01,1.000000000000000000e+00
2.235329266000000104e+01,1.148760255000000008e+01,0.000000000000000000e+00,0.000000000000000000e+00,7.904999999999999716e+01,1.014722221999999974e+01,2.770335258169999904e+01,1.000000000000000000e+00
2.025573801000000174e+01,2.909534625000000041e+00,0.000000000000000000e+00,0.000000000000000000e+00,4.661666667000000075e+01,8.701388889000000404e+00,1.934892150419999979e+01,1.000000000000000000e+00
2.306020187000000021e+01,3.210177068000000133e+00,1.637786428000000072e+01,3.900782720000000037e+00,7.930833332999999641e+01,1.322129630000000233e+01,2.605003860669999938e+01,1.000000000000000000e+00
2.470307134999999832e+01,0.000000000000000000e+00,0.000000000000000000e+00,0.000000000000000000e+00,4.245833333000000209e+01,1.630416667000000075e+01,2.387654994420000065e+01,0.000000000000000000e+00
2.289162685999999880e+01,2.154905991000000043e+01,9.533746963000000108e+01,2.892267809000000156e+01,8.996666666999999507e+01,3.104166666999999880e+00,3.760389830999999816e+01,1.000000000000000000e+00
2.211175249999999792e+01,3.048677560999999869e+01,0.000000000000000000e+00,0.000000000000000000e+00,6.594166667000000359e+01,1.507407406999999866e+00,3.964680611080000006e+01,1.000000000000000000e+00
2.275305585999999991e+01,0.000000000000000000e+00,0.000000000000000000e+00,0.000000000000000000e+00,7.704999999999999716e+01,1.424629630000000091e+01,2.343418128669999945e+01,0.000000000000000000e+00
2.209169364999999985e+01,0.000000000000000000e+00,0.000000000000000000e+00,0.000000000000000000e+00,9.010833332999999357e+01,1.363842593000000036e+01,2.228455416750000140e+01,8.333333330000000649e-02
1.894023487999999844e+01,1.843105232999999998e+01,0.000000000000000000e+00,0.000000000000000000e+00,8.865000000000000568e+01,1.982870370000000104e+00,3.072060503249999996e+01,1.000000000000000000e+00
2.362618549000000101e+01,0.000000000000000000e+00,1.320027954000000250e+02,3.839610604000000080e+02,6.781025547000000131e+01,1.882980786999999978e+01,2.371817070330000021e+01,0.000000000000000000e+00
2.264975746000000001e+01,1.898280746000000008e+01,9.375611431999999468e+01,2.014078939000000013e+00,9.116666666999999791e+01,6.839814815000000436e+00,3.457624045499999710e+01,1.000000000000000000e+00
1.951043638999999885e+01,6.512858133999999666e+01,1.234044513999999992e+02,2.744321276000000154e+01,8.508333333000000209e+01,-7.645833332999999676e+00,5.976176463000000183e+01,1.000000000000000000e+00
2.011275283999999886e+01,7.516456334000000084e+01,3.720778076999999939e+01,3.810322213999999690e+02,8.122499999999999432e+01,5.236111111000000484e+00,5.186540356580000122e+01,1.000000000000000000e+00
2.227314008000000101e+01,1.344894898000000083e+01,0.000000000000000000e+00,0.000000000000000000e+00,8.139166667000000643e+01,1.248148147999999935e+01,2.688300207920000062e+01,4.166666667000000213e-01
1.990286139000000176e+01,3.519575602999999830e+01,0.000000000000000000e+00,0.000000000000000000e+00,5.686666667000000075e+01,4.406944444999999710e+00,3.988441646829999598e+01,1.000000000000000000e+00
2.288445560000000256e+01,1.829269208999999918e+01,0.000000000000000000e+00,0.000000000000000000e+00,5.775000000000000000e+01,8.586574073999999612e+00,2.771104880669999915e+01,1.000000000000000000e+00
2.092344781999999981e+01,2.728143406999999954e+01,0.000000000000000000e+00,0.000000000000000000e+00,8.035833332999999357e+01,-4.722222200000000120e-02,3.834832330580000104e+01,1.000000000000000000e+00
1.892691020999999907e+01,1.862020023999999907e+01,0.000000000000000000e+00,0.000000000000000000e+00,9.797499999999999432e+01,2.179629629999999985e+00,3.101308656169999978e+01,1.000000000000000000e+00
2.371869991999999883e+01,0.000000000000000000e+00,0.000000000000000000e+00,0.000000000000000000e+00,8.723333332999999357e+01,1.356435184999999954e+01,2.419730398169999930e+01,0.000000000000000000e+00
2.333292137000000110e+01,2.822749908000000030e+00,0.000000000000000000e+00,0.000000000000000000e+00,5.316666666999999791e+01,1.064074074000000003e+01,2.226044951329999932e+01,1.000000000000000000e+00
2.252585819000000100e+01,2.346676052000000112e+01,1.244118886999999951e+01,1.240225893000000079e+00,8.424166667000000075e+01,8.928240740999999758e+00,3.697503193920000086e+01,1.000000000000000000e+00
2.714153422000000049e+01,0.000000000000000000e+00,0.000000000000000000e+00,0.000000000000000000e+00,4.611666667000000075e+01,2.293981481999999872e+01,2.533619961579999824e+01,0.000000000000000000e+00
2.493680407000000088e+01,2.754424813999999611e+00,1.338901946000000009e+02,4.800349922000000333e+02,3.843333333000000351e+01,1.712777777999999884e+01,2.422011669579999804e+01,1.000000000000000000e+00
2.007946873999999937e+01,3.480849881000000323e+01,0.000000000000000000e+00,0.000000000000000000e+00,6.434166666999999507e+01,-5.710648147999999757e+00,4.240957532499999871e+01,1.000000000000000000e+00
1.886249589000000171e+01,2.281122342999999830e+01,0.000000000000000000e+00,0.000000000000000000e+00,6.881666667000000359e+01,-5.031018518999999856e+00,3.143190371420000062e+01,1.000000000000000000e+00
2.050158762999999951e+01,2.233925911000000042e+01,0.000000000000000000e+00,0.000000000000000000e+00,4.471666667000000217e+01,3.653703703999999775e+00,3.523155813500000022e+01,1.000000000000000000e+00
2.290759510999999904e+01,0.000000000000000000e+00,8.897921911999999622e+01,3.152116653999999585e+02,9.558333333000000209e+01,1.372546295999999977e+01,2.291187011579999933e+01,0.000000000000000000e+00
2.246514262999999900e+01,3.796925358000000195e+00,0.000000000000000000e+00,0.000000000000000000e+00,6.190833332999999783e+01,9.142129629999999452e+00,2.205565397750000045e+01,1.000000000000000000e+00
2.287144739999999743e+01,2.510720071000000075e+01,1.738796945999999934e+02,2.116983343000000062e+01,8.540833333000000493e+01,2.682870369999999838e+00,3.947292837919999897e+01,1.000000000000000000e+00
2.426778394999999833e+01,0.000000000000000000e+00,1.381429566999999849e+02,6.908474797000000081e+02,5.996666667000000217e+01,2.119490740999999900e+01,2.381825664830000022e+01,0.000000000000000000e+00
2.225902891999999866e+01,1.887033647999999886e+01,0.000000000000000000e+00,0.000000000000000000e+00,9.636666667000000075e+01,4.544444444999999888e+00,3.217949610170000341e+01,1.000000000000000000e+00
2.233332066999999910e+01,5.360226916999999958e+01,1.966656585000000064e+02,1.703429214000000229e+02,8.370000000000000284e+01,5.861111110000000179e-01,3.639125352330000140e+01,1.000000000000000000e+00
2.414312587999999948e+01,0.000000000000000000e+00,0.000000000000000000e+00,0.000000000000000000e+00,7.695833333000000209e+01,1.688518518000000057e+01,2.331392730419999992e+01,0.000000000000000000e+00
2.273459246999999905e+01,4.808767888999999940e+01,5.260716284000000087e+01,2.285746150000000032e+00,7.976666667000000643e+01,3.522685184999999830e+00,5.987566726749999901e+01,1.000000000000000000e+00
2.189421116999999839e+01,6.263050762999999677e+01,1.502691650000000045e+01,1.277339844999999974e+00,8.180833332999999641e+01,2.228240741000000025e+00,6.376436254669999926e+01,1.000000000000000000e+00
2.215311539999999724e+01,7.979936708999999517e+00,1.024201024000000046e+02,1.062232611999999961e+02,8.642499999999999716e+01,7.201388888999999516e+00,3.320493546329999646e+01,1.000000000000000000e+00
2.046871980999999963e+01,2.813070093000000327e+00,0.000000000000000000e+00,0.000000000000000000e+00,4.539999999999999858e+01,9.012962962999999661e+00,1.955999790579999953e+01,1.000000000000000000e+00
2.388809704000000167e+01,0.000000000000000000e+00,0.000000000000000000e+00,0.000000000000000000e+00,6.027499999999999858e+01,1.355046296000000083e+01,2.365304633750000107e+01,0.000000000000000000e+00
2.468763802999999868e+01,0.000000000000000000e+00,2.837788377000000040e+01,5.987149117000000409e+00,7.692499999999999716e+01,1.470509258999999957e+01,2.398053194499999918e+01,0.000000000000000000e+00
2.077682837000000049e+01,8.053779590999999627e+00,1.968250364000000161e+02,2.342197000000000173e+01,8.197499999999999432e+01,3.520370370000000193e+00,3.103997823919999988e+01,1.000000000000000000e+00
2.095267795999999905e+01,4.451760121999999598e+00,0.000000000000000000e+00,0.000000000000000000e+00,7.415833333000000493e+01,1.072268518999999998e+01,2.132224886999999924e+01,1.000000000000000000e+00
2.262968168000000091e+01,2.376054935999999884e+01,0.000000000000000000e+00,0.000000000000000000e+00,8.921666666999999507e+01,3.586574073999999612e+00,3.750654237670000413e+01,1.000000000000000000e+00
2.277799986000000132e+01,5.613780530999999741e+01,0.000000000000000000e+00,0.000000000000000000e+00,9.065000000000000568e+01,-5.298148148000000113e+00,5.863323055669999917e+01,1.000000000000000000e+00
2.469841139000000041e+01,2.810723899999999720e+00,1.623530011999999942e+02,5.667575281000000587e+02,4.217499999999999716e+01,1.669120369999999909e+01,2.396325692250000117e+01,1.000000000000000000e+00
2.324583407000000079e+01,2.954692336000000363e+00,0.000000000000000000e+00,0.000000000000000000e+00,5.669500000000000028e+01,1.317962963000000087e+01,2.247875439919999963e+01,1.000000000000000000e+00
2.051023574999999965e+01,3.117921292999999849e+01,0.000000000000000000e+00,0.000000000000000000e+00,6.914642929000000038e+01,-7.083399417000000753e+00,3.822139384249999949e+01,1.000000000000000000e+00
2.072179754000000074e+01,2.860648652000000070e+00,0.000000000000000000e+00,0.000000000000000000e+00,9.704999999999999716e+01,1.088749999999999929e+01,2.008544670000000210e+01,1.000000000000000000e+00
2.289139987000000076e+01,5.789265532999999131e+00,0.000000000000000000e+00,0.000000000000000000e+00,7.230833332999999641e+01,1.093518519000000078e+00,3.968659113830000251e+01,1.000000000000000000e+00
2.098101009000000161e+01,1.893271758999999932e+01,0.000000000000000000e+00,0.000000000000000000e+00,3.151666666999999933e+01,6.812962962999999483e+00,2.719046416579999814e+01,1.000000000000000000e+00
2.274565086000000136e+01,1.956926607999999845e+01,9.651590143999999327e+01,7.863819288999999380e+00,8.553333333000000493e+01,5.163888888999999871e+00,3.501343170000000526e+01,1.000000000000000000e+00
2.303946089000000086e+01,2.910015660000000004e+00,0.000000000000000000e+00,0.000000000000000000e+00,5.194166666999999649e+01,1.061990740999999971e+01,2.190098823170000131e+01,1.000000000000000000e+00
1.964598413999999948e+01,1.569704957999999984e+01,0.000000000000000000e+00,0.000000000000000000e+00,5.435000000000000142e+01,4.124074074000000145e+00,2.843476573170000066e+01,1.000000000000000000e+00
2.253982332000000000e+01,9.829446088999999276e+00,1.149817500999999993e+02,6.792098767999999787e+00,8.142499999999999716e+01,6.246296296000000581e+00,3.461669101420000061e+01,1.000000000000000000e+00
2.198663209000000052e+01,4.004783089000000018e+01,0.000000000000000000e+00,0.000000000000000000e+00,5.726666666999999933e+01,-3.622685184999999919e+00,4.609964735999999874e+01,1.000000000000000000e+00
1.900503731999999957e+01,7.967327251999999760e+01,9.324571285999999404e+00,1.381133385999999952e+01,5.870000000000000284e+01,-4.530555556000000372e+00,5.450639124920000000e+01,1.000000000000000000e+00
2.262276041999999876e+01,2.888776923999999635e+00,3.470711277999999993e+02,1.411629484999999988e+02,6.129999999999999716e+01,9.011574074000000323e+00,2.151720510079999826e+01,1.000000000000000000e+00
2.643871125000000077e+01,0.000000000000000000e+00,0.000000000000000000e+00,0.000000000000000000e+00,5.764999999999999858e+01,1.954120369999999696e+01,2.513456370749999991e+01,0.000000000000000000e+00
2.232257896000000130e+01,3.359499826999999783e+01,3.372865233999999823e+00,1.294383214000000004e+00,7.571666666999999507e+01,-6.005555554999999934e+00,5.144508833420000116e+01,1.000000000000000000e+00
1.928793467999999933e+01,1.995353817000000163e+01,0.000000000000000000e+00,0.000000000000000000e+00,5.283333333000000209e+01,-2.906018518999999856e+00,2.975043048579999905e+01,1.000000000000000000e+00
2.281157222999999945e+01,2.797089393999999984e+01,1.480851456999999982e+02,3.104982916999999887e+01,5.568333333000000351e+01,6.833333329999999872e-01,4.098308625079999956e+01,1.000000000000000000e+00
2.069028192000000033e+01,2.023613702999999830e+01,1.978757651999999894e+02,7.571028615999999545e+01,8.239166667000000643e+01,6.722222222000000080e+00,3.062151951419999918e+01,1.000000000000000000e+00
2.287616536000000167e+01,3.222081078000000076e+01,1.123567285999999825e+02,6.231609049000000056e+01,8.178333333000000493e+01,-6.750000000000000444e-01,4.031973314830000277e+01,1.000000000000000000e+00
2.050745417999999987e+01,3.193691241000000147e+01,0.000000000000000000e+00,0.000000000000000000e+00,9.075000000000000000e+01,-2.998611111000000218e+00,4.111676694420000189e+01,1.000000000000000000e+00
