# iwNorthAvgTemp,heatEnergy,diffuse solar w/m2,direct solar w/m2,OAH %,OAT C,Mull SWT C,Heat Mode,mullInsulationThickness,intMass,mullSurfaceArea,infilRate
2.268668460520790120e+01,3.887188290869789853e+01,6.903467967999999644e+01,2.962912201000000412e+00,7.682500000000000284e+01,1.651388889000000137e+00,5.195154930420000028e+01,1.000000000000000000e+00,4.255687009393358672e-03,5.493702702334533114e+02,1.428035967299972286e+00,2.061150746709764781e-01
2.031731406268799844e+01,3.729451559351110035e+01,9.475119336999999575e+01,2.141899941000000140e+01,7.461666667000000075e+01,-5.143981482000000049e+00,5.123678037079999825e+01,1.000000000000000000e+00,4.244838413733553403e-03,5.535734269063768807e+02,1.350437318408463927e+00,1.792694347009006761e-01
2.188409344631909903e+01,3.941209944230939755e+01,1.998458969999999946e-01,9.209936300000000353e-02,9.659166666999999507e+01,2.069444444000000161e+00,4.772480120329999664e+01,1.000000000000000000e+00,1.078569006930723282e-03,4.200866846883891412e+02,1.333694570608883856e+00,2.107984730301364629e-01
1.855892788612399968e+01,3.810964950401930196e+01,0.000000000000000000e+00,0.000000000000000000e+00,6.907500000000000284e+01,-1.204583333000000067e+01,4.806288578750000084e+01,1.000000000000000000e+00,1.060110175748389325e-03,6.754237559627314340e+02,1.354299902919555043e+00,2.556496937281634296e-01
1.988747539442559997e+01,4.132892069029409754e+01,2.620538204000000064e+02,3.947421583999999939e+02,5.126666666999999933e+01,-4.233796296000000403e+00,3.389555417999999776e+01,1.000000000000000000e+00,2.778609712001100032e-03,9.653148513683516967e+02,1.566750299884410946e+00,2.286606603686853478e-01
2.119245225806880129e+01,3.581082905446520215e+01,0.000000000000000000e+00,0.000000000000000000e+00,6.434166666999999507e+01,-5.710648147999999757e+00,4.240957532499999871e+01,1.000000000000000000e+00,2.049039644090431492e-03,5.160831528495831435e+02,1.560361348708395157e+00,7.687925119218914916e-02
2.069616739835160146e+01,2.727795005262429839e+01,0.000000000000000000e+00,0.000000000000000000e+00,8.652500000000000568e+01,-1.312962962999999927e+00,4.041409833419999842e+01,1.000000000000000000e+00,3.868995418984646963e-03,8.657638262189231000e+02,1.625935779496455957e+00,1.580814030998083930e-01
2.502296092786000159e+01,0.000000000000000000e+00,0.000000000000000000e+00,0.000000000000000000e+00,6.260000000000000142e+01,1.855879630000000091e+01,2.470998817579999951e+01,0.000000000000000000e+00,2.470311300289864797e-03,2.778995592457454222e+02,1.377660792316874439e+00,2.194809145042400378e-01
2.004049133406390126e+01,8.227891268664549784e+00,0.000000000000000000e+00,0.000000000000000000e+00,8.907500000000000284e+01,4.331481482000000049e+00,3.488781963920000351e+01,1.000000000000000000e+00,3.893825644343192581e-03,2.830963443632087433e+02,1.177001973105020083e+00,7.918501731587285208e-02
1.755683254356609879e+01,1.652566869201659827e+01,0.000000000000000000e+00,0.000000000000000000e+00,6.194166666999999649e+01,2.418518517999999951e+00,2.815927108420000025e+01,1.000000000000000000e+00,3.049978914840730145e-03,2.806373069399963356e+02,1.588495573676658834e+00,2.784637260050865093e-01
2.274605949486720036e+01,2.884623564318100186e+00,2.661286171999999510e+02,1.143258344000000051e+02,5.754999999999999716e+01,9.962962962000000644e+00,2.129762500080000009e+01,1.000000000000000000e+00,1.469357019681489206e-03,8.182166782658181319e+02,1.366013701173444561e+00,1.063051430966369532e-01
2.182519410516500002e+01,0.000000000000000000e+00,1.294669924000000094e+02,8.279818605000000389e+02,4.718333333000000351e+01,1.539074074000000003e+01,2.335620048579999875e+01,0.000000000000000000e+00,4.931922090250466864e-03,5.636804973485914161e+02,1.130338730561483374e+00,1.065324997064751207e-02
1.938930191427180105e+01,1.556402575554819911e+01,4.837121917999999710e+01,3.205031888000000322e+02,5.208333333000000209e+01,-1.924074073999999968e+00,4.134172366669999832e+01,1.000000000000000000e+00,3.259078445003904707e-03,7.493363935110916145e+02,1.368361967920939115e+00,1.011526894768523394e-01
2.336578212166299906e+01,0.000000000000000000e+00,0.000000000000000000e+00,0.000000000000000000e+00,3.645833333000000209e+01,1.043425925999999926e+01,2.297581155079999959e+01,0.000000000000000000e+00,3.082266453469266650e-03,6.141532691958677788e+02,1.215296646601334851e+00,2.254511915498965124e-01
1.988646425867500156e+01,1.237854847100410005e+01,0.000000000000000000e+00,0.000000000000000000e+00,6.117499999999999716e+01,4.980555556000000550e+00,3.691390574420000092e+01,1.000000000000000000e+00,3.188138174254407861e-03,3.427344919975010953e+02,1.243272053428337243e+00,8.749931600788835029e-02
2.170907248764400066e+01,0.000000000000000000e+00,0.000000000000000000e+00,0.000000000000000000e+00,6.261666667000000075e+01,1.260092593000000072e+01,2.328570213920000143e+01,0.000000000000000000e+00,2.025161363499594289e-03,6.872019483038718590e+02,1.166248429674733078e+00,9.589893604747196099e-02
2.228524367307069909e+01,0.000000000000000000e+00,0.000000000000000000e+00,0.000000000000000000e+00,6.261666667000000075e+01,1.260092593000000072e+01,2.328570213920000143e+01,0.000000000000000000e+00,3.351419894076809996e-03,6.917276301844322006e+02,1.565531474166840242e+00,2.829193202424076237e-01
2.109400101703020169e+01,4.186571855526729991e+01,4.048846369000000323e+01,1.965099136000000044e+02,9.866666666999999791e+01,8.471759259000000597e+00,5.053942606420000061e+01,1.000000000000000000e+00,3.120874168752915331e-03,6.235314881598560532e+02,1.368764898487480064e+00,2.339099693625845966e-01
2.249955588298639952e+01,3.366755657501470012e+01,2.057361176000000000e+02,4.031467400999999739e+01,5.624166667000000075e+01,-3.340740741000000291e+00,4.482964106420000405e+01,1.000000000000000000e+00,2.511708593220739541e-03,4.946463301214581065e+02,1.479405564137819873e+00,2.216231788111096002e-01
2.361972745183259903e+01,2.218321987407859908e+01,0.000000000000000000e+00,0.000000000000000000e+00,4.695833333000000209e+01,-1.465277778000000142e+00,3.778346655080000005e+01,1.000000000000000000e+00,4.405907739878772537e-03,9.608120377049306171e+02,1.498155789825151185e+00,6.495283742205516797e-02
2.275224585745390016e+01,2.656482900894980048e+01,3.205415201000000280e+01,3.250749370000000082e-01,7.224166667000000075e+01,4.319447550000000136e-01,4.032502999919999809e+01,1.000000000000000000e+00,3.216982488879388535e-03,9.464084172496154679e+02,1.466285972666017123e+00,1.896432746525341662e-01
2.069724840285120138e+01,9.167573376337900370e+00,0.000000000000000000e+00,0.000000000000000000e+00,9.108333333000000209e+01,1.045138889000000049e+01,2.989023450830000073e+01,9.166666666999999658e-01,3.770362077985237384e-03,7.553852246785493207e+02,1.279555010495379008e+00,2.074932600841311037e-01
2.033047164258060135e+01,1.389004606682530074e+01,5.752381582999999132e+00,7.324327670000000401e-01,7.745000000000000284e+01,-2.020370370000000193e+00,3.777399711830000228e+01,1.000000000000000000e+00,4.708869052577426863e-03,6.103070778440498998e+02,1.311039750189650244e+00,1.029321486072002079e-01
1.984549688559139824e+01,3.808718589077899708e+01,0.000000000000000000e+00,0.000000000000000000e+00,9.740000000000000568e+01,6.002777777999999564e+00,5.684740097249999735e+01,1.000000000000000000e+00,1.553997734828590008e-03,2.969219451332791664e+02,1.142361978710396242e+00,1.868261229756468522e-01
2.280236867528829947e+01,2.192623229433180043e+01,3.812751981000000256e+01,9.936870123999999294e+01,6.862500000000000000e+01,1.409259259000000153e+00,3.844133353750000026e+01,1.000000000000000000e+00,1.852672079947059042e-03,2.309456351406304293e+02,1.316587711206065547e+00,1.620800857636898462e-01
2.270650748915799966e+01,0.000000000000000000e+00,1.563568732999999895e+02,2.726822380999999851e+01,8.422499999999999432e+01,1.525462963000000016e+01,2.150646038420000039e+01,0.000000000000000000e+00,4.854050160588961778e-03,3.124929504738755099e+02,1.606740892362930273e+00,1.555921218127025857e-02
2.087264387488070128e+01,1.313548528295869922e+01,0.000000000000000000e+00,0.000000000000000000e+00,8.419166667000000359e+01,1.070833333000000032e+01,2.974434869579999940e+01,1.000000000000000000e+00,2.615663267023798748e-03,9.039064238561555840e+02,1.516247440060730423e+00,2.749208736563168998e-01
2.102895580596669944e+01,3.861236415617339901e+01,2.460342911000000043e+01,9.623400487999999697e+00,8.130833332999999641e+01,-1.828240740999999892e+00,6.574675249919999942e+01,1.000000000000000000e+00,4.846773659474893498e-03,5.757175462415924585e+02,1.206365627398196416e+00,1.371235217465543998e-01
2.113123494033460048e+01,4.872485216371550187e+00,0.000000000000000000e+00,0.000000000000000000e+00,9.616666666999999791e+01,4.134259259999999991e-01,2.937357544749999860e+01,1.000000000000000000e+00,4.230354047994820330e-03,6.673948740497589824e+02,1.149506881582678108e+00,1.904301576465178836e-01
2.111416136207200012e+01,2.158721340050999871e+01,0.000000000000000000e+00,0.000000000000000000e+00,8.740000000000000568e+01,2.118981481000000056e+00,3.582768033330000179e+01,1.000000000000000000e+00,1.567973499795929319e-03,7.925069141062398330e+02,1.436185018555170334e+00,2.407490452948076454e-01
2.251246767411329941e+01,0.000000000000000000e+00,1.059732039000000157e+02,1.757011145000000107e+00,6.586666667000000075e+01,1.636944443999999876e+01,2.859050833330000074e+01,0.000000000000000000e+00,3.716534154701862502e-03,3.633130147347299044e+02,1.448531062500721722e+00,8.536363965440936508e-02
2.090174727298949975e+01,4.244482212327960013e+01,1.881279646999999784e+02,7.924777792999999804e+01,5.710000000000000142e+01,-5.386574073999999435e+00,6.218284259170000183e+01,1.000000000000000000e+00,2.920896325255330564e-03,7.790140281459426888e+02,1.242185071633659543e+00,8.236308246755484619e-02
2.194478728917739829e+01,3.857149004634160150e+01,4.048846369000000323e+01,1.965099136000000044e+02,9.866666666999999791e+01,8.471759259000000597e+00,5.053942606420000061e+01,1.000000000000000000e+00,3.667660470385333219e-03,8.326443634527042832e+02,1.344981033874490750e+00,9.487620908632071748e-02
1.735750619930740157e+01,5.062568606737889887e+00,0.000000000000000000e+00,0.000000000000000000e+00,8.405833332999999641e+01,3.353703703999999952e+00,2.160522363920000188e+01,1.000000000000000000e+00,2.079797831601540650e-03,2.396990434701755248e+02,1.160905987431990249e+00,5.653263469274560915e-02
2.176337447225660071e+01,1.928241938611240158e+01,0.000000000000000000e+00,0.000000000000000000e+00,8.840000000000000568e+01,2.512037036999999806e+00,3.505293704999999704e+01,1.000000000000000000e+00,3.011370173799968533e-03,3.828021908253442689e+02,1.563343703657126715e+00,8.971546212490258410e-02
2.111481048467960164e+01,4.546321066772159725e+01,8.655716590000001531e+01,6.742884412000000793e+02,6.980833332999999641e+01,-6.410185184999999564e+00,5.221852120249999984e+01,1.000000000000000000e+00,2.772013107394531023e-03,9.423638355271089040e+02,1.380585203587330501e+00,1.640895294243233105e-01
2.348369902832829936e+01,2.864207565018779889e+01,2.242545959000000266e+02,5.016725526999999829e+01,5.808333333000000209e+01,-1.651388889000000137e+00,4.383625629670000023e+01,1.000000000000000000e+00,4.458664439250167692e-03,5.679876862271748905e+02,1.491336760251026128e+00,3.257412585136327393e-02
2.269336205058069922e+01,8.668344024086840705e+01,6.594234310000000221e+01,1.764527304000000019e+00,6.405833332999999641e+01,-4.253240740999999936e+00,6.545208865669999909e+01,1.000000000000000000e+00,1.934088313568629435e-03,3.287869091893903715e+02,1.571572137531349167e+00,1.444426779083072265e-01
2.101367291321709985e+01,3.482261442980860267e+01,0.000000000000000000e+00,0.000000000000000000e+00,4.595000000000000284e+01,-2.384722221999999725e+00,6.052784550999999880e+01,1.000000000000000000e+00,3.971616373253205115e-03,8.507972317014980490e+02,1.191701401481943146e+00,3.047969168225339587e-02
2.021173284146420102e+01,1.743500511851379997e+01,3.014932100999999989e+02,1.675827185999999926e+02,5.085833333000000067e+01,-3.995370369999999838e+00,2.974181422079999848e+01,1.000000000000000000e+00,4.499762195844964410e-03,4.730491890103701280e+02,1.536526449766676405e+00,2.063040626991000381e-01
1.746539819354950041e+01,9.711585535983740414e+00,0.000000000000000000e+00,0.000000000000000000e+00,8.761666667000000075e+01,2.027314814999999992e+00,3.074809323670000083e+01,1.000000000000000000e+00,4.417560721440082216e-03,4.522278657635135346e+02,1.276128413575490228e+00,6.908096855546322357e-02
2.242650110513509887e+01,3.639428082381299845e+01,1.735958421999999928e+02,6.238691397000000194e+00,7.179166666999999791e+01,-2.493518519000000211e+00,4.407675717669999926e+01,1.000000000000000000e+00,1.531284611953689055e-03,6.795028561248464030e+02,1.548888603744717374e+00,4.325475346705422164e-02
2.173033115163579865e+01,1.484778847023619974e+01,8.303303381000000627e+01,8.153872290000000467e-01,8.160833332999999357e+01,3.098148147999999935e+00,3.882170800920000175e+01,1.000000000000000000e+00,4.846773659474893498e-03,5.757175462415924585e+02,1.206365627398196416e+00,1.371235217465543998e-01
2.456580492147239880e+01,9.121714446205150040e+00,3.923204551999999978e+01,6.905997083999999404e+02,3.085833333000000067e+01,2.995370369999999838e+00,2.692174160579999764e+01,1.000000000000000000e+00,2.356144795910630058e-03,3.362914550797347033e+02,1.201342978217951663e+00,1.605309213677735131e-02
2.046567508537210145e+01,6.472324042562820345e+00,2.259267873999999949e+02,4.841709445000000187e+02,4.610000000000000142e+01,3.947222221999999725e+00,3.447725575829999656e+01,1.000000000000000000e+00,1.400856977980812889e-03,3.524017696641705015e+02,1.183812872622075574e+00,1.112106594822980660e-01
2.244726213462530140e+01,4.697649056834140247e+00,2.744201707999999940e+01,3.533253389999999605e-01,9.825833332999999925e+01,1.240046296000000048e+01,2.086673541669999921e+01,1.000000000000000000e+00,2.705006595503500061e-03,7.140982873441400898e+02,1.670230399877266070e+00,1.277722409037496121e-01
2.138453868260110013e+01,3.000632647482520099e+01,0.000000000000000000e+00,0.000000000000000000e+00,7.946666666999999507e+01,-3.412037039999999966e-01,3.871712226919999722e+01,1.000000000000000000e+00,4.492966646989987774e-03,2.257068428716428343e+02,1.676657572365880089e+00,1.798881475046612555e-02
1.818089222693309992e+01,2.037657171150679858e+01,2.066952601000000129e+02,1.499644164999999987e+02,6.750833332999999925e+01,-3.842129630000000073e+00,4.352367037079999790e+01,1.000000000000000000e+00,2.121159456615248282e-03,8.456987504729480634e+02,1.245379072100847084e+00,1.938132478160974892e-01
2.366999652360259887e+01,4.932163366823339778e+00,0.000000000000000000e+00,0.000000000000000000e+00,6.713333332999999925e+01,1.876249999999999929e+01,2.286571990750000083e+01,0.000000000000000000e+00,4.436088283893290310e-03,4.891355560089410233e+02,1.430242802164781502e+00,1.721830646805749265e-01
2.250413301545270173e+01,0.000000000000000000e+00,1.425295858000000067e+02,4.187119805999999755e+01,6.997499999999999432e+01,1.792592592999999823e+01,2.166643818500000052e+01,0.000000000000000000e+00,1.896481863329364803e-03,6.530254081359403244e+02,1.596078144324084125e+00,1.101935872527511490e-01
2.133877177554619919e+01,9.594482680149990728e+00,0.000000000000000000e+00,0.000000000000000000e+00,6.657500000000000284e+01,-4.761111110999999951e+00,2.602780517080000067e+01,1.000000000000000000e+00,4.047036061234993154e-03,6.123538360916219290e+02,1.446562592415741921e+00,1.264505687341711537e-01
1.930379448371740025e+01,6.224065569837449630e+00,1.848307531999999753e+02,1.729473743000000070e+02,7.361666667000000075e+01,9.152777777999999032e+00,3.168791174920000131e+01,1.000000000000000000e+00,3.744688766127054948e-03,5.806793323229542239e+02,1.400921272516025162e+00,2.218030212695564218e-01
2.068948621051999837e+01,2.968849805279090148e+01,0.000000000000000000e+00,0.000000000000000000e+00,8.285833332999999357e+01,-3.999537037000000073e+00,3.675767000999999823e+01,1.000000000000000000e+00,1.134505924263686915e-03,2.476334184606370741e+02,1.614110242168923959e+00,1.763488423387737369e-01
2.244963816943949908e+01,3.011237988071150085e+01,3.175736708000000021e+02,8.873422368999999321e+01,5.641666666999999791e+01,-4.041666670000000350e-01,4.176920976830000143e+01,1.000000000000000000e+00,2.432982096704852659e-03,4.790099240320593594e+02,1.556650084679933155e+00,1.523263590679505841e-01
2.184129805183469841e+01,1.726276139835389856e+01,0.000000000000000000e+00,0.000000000000000000e+00,6.271666667000000217e+01,6.322685186000000179e+00,3.317869167079999926e+01,1.000000000000000000e+00,2.824167797987782447e-03,4.058758884458640637e+02,1.597002058028601956e+00,2.639053073326949606e-01
2.020865415358110084e+01,3.439156483370370276e-01,8.549068220000000906e+01,5.812059087999999747e+02,2.595833332999999854e+01,8.696759259000000242e+00,2.051658055500000089e+01,1.000000000000000000e+00,4.255687009393358672e-03,5.493702702334533114e+02,1.428035967299972286e+00,2.061150746709764781e-01
2.191308167738920076e+01,9.271239394953029844e+00,0.000000000000000000e+00,0.000000000000000000e+00,7.741666666999999791e+01,2.076851851999999887e+00,3.201893259250000057e+01,1.000000000000000000e+00,4.179868108572955092e-03,6.351317699966004966e+02,1.257874797332286132e+00,9.049919346397035380e-02
1.987207770253110084e+01,2.360565570377000100e+00,1.279480533000000122e+02,8.573297805999999355e+02,2.684166666999999862e+01,5.481018519000000033e+00,2.046273637420000213e+01,1.000000000000000000e+00,4.350835913381718295e-03,5.021992457399105092e+02,1.575963639531437366e+00,1.834330275545796585e-01
2.042238187400619864e+01,1.619860256586479963e+01,0.000000000000000000e+00,0.000000000000000000e+00,5.778333332999999783e+01,1.907407410000000192e-01,3.282405578750000075e+01,1.000000000000000000e+00,1.647109245553838881e-03,7.265286215594138639e+02,1.394775325686451906e+00,2.118058582314687188e-01
2.130370716257160169e+01,5.465774187954109742e+00,2.209223289999999906e+02,8.370128214000000355e+01,8.600833332999999925e+01,1.408981482000000085e+01,3.199742076000000068e+01,5.833333333000000342e-01,3.861107608776899458e-03,9.876370413635643217e+02,1.161377277564017652e+00,2.604164703510176149e-01
1.637199271305609827e+01,5.361872468860690333e+01,0.000000000000000000e+00,0.000000000000000000e+00,6.216666666999999791e+01,-5.910648147999999935e+00,3.572484257920000061e+01,1.000000000000000000e+00,2.904950149537445687e-03,3.459000597639321768e+02,1.591683661259200466e+00,1.804895251542102119e-01
2.312022265831399892e+01,0.000000000000000000e+00,1.145543285000000022e+00,5.712386422000000685e+00,7.206666667000000359e+01,1.658796295999999870e+01,2.398533305670000004e+01,0.000000000000000000e+00,2.636769704523195170e-03,4.167017811658172377e+02,1.622662233252380570e+00,1.692828453994610627e-01
2.255614779994549934e+01,5.754436789434590338e+01,0.000000000000000000e+00,0.000000000000000000e+00,6.623333332999999357e+01,-9.525462962999998950e+00,6.432570564830000137e+01,1.000000000000000000e+00,3.832248425692501119e-03,2.337631545723137663e+02,1.424877227953950332e+00,2.629081939068249052e-01
2.088562032119889977e+01,1.295557659629839975e+01,4.661091236000000038e+01,7.006527493000000106e+01,9.679999999999999716e+01,9.943055553999998963e+00,3.277606505749999855e+01,1.000000000000000000e+00,3.798540430933049217e-03,9.329271578197684676e+02,1.251855506955083186e+00,1.852382751398718441e-01
1.874671767741899941e+01,1.207882823408630024e+01,0.000000000000000000e+00,0.000000000000000000e+00,9.379166666999999791e+01,1.874074074000000145e+00,3.040469793079999761e+01,1.000000000000000000e+00,4.766283376614981020e-03,4.282799162420939183e+02,1.413971493381880995e+00,3.398113576125512403e-02
2.102208184790779910e+01,0.000000000000000000e+00,1.936321863999999948e+02,6.955032202000001007e+02,5.085000000000000142e+01,1.450462963000000016e+01,2.356135253749999947e+01,0.000000000000000000e+00,3.251874688195390949e-03,2.703133223301571775e+02,1.240540744171462206e+00,2.734397136972643305e-01
2.296555361123380123e+01,0.000000000000000000e+00,1.200782425000000018e+02,8.154904659000000038e+02,5.451666666999999933e+01,1.622685184999999919e+01,2.365642453670000123e+01,0.000000000000000000e+00,4.442522397879882651e-03,5.455246244365416715e+02,1.462927672596145090e+00,1.234595199655654091e-01
1.899151153429789929e+01,4.767857739083520130e+01,1.664234254999999862e+01,1.237933704000000024e+00,4.735000000000000142e+01,2.917592593000000178e+00,5.769103310250000050e+01,1.000000000000000000e+00,4.284385317355886291e-03,6.183462766457651014e+02,1.313602311034923531e+00,2.960985808933047636e-01
2.041066595412259943e+01,2.281302113735949888e+01,0.000000000000000000e+00,0.000000000000000000e+00,7.915833333000000493e+01,1.039351852000000020e+00,3.817358243500000015e+01,1.000000000000000000e+00,4.643265026636788848e-03,2.207306639311987908e+02,1.642793179418043259e+00,2.483405274268948026e-01
2.244598188211960021e+01,2.999511915629519976e+01,0.000000000000000000e+00,0.000000000000000000e+00,4.885833333000000067e+01,-2.624537037000000073e+00,3.812426726750000228e+01,1.000000000000000000e+00,1.518756680930412979e-03,9.861496451231035962e+02,1.648470147888595694e+00,1.726372644375614440e-01
2.255132277037300170e+01,0.000000000000000000e+00,0.000000000000000000e+00,0.000000000000000000e+00,5.964999999999999858e+01,1.420972221999999974e+01,2.400319868920000133e+01,0.000000000000000000e+00,1.610287810713308294e-03,5.072074908894314831e+02,1.387033217170336119e+00,2.031784460183815866e-01
1.786939022242980002e+01,2.079353633695910020e+01,0.000000000000000000e+00,0.000000000000000000e+00,7.552500000000000568e+01,-4.265277777999999742e+00,3.464298863500000181e+01,1.000000000000000000e+00,4.192541607993731032e-03,5.575855349147209381e+02,1.168772045008633409e+00,1.227486786180246175e-01
1.804464995147679929e+01,2.780769073896169985e+01,2.088071422999999882e+01,1.591946979999999956e-01,9.859166666999999507e+01,3.084722221999999903e+00,4.082817411999999990e+01,1.000000000000000000e+00,4.214837492535227804e-03,2.618001681921099362e+02,1.554546011873910061e+00,2.529041842848324118e-01
2.066237174964789958e+01,5.679395847750959625e+00,9.567705675999999926e+01,9.017307190000000139e-01,8.314166667000000643e+01,5.823148147999999580e+00,2.130249465580000034e+01,1.000000000000000000e+00,2.410868984183883734e-03,4.688278277131037157e+02,1.335639081427556052e+00,1.021902036341341830e-01
1.843257648706940088e+01,5.479006681470890072e+01,1.903660176999999898e+00,6.124185000000000878e-01,9.804166666999999791e+01,2.325000000000000178e+00,3.096899185079999839e+01,1.000000000000000000e+00,1.934088313568629435e-03,3.287869091893903715e+02,1.571572137531349167e+00,1.444426779083072265e-01
2.129909162448240068e+01,8.365004751265919580e+00,0.000000000000000000e+00,0.000000000000000000e+00,8.499166667000000075e+01,1.113055555999999946e+01,3.042047677329999900e+01,1.000000000000000000e+00,3.408130994495622672e-03,8.569322525443425320e+02,1.332211347827509940e+00,2.572587927010658859e-01
2.303524686371819996e+01,5.715163747173239983e+01,1.207876902000000001e+02,2.440893344999999925e+01,6.757500000000000284e+01,-8.130092592000000451e+00,6.553308319500000323e+01,1.000000000000000000e+00,3.471523460772572671e-03,4.575430251066195524e+02,1.410954524508872820e+00,5.347503773207338412e-02
2.169738906889740093e+01,3.741925417167899948e+00,0.000000000000000000e+00,0.000000000000000000e+00,3.912500000000000000e+01,5.998148147999999402e+00,1.907736133330000072e+01,1.000000000000000000e+00,4.886339631806308620e-03,2.223249921240226854e+02,1.519964972502881206e+00,1.590744268634946834e-01
1.693896163061030080e+01,2.167506506500469854e+01,0.000000000000000000e+00,0.000000000000000000e+00,7.069166667000000359e+01,-1.203981480999999931e+01,4.906929282419999794e+01,1.000000000000000000e+00,3.331507870304522938e-03,6.627499920942633480e+02,1.228839712023203301e+00,2.908263113359556562e-01
2.132898874944670098e+01,1.740247108196080106e+01,0.000000000000000000e+00,0.000000000000000000e+00,5.283333333000000209e+01,-2.906018518999999856e+00,2.975043048579999905e+01,1.000000000000000000e+00,1.658029236137629949e-03,3.671868875213640422e+02,1.488353596742550300e+00,1.141890228826274861e-02
2.089130457443630107e+01,0.000000000000000000e+00,0.000000000000000000e+00,0.000000000000000000e+00,9.218333332999999641e+01,1.356990741000000078e+01,2.245476296249999848e+01,0.000000000000000000e+00,2.636769704523195170e-03,4.167017811658172377e+02,1.622662233252380570e+00,1.692828453994610627e-01
1.900489144807459851e+01,7.306548845580640261e+01,5.582174827000000050e+01,2.812150175000000019e+01,7.896666666999999507e+01,-3.869444445000000066e+00,6.084111786919999787e+01,1.000000000000000000e+00,2.710317998212594028e-03,5.420392821917571382e+02,1.609045265410323777e+00,2.971046738876080839e-01
1.829568375446989847e+01,2.532197254484119853e+01,2.015894601000000108e+01,1.061005737999999976e+00,9.928333333000000493e+01,1.218194444000000054e+01,4.538387036999999680e+01,1.000000000000000000e+00,1.130583448430549963e-03,5.222167856402792268e+02,1.139732713516237839e+00,2.386670687681820280e-01
2.115941713107870115e+01,1.184282785513179892e+00,0.000000000000000000e+00,0.000000000000000000e+00,3.080833332999999996e+01,6.775000000000000355e+00,2.052071252420000036e+01,1.000000000000000000e+00,2.946796818200620328e-03,4.694223882614934382e+02,1.210734056028324845e+00,2.399946392077434709e-01
2.156006683983940064e+01,0.000000000000000000e+00,1.417805361000000062e+02,5.237395047999999775e+01,8.915833333000000493e+01,1.517870369999999802e+01,2.534704288000000005e+01,0.000000000000000000e+00,2.079797831601540650e-03,2.396990434701755248e+02,1.160905987431990249e+00,5.653263469274560915e-02
1.996196518605270143e+01,2.844949465920240073e+01,9.355392232999999891e+00,1.513601283000000031e+01,6.039166666999999933e+01,7.097222222000000080e+00,3.642959390250000240e+01,1.000000000000000000e+00,1.638410448303543026e-03,3.600932384042500871e+02,1.706002153086286999e+00,2.583439723781976727e-01
1.856351608066610126e+01,1.772449308455729877e+01,1.035724783000000002e+02,7.938713892999999189e+00,7.375833332999999925e+01,8.160185184999999564e+00,3.251158881919999999e+01,1.000000000000000000e+00,3.842912964318862586e-03,7.189611989058296331e+02,1.512900057398981701e+00,2.870268238371321279e-01
2.179526687513140004e+01,1.534200587826360085e+01,0.000000000000000000e+00,0.000000000000000000e+00,6.896666666999999507e+01,1.657407409999999970e-01,3.341364468670000321e+01,1.000000000000000000e+00,3.842912964318862586e-03,7.189611989058296331e+02,1.512900057398981701e+00,2.870268238371321279e-01
1.696055620939320008e+01,2.111522295104530045e+01,0.000000000000000000e+00,0.000000000000000000e+00,7.230833332999999641e+01,-1.174629630000000091e+01,4.716175287000000083e+01,1.000000000000000000e+00,2.946796818200620328e-03,4.694223882614934382e+02,1.210734056028324845e+00,2.399946392077434709e-01
1.783073332892179863e+01,2.143395228077620018e+01,7.395991886999999565e+01,1.124657250000000025e-01,9.422499999999999432e+01,5.851851852000000243e+00,2.985037889920000254e+01,1.000000000000000000e+00,2.824167797987782447e-03,4.058758884458640637e+02,1.597002058028601956e+00,2.639053073326949606e-01
2.156783950762550006e+01,1.058381244337410010e+01,0.000000000000000000e+00,0.000000000000000000e+00,8.404999999999999716e+01,-2.243981481000000056e+00,3.488435630920000108e+01,1.000000000000000000e+00,4.984773294855060141e-03,3.184305630821503996e+02,1.280766098000922337e+00,7.332814202524759462e-02
1.919994619622929832e+01,1.327006514218479971e+01,0.000000000000000000e+00,0.000000000000000000e+00,9.651666667000000643e+01,8.621296296000000581e+00,3.068442250500000057e+01,1.000000000000000000e+00,1.358731560304630125e-03,2.728069458114778172e+02,1.361486458868025329e+00,2.458181973462481018e-01
2.150283780331859873e+01,3.192449078656709904e+00,0.000000000000000000e+00,0.000000000000000000e+00,9.348333332999999357e+01,6.939351852000000598e+00,2.156221687580000079e+01,1.000000000000000000e+00,3.502091702430740021e-03,4.920747048114934046e+02,1.711132012133297131e+00,1.291657029429929271e-01
2.052177047116959940e+01,2.951211778052349910e+00,0.000000000000000000e+00,0.000000000000000000e+00,9.726666667000000643e+01,1.062175925999999926e+01,2.080065969999999709e+01,1.000000000000000000e+00,2.501662177015833398e-03,8.006601191546427572e+02,1.520604282697370913e+00,1.495353297773675538e-01
2.109087822839889981e+01,1.263696540898859944e+01,0.000000000000000000e+00,0.000000000000000000e+00,9.261666667000000075e+01,1.016944443999999947e+01,3.355971294919999792e+01,1.000000000000000000e+00,1.249282613096864723e-03,6.694927664608771920e+02,1.171725518057593618e+00,2.267932498775534697e-02
2.167462929260749860e+01,7.876883999667570357e+00,0.000000000000000000e+00,0.000000000000000000e+00,9.326666667000000643e+01,1.222222222000000080e+00,1.923892942920000237e+01,1.000000000000000000e+00,1.877059016574952064e-03,9.061730711556226652e+02,1.700088246924905011e+00,2.376169486045298096e-01
2.016884550128409970e+01,1.353456266634290017e+01,0.000000000000000000e+00,0.000000000000000000e+00,8.634999999999999432e+01,3.653703703999999775e+00,3.563238423669999833e+01,1.000000000000000000e+00,4.078316321891510207e-03,7.670330395394494190e+02,1.341712760883644107e+00,2.804956853868963984e-01
2.381062632018250014e+01,0.000000000000000000e+00,1.858462916000000007e+02,3.840969271999999819e+02,8.141666666999999791e+01,1.728518518999999998e+01,2.362615251000000072e+01,0.000000000000000000e+00,4.886339631806308620e-03,2.223249921240226854e+02,1.519964972502881206e+00,1.590744268634946834e-01
2.211706685709980036e+01,1.660523763208779968e+01,0.000000000000000000e+00,0.000000000000000000e+00,7.006666667000000359e+01,-1.398148150000000089e-01,3.478543402750000268e+01,1.000000000000000000e+00,4.508174271331323937e-03,7.616674917510877094e+02,1.538742079863876011e+00,2.551262410277266302e-01
2.069549056133690002e+01,8.385498011235370086e+00,0.000000000000000000e+00,0.000000000000000000e+00,6.260833333000000067e+01,-4.428240741000000646e+00,2.327035110579999966e+01,1.000000000000000000e+00,3.770362077985237384e-03,7.553852246785493207e+02,1.279555010495379008e+00,2.074932600841311037e-01
1.916779250303790150e+01,6.929270765690779932e+00,2.417595195000000086e+00,6.942421170000000474e-01,7.765000000000000568e+01,9.584722221999999903e+00,2.124630607419999961e+01,1.000000000000000000e+00,1.236237578138504791e-03,2.954380730542202400e+02,1.388848289315375961e+00,1.415438962264566336e-01
2.111183382400280095e+01,1.942243416914670107e+01,0.000000000000000000e+00,0.000000000000000000e+00,8.475000000000000000e+01,3.951851851999999887e+00,3.935593679999999495e+01,1.000000000000000000e+00,2.110068533349270230e-03,9.293581757478563077e+02,1.261240541079304833e+00,1.735372318683275905e-01
2.105049341866299883e+01,8.458566885641160127e+01,2.228795900999999802e+00,2.144761233000000100e+00,8.491666666999999791e+01,-3.253240741000000380e+00,6.249990995329999777e+01,1.000000000000000000e+00,1.367350156576283655e-03,5.237447313752736591e+02,1.526312543065545091e+00,9.350333496781974840e-02
2.396647625425070061e+01,6.571472062992549468e+01,0.000000000000000000e+00,0.000000000000000000e+00,5.768333333000000351e+01,-2.710648148000000202e+00,5.711793481499999814e+01,1.000000000000000000e+00,1.386057098445714038e-03,3.589153223838914641e+02,1.530741305761307292e+00,2.988015018462736316e-02
2.176806998170010132e+01,5.879352752275270433e+00,0.000000000000000000e+00,0.000000000000000000e+00,7.435833332999999357e+01,1.077777777999999920e+01,2.171691464419999917e+01,1.000000000000000000e+00,1.099764225723750492e-03,6.004846862189458534e+02,1.498398530710828513e+00,1.963287994670071257e-01
2.422706565075100116e+01,0.000000000000000000e+00,8.641462919000000298e+00,4.411559784999999678e+00,6.953333333000000493e+01,1.717083333000000067e+01,2.384519196749999992e+01,0.000000000000000000e+00,2.539537790657770289e-03,3.919471020223894584e+02,1.489563152888647490e+00,3.461009146572197048e-02
1.848056430189479826e+01,6.065049333213240246e+00,0.000000000000000000e+00,0.000000000000000000e+00,7.188333332999999925e+01,8.322685184999999208e+00,1.931702953250000121e+01,1.000000000000000000e+00,3.716534154701862502e-03,3.633130147347299044e+02,1.448531062500721722e+00,8.536363965440936508e-02
2.261413066644459846e+01,4.203992034822579882e+00,0.000000000000000000e+00,0.000000000000000000e+00,7.201666667000000643e+01,1.120740741000000007e+01,2.286483453670000188e+01,9.166666666999999658e-01,4.532611918844395293e-03,8.812361718995508681e+02,1.697197119043470703e+00,2.228890966872830448e-01
2.131479956356340111e+01,7.205789769042070247e+00,0.000000000000000000e+00,0.000000000000000000e+00,9.213333332999999925e+01,1.196018517999999986e+01,2.703075100499999905e+01,9.166666666999999658e-01,3.339052708267953740e-03,9.008567570325216138e+02,1.234994493021874584e+00,1.474856686123705019e-01
2.110965041424719857e+01,4.481049261489180147e+00,0.000000000000000000e+00,0.000000000000000000e+00,7.025833332999999925e+01,4.130555556000000017e+00,1.866258597170000044e+01,1.000000000000000000e+00,2.049039644090431492e-03,5.160831528495831435e+02,1.560361348708395157e+00,7.687925119218914916e-02
2.292944070953990021e+01,2.895198923711690142e+01,0.000000000000000000e+00,0.000000000000000000e+00,6.779999999999999716e+01,-1.499537036999999851e+00,3.907404245330000236e+01,1.000000000000000000e+00,2.705006595503500061e-03,7.140982873441400898e+02,1.670230399877266070e+00,1.277722409037496121e-01
2.115607978010930168e+01,0.000000000000000000e+00,6.961176097999999257e+00,1.443381491999999877e+00,8.175000000000000000e+01,7.810185184999999919e+00,2.253618610999999916e+01,0.000000000000000000e+00,1.285948408714646411e-03,3.412170684390189308e+02,1.305755436983333961e+00,1.074231449338944044e-01
2.388477247657700175e+01,3.237124285340750163e+01,6.947524056999999686e+01,1.248855146999999999e+00,9.073333332999999357e+01,3.469907406999999999e+00,4.773485738749999996e+01,1.000000000000000000e+00,4.917973811873119910e-03,7.056881098941396431e+02,1.674276763258577105e+00,1.310999833284062221e-01
2.071903578486979924e+01,1.047794738038609985e+01,0.000000000000000000e+00,0.000000000000000000e+00,9.875833332999999925e+01,7.119907407999999549e+00,3.206600064330000066e+01,1.000000000000000000e+00,4.948164456180495843e-03,4.487645691222950290e+02,1.378969954712128798e+00,2.768557895142632064e-01
2.177537705440740012e+01,0.000000000000000000e+00,0.000000000000000000e+00,0.000000000000000000e+00,6.603333333000000493e+01,1.296250000000000036e+01,2.361394794499999961e+01,0.000000000000000000e+00,1.396587270688910004e-03,6.843598576919166590e+02,1.663562074133464908e+00,2.949814774977632670e-01
2.221703588565350174e+01,0.000000000000000000e+00,2.422070757999999842e+02,4.157813248000000073e+01,5.508333333000000209e+01,9.988425925999999677e+00,2.126858586670000051e+01,0.000000000000000000e+00,4.948164456180495843e-03,4.487645691222950290e+02,1.378969954712128798e+00,2.768557895142632064e-01
1.761767514401190127e+01,4.060804974695680158e+01,2.177303208000000012e+01,5.970943935000000202e+00,8.928333333000000493e+01,-6.787037040000000188e-01,6.591746814830000289e+01,1.000000000000000000e+00,3.278408335180769007e-03,6.497237896590137325e+02,1.182327979673948537e+00,2.858397452049060705e-01
2.035262638440769933e+01,2.152067004817509854e+01,0.000000000000000000e+00,0.000000000000000000e+00,7.063928543999999476e+01,6.180557039999999835e-01,2.956906853670000146e+01,1.000000000000000000e+00,1.855800391780371931e-03,9.926848218766854188e+02,1.592757009228277454e+00,2.126145794434367020e-01
2.117527068677090085e+01,9.284336057527159625e+00,1.284187210999999884e+00,3.968799863999999733e+00,9.749166667000000075e+01,9.072685184999999208e+00,2.914088379500000059e+01,1.000000000000000000e+00,4.255687009393358672e-03,5.493702702334533114e+02,1.428035967299972286e+00,2.061150746709764781e-01
2.163168258686989986e+01,7.584655077329630046e+01,9.331380864000000486e+01,4.123666245999999802e+01,7.655833332999999641e+01,1.305555559999999893e-01,5.985078930579999934e+01,1.000000000000000000e+00,2.058888128503128315e-03,6.255344928206422992e+02,1.678090893195685052e+00,2.160624888636574481e-01
2.137011916216500040e+01,2.545716687316080140e+01,0.000000000000000000e+00,0.000000000000000000e+00,7.713333332999999925e+01,1.820370370000000015e+00,3.383276809750000069e+01,1.000000000000000000e+00,1.597935879944447799e-03,4.150599889109504375e+02,1.581997051913690999e+00,2.939388239002346803e-01
1.807319975104989851e+01,4.401931255706860213e+01,5.075218499000000349e+01,3.533710056000000321e+01,7.016666666999999791e+01,-5.879629630000000162e+00,5.776109689750000342e+01,1.000000000000000000e+00,3.558977504341923753e-03,2.023414877105826406e+02,1.474307767735408170e+00,1.696649596409801342e-01
1.855548623714949841e+01,1.817676113079710021e+01,0.000000000000000000e+00,0.000000000000000000e+00,5.665833332999999783e+01,-4.273611111000000129e+00,3.214729890830000159e+01,1.000000000000000000e+00,4.643265026636788848e-03,2.207306639311987908e+02,1.642793179418043259e+00,2.483405274268948026e-01
2.202184097369600124e+01,2.449077642094750118e+01,0.000000000000000000e+00,0.000000000000000000e+00,6.239166666999999933e+01,-1.026944444999999995e+01,4.239021323170000244e+01,1.000000000000000000e+00,3.667660470385333219e-03,8.326443634527042832e+02,1.344981033874490750e+00,9.487620908632071748e-02
2.130403860985099840e+01,0.000000000000000000e+00,0.000000000000000000e+00,0.000000000000000000e+00,8.879999999999999716e+01,1.529861110999999951e+01,2.248507016579999984e+01,0.000000000000000000e+00,2.920896325255330564e-03,7.790140281459426888e+02,1.242185071633659543e+00,8.236308246755484619e-02
2.149581692857089976e+01,0.000000000000000000e+00,4.727351248999999811e+00,1.933353480999999929e+00,9.862500000000000000e+01,1.124166667000000075e+01,3.166246994999999842e+01,3.333333332999999787e-01,4.917973811873119910e-03,7.056881098941396431e+02,1.674276763258577105e+00,1.310999833284062221e-01
2.247378775857090005e+01,4.526231615668459796e+01,6.903467967999999644e+01,2.962912201000000412e+00,7.682500000000000284e+01,1.651388889000000137e+00,5.195154930420000028e+01,1.000000000000000000e+00,2.653523422612122026e-03,8.309883606011621850e+02,1.518179156410710107e+00,2.645838340721909376e-01
2.072982307586660156e+01,3.322178439798290128e+01,0.000000000000000000e+00,0.000000000000000000e+00,7.840000000000000568e+01,-8.888888899999999871e-02,3.833788023079999618e+01,1.000000000000000000e+00,3.011370173799968533e-03,3.828021908253442689e+02,1.563343703657126715e+00,8.971546212490258410e-02
2.413777852303019955e+01,2.341377864380989848e+01,7.143956805999999915e+01,8.033023666999999932e+02,5.254999999999999716e+01,4.426388889000000049e+00,3.479398417000000165e+01,1.000000000000000000e+00,2.933727912045257149e-03,8.926964500371477698e+02,1.507205344966259464e+00,1.927231982856264514e-02
2.254574571785769876e+01,1.575810036838050010e+01,0.000000000000000000e+00,0.000000000000000000e+00,6.143333333000000351e+01,-4.674537036999999451e+00,3.666641226830000022e+01,1.000000000000000000e+00,4.766283376614981020e-03,4.282799162420939183e+02,1.413971493381880995e+00,3.398113576125512403e-02
2.234379782076539911e+01,3.009424060813579871e+01,7.197855282999999105e+00,7.846856729999999169e-01,7.278333333000000493e+01,3.277777777999999920e+00,5.247868657330000275e+01,1.000000000000000000e+00,4.896822471752274725e-03,6.405995570414484064e+02,1.272296484362102964e+00,1.156027737857268228e-01
2.247848674109799916e+01,9.610696421889189267e+00,0.000000000000000000e+00,0.000000000000000000e+00,8.929999999999999716e+01,-2.331018519000000122e+00,3.336775805669999784e+01,1.000000000000000000e+00,4.987544963271781789e-03,8.956642326276308950e+02,1.320802381837748563e+00,3.741201360674767384e-02
2.172311915245850145e+01,0.000000000000000000e+00,0.000000000000000000e+00,0.000000000000000000e+00,8.819166667000000359e+01,1.323240741000000043e+01,2.350693495920000231e+01,0.000000000000000000e+00,2.238815848604944897e-03,4.605380961211698718e+02,1.263518456187133321e+00,7.218279549411571461e-02
2.355110852224549944e+01,0.000000000000000000e+00,1.308742273999999952e+02,7.161678262999998879e+02,5.789166666999999933e+01,1.963101852000000136e+01,2.312182266670000175e+01,0.000000000000000000e+00,1.518756680930412979e-03,9.861496451231035962e+02,1.648470147888595694e+00,1.726372644375614440e-01
2.077724563248689904e+01,0.000000000000000000e+00,0.000000000000000000e+00,0.000000000000000000e+00,8.861666667000000075e+01,1.572175926000000068e+01,2.257491778329999832e+01,0.000000000000000000e+00,1.099764225723750492e-03,6.004846862189458534e+02,1.498398530710828513e+00,1.963287994670071257e-01
2.227431013360169842e+01,2.092480157166519916e+01,2.085037619000000007e+02,6.182384454999999690e+01,6.981666667000000359e+01,1.333333329999999983e-01,4.266966884170000185e+01,1.000000000000000000e+00,3.374563841939703414e-03,9.792352203435417550e+02,1.284956331175008293e+00,2.907425924765485309e-02
2.144794182428280038e+01,2.014942604303429974e+01,1.129721290000000096e+02,6.806567069999999831e+02,5.976666666999999933e+01,-2.734722221999999814e+00,3.760325631330000107e+01,1.000000000000000000e+00,1.212747199391999136e-03,9.996001791745724177e+02,1.391710593337670554e+00,4.213735519597670842e-02
1.974768887970610010e+01,2.068600014949759824e+01,0.000000000000000000e+00,0.000000000000000000e+00,6.619166667000000359e+01,-2.727314815000000170e+00,3.258116135670000091e+01,1.000000000000000000e+00,2.687835991545544853e-03,3.931710419040971374e+02,1.405494979021656432e+00,1.052209244538257205e-01
2.054117981526960079e+01,1.466231628983820023e+01,0.000000000000000000e+00,0.000000000000000000e+00,5.903333332999999783e+01,-4.569907406999999644e+00,3.314171467579999586e+01,1.000000000000000000e+00,4.389305166543653464e-03,4.967797970007531490e+02,1.357419951208637121e+00,8.894318750939890494e-02
1.933903528405929961e+01,1.741400415877890140e+01,0.000000000000000000e+00,0.000000000000000000e+00,5.950833332999999925e+01,-6.179166667000000501e+00,3.369507897249999928e+01,1.000000000000000000e+00,2.025161363499594289e-03,6.872019483038718590e+02,1.166248429674733078e+00,9.589893604747196099e-02
2.133215922727730174e+01,7.840509837389240033e+01,0.000000000000000000e+00,0.000000000000000000e+00,8.320833333000000209e+01,-1.163101851999999958e+01,6.145567249999999859e+01,1.000000000000000000e+00,3.620740736492312345e-03,4.823562847477201103e+02,1.672821708166366328e+00,1.395818971126371044e-01
2.141220415163720148e+01,1.126869182723789997e+01,0.000000000000000000e+00,0.000000000000000000e+00,7.904999999999999716e+01,1.014722221999999974e+01,2.770335258169999904e+01,1.000000000000000000e+00,1.647109245553838881e-03,7.265286215594138639e+02,1.394775325686451906e+00,2.118058582314687188e-01
2.321396657297579935e+01,7.549997509851479549e+01,4.768808389999999520e+01,2.304119596999999686e+00,7.931666667000000359e+01,-1.775925925999999988e+00,6.627928634250000073e+01,1.000000000000000000e+00,2.993458210199238280e-03,4.255960473909749453e+02,1.634517328801702973e+00,2.416941769666658413e-01
2.348478835251329855e+01,1.160979101284749904e+00,0.000000000000000000e+00,0.000000000000000000e+00,3.080833332999999996e+01,6.775000000000000355e+00,2.052071252420000036e+01,1.000000000000000000e+00,4.417560721440082216e-03,4.522278657635135346e+02,1.276128413575490228e+00,6.908096855546322357e-02
2.120160165722129975e+01,5.076459660565509902e-01,7.643943822999999327e+01,8.563818940000000168e+01,6.161666667000000075e+01,1.335972222000000009e+01,2.257450320829999768e+01,1.000000000000000000e+00,2.615663267023798748e-03,9.039064238561555840e+02,1.516247440060730423e+00,2.749208736563168998e-01
2.291082976197149890e+01,1.695941781997940012e+01,0.000000000000000000e+00,0.000000000000000000e+00,6.264166666999999933e+01,-3.898148149999999812e-01,3.268285436000000033e+01,1.000000000000000000e+00,2.341247769665821387e-03,6.305814556023376554e+02,1.583038224660973547e+00,4.508093640978984296e-02
1.890819276464770127e+01,2.000719754811699858e+01,0.000000000000000000e+00,0.000000000000000000e+00,6.650833332999999925e+01,5.180555559999999726e-01,4.883094060250000013e+01,1.000000000000000000e+00,3.251874688195390949e-03,2.703133223301571775e+02,1.240540744171462206e+00,2.734397136972643305e-01
1.806311073050219917e+01,3.093342351477409835e+01,1.161104212000000047e+02,3.797063861999999972e+02,4.895000000000000284e+01,-1.066666667000000013e+00,2.720546178580000074e+01,1.000000000000000000e+00,4.626627773952131026e-03,6.430342098359487863e+02,1.494749238332789165e+00,2.794851206178539105e-01
1.812939488850290104e+01,1.861966932777669825e+01,0.000000000000000000e+00,0.000000000000000000e+00,4.714999999999999858e+01,5.107870369999999660e+00,2.806073195829999989e+01,1.000000000000000000e+00,1.269541520864374533e-03,3.159445062085518430e+02,1.504247683342905484e+00,2.595464945044714256e-01
2.114695856574279986e+01,1.288524808254769916e+01,0.000000000000000000e+00,0.000000000000000000e+00,8.209999999999999432e+01,9.590740740999999403e+00,3.109321273579999811e+01,1.000000000000000000e+00,1.567973499795929319e-03,7.925069141062398330e+02,1.436185018555170334e+00,2.407490452948076454e-01
1.870335265679879910e+01,1.644960582466360011e+00,0.000000000000000000e+00,0.000000000000000000e+00,7.415833333000000493e+01,1.072268518999999998e+01,2.132224886999999924e+01,1.000000000000000000e+00,3.758873547076145918e-03,9.369524060286159965e+02,1.126425879058989166e+00,1.977695776181008502e-01
2.080455064769509832e+01,7.191280416519160390e+00,0.000000000000000000e+00,0.000000000000000000e+00,9.213333332999999925e+01,1.196018517999999986e+01,2.703075100499999905e+01,9.166666666999999658e-01,3.082266453469266650e-03,6.141532691958677788e+02,1.215296646601334851e+00,2.254511915498965124e-01
2.268453997567669944e+01,0.000000000000000000e+00,0.000000000000000000e+00,0.000000000000000000e+00,5.163333332999999925e+01,9.883333333999999581e+00,2.315176064829999802e+01,0.000000000000000000e+00,2.501662177015833398e-03,8.006601191546427572e+02,1.520604282697370913e+00,1.495353297773675538e-01
2.210326295987659861e+01,1.195263433300920042e+01,2.220561177000000086e+01,8.118917890000000526e+00,8.367499999999999716e+01,4.631944444000000161e+00,3.640247858250000235e+01,1.000000000000000000e+00,4.846773659474893498e-03,5.757175462415924585e+02,1.206365627398196416e+00,1.371235217465543998e-01
2.120440070768309937e+01,7.586164868118919991e+00,0.000000000000000000e+00,0.000000000000000000e+00,9.651666667000000643e+01,8.621296296000000581e+00,3.068442250500000057e+01,1.000000000000000000e+00,4.987544963271781789e-03,8.956642326276308950e+02,1.320802381837748563e+00,3.741201360674767384e-02
1.919317568917319861e+01,6.187978474985239785e+01,1.883650441999999714e+02,2.575504271000000145e+01,8.259999999999999432e+01,-7.037037037000000161e+00,6.016101601919999808e+01,1.000000000000000000e+00,2.653523422612122026e-03,8.309883606011621850e+02,1.518179156410710107e+00,2.645838340721909376e-01
2.131076666386620033e+01,5.865671684564070176e+00,0.000000000000000000e+00,0.000000000000000000e+00,8.234999999999999432e+01,1.034907407000000035e+01,2.910054143079999989e+01,1.000000000000000000e+00,3.251874688195390949e-03,2.703133223301571775e+02,1.240540744171462206e+00,2.734397136972643305e-01
2.357445373152189916e+01,0.000000000000000000e+00,0.000000000000000000e+00,0.000000000000000000e+00,4.820833333000000209e+01,1.141666666999999968e+01,2.267147310670000238e+01,0.000000000000000000e+00,4.442522397879882651e-03,5.455246244365416715e+02,1.462927672596145090e+00,1.234595199655654091e-01
2.160279494898420083e+01,3.146476380995790123e+01,9.048886152999999410e+01,1.202006951999999984e+01,9.334999999999999432e+01,-8.037037040000000188e-01,5.348370050670000353e+01,1.000000000000000000e+00,3.647457823293083663e-03,9.519595979417092622e+02,1.213744289336847304e+00,1.632318473286504812e-01
2.298699305106359958e+01,1.885557845963500156e+01,1.983963350000000219e+02,2.465657988999999972e+01,6.335000000000000142e+01,1.358333333000000032e+00,3.753767611579999652e+01,1.000000000000000000e+00,3.259078445003904707e-03,7.493363935110916145e+02,1.368361967920939115e+00,1.011526894768523394e-01
2.257562650092119938e+01,3.888700264048759792e+00,1.379088065999999912e+01,3.332808349999999975e-01,9.242499999999999716e+01,1.068425925999999926e+01,2.382476082330000011e+01,4.166666667000000213e-01,2.094312348833432275e-03,2.499298398502469638e+02,1.360453450963232891e+00,1.123556629470736784e-01
2.235338955429340047e+01,0.000000000000000000e+00,0.000000000000000000e+00,0.000000000000000000e+00,8.526666667000000643e+01,1.408194443999999912e+01,2.425920509330000030e+01,0.000000000000000000e+00,1.781464319824298953e-03,5.957030745319588050e+02,1.718418101108737162e+00,2.886271828006232720e-01
1.768098452129909859e+01,3.038047199641779983e+01,0.000000000000000000e+00,0.000000000000000000e+00,5.950833332999999925e+01,-6.179166667000000501e+00,3.369507897249999928e+01,1.000000000000000000e+00,3.784369720418030453e-03,3.353309028878766185e+02,1.630960148247287300e+00,2.364652050375047332e-01
2.244273130987449960e+01,5.142310403067820346e+01,7.629788777999999105e+00,1.180528425999999964e+00,9.088333332999999925e+01,2.984722221999999814e+00,5.287123342670000170e+01,1.000000000000000000e+00,2.501662177015833398e-03,8.006601191546427572e+02,1.520604282697370913e+00,1.495353297773675538e-01
2.346882447418740014e+01,0.000000000000000000e+00,2.035192289000000017e+02,1.834050828000000308e+02,6.849166667000000075e+01,1.812916667000000004e+01,2.577280138829999956e+01,0.000000000000000000e+00,3.810553757276307577e-03,2.668123485865638713e+02,1.576372166016254406e+00,1.431899960426390450e-01
2.396077695325690016e+01,2.451451377959670097e+01,0.000000000000000000e+00,0.000000000000000000e+00,6.395000000000000284e+01,-5.203703699999999710e-01,3.641315223579999838e+01,1.000000000000000000e+00,1.786835012192131925e-03,8.376066367817558103e+02,1.702859735931173679e+00,1.085040907679248323e-01
1.861531464836900085e+01,2.408407601712989887e+01,0.000000000000000000e+00,0.000000000000000000e+00,7.232500000000000284e+01,-1.129351851999999923e+01,4.518944296419999773e+01,1.000000000000000000e+00,1.223378252991581469e-03,6.972621591114652801e+02,1.196511064309087935e+00,1.553925302176786261e-01
2.153328077678130015e+01,2.533469271594330152e+01,7.283905382000000372e+01,7.111055724999999939e+00,5.814166666999999933e+01,3.648148150000000145e-01,4.173396574000000214e+01,1.000000000000000000e+00,1.800005293761173727e-03,8.112365532116259601e+02,1.303995663802224758e+00,6.001776484316913990e-02
1.880305569425910051e+01,3.443179016299429662e+01,0.000000000000000000e+00,0.000000000000000000e+00,6.109333333000000010e+01,-6.181388944000000052e+00,3.438088174579999645e+01,1.000000000000000000e+00,3.576904716191847255e-03,2.118333811090406016e+02,1.682322511000864163e+00,2.004228425735182784e-02
2.288973508853240091e+01,2.856285974224000057e+01,2.057361176000000000e+02,4.031467400999999739e+01,5.624166667000000075e+01,-3.340740741000000291e+00,4.482964106420000405e+01,1.000000000000000000e+00,1.927252619654015774e-03,4.328405843577783685e+02,1.328476855329526307e+00,4.955617313630956977e-02
2.088960624587819837e+01,2.001748576299450022e+01,2.785615808999999672e+02,1.545305050000000051e+02,6.174166667000000075e+01,-1.779166666999999924e+00,4.109307064749999938e+01,1.000000000000000000e+00,2.914521689132143923e-03,5.006911042559101475e+02,1.299483829066165663e+00,1.322080730235835611e-01
2.238825705076169825e+01,2.979445364291049891e+00,2.198369507999999826e+02,4.030891480999999885e+02,5.844166666999999649e+01,1.231759259000000029e+01,2.419321079579999889e+01,1.000000000000000000e+00,4.147111617661717112e-03,3.100262289733286707e+02,1.618141513071331916e+00,1.931012020996539236e-01
2.163638854143729873e+01,1.060983230984099990e+01,0.000000000000000000e+00,0.000000000000000000e+00,8.644166667000000359e+01,8.986574073999999968e+00,2.923655417499999842e+01,1.000000000000000000e+00,3.184932051740273651e-03,5.935259858316915142e+02,1.524131258141881107e+00,9.152301312522151400e-02
2.092857212730540084e+01,2.090182562000649824e+01,0.000000000000000000e+00,0.000000000000000000e+00,9.414166667000000643e+01,3.957870370000000193e+00,3.221221620330000235e+01,1.000000000000000000e+00,1.675439034404855188e-03,2.919202032411939740e+02,1.686611673154965851e+00,3.822028405362299514e-02
2.131570574453009925e+01,1.515622070422189971e+01,0.000000000000000000e+00,0.000000000000000000e+00,8.477500000000000568e+01,-2.829629629999999896e+00,3.834236139749999950e+01,1.000000000000000000e+00,3.374563841939703414e-03,9.792352203435417550e+02,1.284956331175008293e+00,2.907425924765485309e-02
2.022754785078269890e+01,1.374574780797370011e+01,0.000000000000000000e+00,0.000000000000000000e+00,7.771666666999999507e+01,-2.379166666999999791e+00,3.748843759329999870e+01,1.000000000000000000e+00,1.039128261234197525e-03,7.432013651033103088e+02,1.175121497548507365e+00,1.679342577067080844e-01
2.184220332490910010e+01,2.162200118056230025e+01,0.000000000000000000e+00,0.000000000000000000e+00,9.151666667000000643e+01,3.635185185000000097e+00,3.445057615329999834e+01,1.000000000000000000e+00,1.107478208767713902e-03,5.610790790195485442e+02,1.474583545918314531e+00,7.417226594415825269e-02
2.170633634484219954e+01,0.000000000000000000e+00,7.427184670000001177e+01,5.232542017000000101e+00,7.638333332999999925e+01,5.645833332999999676e+00,5.061337939919999940e+01,0.000000000000000000e+00,3.667660470385333219e-03,8.326443634527042832e+02,1.344981033874490750e+00,9.487620908632071748e-02
2.295181262784139875e+01,2.196237560899569985e+01,1.343492835999999784e+02,2.376759136000000083e+01,9.127500000000000568e+01,7.180555555999999839e+00,3.133633654169999971e+01,1.000000000000000000e+00,1.786835012192131925e-03,8.376066367817558103e+02,1.702859735931173679e+00,1.085040907679248323e-01
2.274818038823449839e+01,1.481230347655290025e+01,0.000000000000000000e+00,0.000000000000000000e+00,6.255833333000000351e+01,-4.505555556000000017e+00,3.629478062580000142e+01,1.000000000000000000e+00,4.722158776022705035e-03,3.511754335990665368e+02,1.414608811043623904e+00,1.664724213646371909e-01
2.144604911245469836e+01,2.415877135179869839e+01,0.000000000000000000e+00,0.000000000000000000e+00,9.139166667000000643e+01,2.980555556000000106e+00,3.603891232920000220e+01,1.000000000000000000e+00,1.107478208767713902e-03,5.610790790195485442e+02,1.474583545918314531e+00,7.417226594415825269e-02
2.042360072564369844e+01,1.010109426732219973e+01,1.778166561999999828e+02,4.560993143999999120e+02,5.770000000000000284e+01,4.120370369999999838e+00,2.609859171169999925e+01,1.000000000000000000e+00,4.816335557574463744e-03,3.710624394286463144e+02,1.154711258451081690e+00,1.886896128130552408e-01
2.184963186069110108e+01,2.255746519979420128e+01,4.387961966999999674e+01,3.321112799999999948e-02,4.721666667000000217e+01,4.099074073999999790e+00,3.545858395749999659e+01,1.000000000000000000e+00,3.259078445003904707e-03,7.493363935110916145e+02,1.368361967920939115e+00,1.011526894768523394e-01
2.120703595814719833e+01,1.842564970360929877e+01,0.000000000000000000e+00,0.000000000000000000e+00,7.815000000000000568e+01,-1.019907407999999904e+00,3.715738393080000179e+01,1.000000000000000000e+00,4.210439650348028751e-03,6.988814850328473085e+02,1.456539227761183275e+00,2.850112261708118155e-01
1.622709783027480057e+01,2.671665643234910092e+01,2.810293703000000143e+00,6.937090609000000185e+00,6.283333333000000209e+01,-5.956481482000000049e+00,5.602611402830000031e+01,1.000000000000000000e+00,2.079797831601540650e-03,2.396990434701755248e+02,1.160905987431990249e+00,5.653263469274560915e-02
2.251757551691670045e+01,4.194099689977949907e+00,2.744201707999999940e+01,3.533253389999999605e-01,9.825833332999999925e+01,1.240046296000000048e+01,2.086673541669999921e+01,1.000000000000000000e+00,3.502091702430740021e-03,4.920747048114934046e+02,1.711132012133297131e+00,1.291657029429929271e-01
2.301843035049200026e+01,2.664046497718490158e+01,5.925618243000000263e+01,1.116744705999999976e+00,8.805833332999999641e+01,4.268981482000000049e+00,3.696695134670000016e+01,1.000000000000000000e+00,1.158962013591483334e-03,3.555724271839590642e+02,1.534381991602795425e+00,1.613198226202016139e-01
2.085325886321210120e+01,0.000000000000000000e+00,4.151359650999999928e+01,1.827422189999999835e-01,6.870833333000000209e+01,1.292916667000000075e+01,2.282744446330000088e+01,0.000000000000000000e+00,4.508174271331323937e-03,7.616674917510877094e+02,1.538742079863876011e+00,2.551262410277266302e-01
2.184780207026869903e+01,1.005919319802680079e+01,0.000000000000000000e+00,0.000000000000000000e+00,7.427500000000000568e+01,5.150462962999999839e+00,3.272438797670000099e+01,1.000000000000000000e+00,4.389305166543653464e-03,4.967797970007531490e+02,1.357419951208637121e+00,8.894318750939890494e-02
2.055595257568489842e+01,0.000000000000000000e+00,0.000000000000000000e+00,0.000000000000000000e+00,7.659999999999999432e+01,1.694675926000000032e+01,2.165458766080000075e+01,0.000000000000000000e+00,2.298381235633718215e-03,7.340290173892925623e+02,1.238295198006377440e+00,1.409834943108304872e-01
2.570835312971519926e+01,0.000000000000000000e+00,5.009745111000000151e+01,1.308756832000000081e+01,5.597500000000000142e+01,2.198472221999999832e+01,2.516331083329999885e+01,0.000000000000000000e+00,4.128856512705126811e-03,3.766787590739298821e+02,1.685505483026585871e+00,1.248582286618637877e-01
2.145062384608980111e+01,2.894262188360809951e+00,1.090657379999999819e+02,8.559136993999999277e+02,5.010000000000000142e+01,7.386574073999999435e+00,2.354307081829999859e+01,1.000000000000000000e+00,2.110068533349270230e-03,9.293581757478563077e+02,1.261240541079304833e+00,1.735372318683275905e-01
2.171118268537560070e+01,4.373140074984299730e+01,3.601917218999999726e+00,5.954888432000000620e+00,5.979166666999999791e+01,-2.870370400000000002e-02,5.359324699079999732e+01,1.000000000000000000e+00,4.373315535075909810e-03,2.853609739816519095e+02,1.461813783991471771e+00,2.709913464357697199e-01
2.098352353827920069e+01,4.021579776930489736e+00,1.128802081000000079e+01,1.110309275000000095e+00,9.164166667000000643e+01,1.306620369999999909e+01,2.349422754329999918e+01,1.000000000000000000e+00,4.626627773952131026e-03,6.430342098359487863e+02,1.494749238332789165e+00,2.794851206178539105e-01
2.014072022135080076e+01,1.062571048752199943e+01,0.000000000000000000e+00,0.000000000000000000e+00,6.194166666999999649e+01,2.418518517999999951e+00,2.815927108420000025e+01,1.000000000000000000e+00,2.728238875768560119e-03,3.982661048848825658e+02,1.339252835768103500e+00,3.914501042940056463e-02
2.372652079760149846e+01,5.247925546587460133e+01,8.034808569000000489e+01,4.034965449999999976e+01,7.620833333000000209e+01,2.142592593000000267e+00,6.037998523329999756e+01,1.000000000000000000e+00,3.071312912673590870e-03,3.487785195123365156e+02,1.430580014131207722e+00,1.920795272378720275e-01
2.383961348126459967e+01,5.628766636097769727e+00,1.064754544000000038e+02,8.436474478000000090e+02,5.342499999999999716e+01,6.391666667000000857e+00,2.613745640750000021e+01,1.000000000000000000e+00,2.049039644090431492e-03,5.160831528495831435e+02,1.560361348708395157e+00,7.687925119218914916e-02
2.240861978202250171e+01,7.477305280220549832e+01,1.102192130000000103e-01,6.486436400000000768e-02,9.409166666999999507e+01,3.870833333999999848e+00,5.766954527579999734e+01,1.000000000000000000e+00,1.531284611953689055e-03,6.795028561248464030e+02,1.548888603744717374e+00,4.325475346705422164e-02
2.195703262351199925e+01,1.902752777603869916e+01,0.000000000000000000e+00,0.000000000000000000e+00,8.290000000000000568e+01,2.692129630000000162e+00,3.414691521329999802e+01,1.000000000000000000e+00,4.165921385012424233e-03,6.825900008270232320e+02,1.600883096230164115e+00,9.984445361932824115e-02
2.265675526851110178e+01,1.769800809736430125e+01,0.000000000000000000e+00,0.000000000000000000e+00,8.840000000000000568e+01,2.512037036999999806e+00,3.505293704999999704e+01,1.000000000000000000e+00,3.991221110372896244e-03,6.458206854809893684e+02,1.598395449666914159e+00,7.120130536053095871e-02
2.308173826336649981e+01,1.316436559364769998e+01,0.000000000000000000e+00,0.000000000000000000e+00,8.951666667000000643e+01,4.318518518999999500e+00,3.296693082329999669e+01,1.000000000000000000e+00,4.458664439250167692e-03,5.679876862271748905e+02,1.491336760251026128e+00,3.257412585136327393e-02
2.208077716150949854e+01,8.290747758688809199e+00,8.764126604000000498e+01,2.792976315000000209e+00,9.329999999999999716e+01,1.283287037000000019e+01,2.813543731000000037e+01,5.000000000000000000e-01,3.918437708401811478e-03,7.848282899680697255e+02,1.323596989912111832e+00,8.658620977929618046e-02
2.273820159284559850e+01,2.770162849801760174e+01,1.793338804999999923e+02,3.033094438999999625e+02,6.636249999999999716e+01,-1.509027778000000097e+00,4.558863874920000114e+01,1.000000000000000000e+00,3.667660470385333219e-03,8.326443634527042832e+02,1.344981033874490750e+00,9.487620908632071748e-02
2.316646445070569982e+01,1.011705645472589943e+01,0.000000000000000000e+00,0.000000000000000000e+00,5.775000000000000000e+01,8.586574073999999612e+00,2.771104880669999915e+01,1.000000000000000000e+00,2.165475167158929966e-03,9.708996118820086849e+02,1.661082883544951594e+00,7.820524883309212805e-02
2.039661695054009982e+01,4.531014713613119937e+01,6.971554514999999697e+01,7.401927779000000100e+02,6.444166667000000359e+01,-5.755555556000000017e+00,6.618247013830000469e+01,1.000000000000000000e+00,2.547196972466337327e-03,4.868112133180321734e+02,1.185159301156786693e+00,4.608895748565876999e-02
2.049158437604310024e+01,1.228200621926360014e+01,0.000000000000000000e+00,0.000000000000000000e+00,4.537500000000000000e+01,2.836574073999999612e+00,3.539674861579999998e+01,1.000000000000000000e+00,2.121159456615248282e-03,8.456987504729480634e+02,1.245379072100847084e+00,1.938132478160974892e-01
1.794054510972640060e+01,2.445834441632669964e+01,0.000000000000000000e+00,0.000000000000000000e+00,7.409999999999999432e+01,-1.199490740999999971e+01,4.752134958330000103e+01,1.000000000000000000e+00,4.284385317355886291e-03,6.183462766457651014e+02,1.313602311034923531e+00,2.960985808933047636e-01
1.849848822793099856e+01,3.363209770876869786e+00,0.000000000000000000e+00,0.000000000000000000e+00,7.837500000000000000e+01,3.965740741000000291e+00,2.136253188999999963e+01,1.000000000000000000e+00,3.918437708401811478e-03,7.848282899680697255e+02,1.323596989912111832e+00,8.658620977929618046e-02
1.435533317198679981e+01,1.308381963144210047e+01,0.000000000000000000e+00,0.000000000000000000e+00,8.954999999999999716e+01,1.964351851999999843e+00,3.082628976750000049e+01,1.000000000000000000e+00,1.892446491050586363e-03,3.263146605268157145e+02,1.256526648626056897e+00,2.662624995382661952e-01
2.252873670139990026e+01,1.260697013327700056e+01,1.604486900999999932e+02,2.437640044000000117e+01,8.273333332999999357e+01,5.510648147999999580e+00,3.426171686080000001e+01,1.000000000000000000e+00,3.188138174254407861e-03,3.427344919975010953e+02,1.243272053428337243e+00,8.749931600788835029e-02
2.180224071012310105e+01,1.913117423677590168e+01,0.000000000000000000e+00,0.000000000000000000e+00,8.420000000000000284e+01,2.985185185000000185e+00,3.706948423499999734e+01,1.000000000000000000e+00,2.586134024190871010e-03,5.774057553736722639e+02,1.409440114994397808e+00,6.583102928611803129e-02
2.348882969388609965e+01,0.000000000000000000e+00,0.000000000000000000e+00,0.000000000000000000e+00,9.719166667000000359e+01,1.245324074000000003e+01,2.309236322579999978e+01,0.000000000000000000e+00,1.711351242983328398e-03,9.195228094544969508e+02,1.163701617972258129e+00,3.128587233641166171e-02
2.546684352824999920e+01,3.189023769646239970e+01,0.000000000000000000e+00,0.000000000000000000e+00,5.301666666999999933e+01,-1.672685184999999963e+00,3.912734949000000029e+01,1.000000000000000000e+00,3.576904716191847255e-03,2.118333811090406016e+02,1.682322511000864163e+00,2.004228425735182784e-02
1.966652090168300049e+01,3.050806612525969896e+01,0.000000000000000000e+00,0.000000000000000000e+00,5.777499999999999858e+01,-5.714814815000000436e+00,3.394497448079999913e+01,1.000000000000000000e+00,1.721812408906632594e-03,8.717458500918360187e+02,1.681936977420485313e+00,1.917035191591142662e-01
2.135894225926130119e+01,7.487851964191989396e+01,4.064652287999999913e+01,7.814342900000000036e-02,8.092499999999999716e+01,-3.821296296999999953e+00,6.735499041580000323e+01,1.000000000000000000e+00,4.941631753317464980e-03,7.971769063399715378e+02,1.603901127022791639e+00,1.469931273799283677e-01
2.045771340241719827e+01,1.628594072333179876e-01,1.259650381999999951e+02,8.867883899999999819e-01,5.410000000000000142e+01,1.386898148000000042e+01,2.317113930080000017e+01,8.333333330000000649e-02,1.497062010253701492e-03,4.399208479854462439e+02,1.258857637895262283e+00,2.000126570295154282e-01
2.124107690289210026e+01,2.422203089508180085e+01,4.733761032000000313e+00,9.035971609999999821e-01,7.320833333000000209e+01,1.990740699999999849e-02,4.171382893580000228e+01,1.000000000000000000e+00,1.892446491050586363e-03,3.263146605268157145e+02,1.256526648626056897e+00,2.662624995382661952e-01
2.241659585632070062e+01,4.315088788267869901e+00,1.234831065999999851e+02,8.642621687000000748e+02,4.574166667000000075e+01,1.111527777999999955e+01,2.333710740829999963e+01,1.000000000000000000e+00,3.658760112258528478e-03,7.521081822631390423e+02,1.131462503166986489e+00,9.672905133677735245e-02
2.260475582670170169e+01,1.572600927197079912e+01,8.597748217000000182e+01,3.847596400000000139e-02,9.688333332999999925e+01,1.061296296000000083e+01,4.489073721329999955e+01,1.000000000000000000e+00,1.675439034404855188e-03,2.919202032411939740e+02,1.686611673154965851e+00,3.822028405362299514e-02
2.213079128873749823e+01,0.000000000000000000e+00,0.000000000000000000e+00,0.000000000000000000e+00,7.968333332999999641e+01,1.529259258999999993e+01,2.400671551829999828e+01,0.000000000000000000e+00,4.302602344301006965e-03,2.658072196325966843e+02,1.533936257626385524e+00,1.093685951155822511e-01
2.153316899405020024e+01,8.199612100825889982e+00,0.000000000000000000e+00,0.000000000000000000e+00,5.199166667000000075e+01,-2.494444443999999983e+00,2.415412078749999836e+01,1.000000000000000000e+00,1.585580070708691568e-03,2.411374684103782613e+02,1.493692091513911580e+00,8.135252868450341956e-02
2.093176558572750068e+01,3.150837131372970035e+01,7.161706197000000884e+00,9.380391351000000100e+01,4.309166667000000217e+01,-7.773148149999999923e-01,5.033448939830000057e+01,1.000000000000000000e+00,3.947283022515024782e-03,9.279000243803911872e+02,1.292258997002649235e+00,2.283171975819186794e-01
2.057619630390340149e+01,1.761239083701969932e+01,1.480851456999999982e+02,3.104982916999999887e+01,5.568333333000000351e+01,6.833333329999999872e-01,4.098308625079999956e+01,1.000000000000000000e+00,4.697324657326983760e-03,8.759447396826960812e+02,1.233237229004323199e+00,1.573322319119351276e-01
1.991660197702649882e+01,0.000000000000000000e+00,3.685053837999999971e+00,5.885914859999999971e-01,9.634166666999999507e+01,1.036527777999999955e+01,2.111285740750000173e+01,0.000000000000000000e+00,1.877059016574952064e-03,9.061730711556226652e+02,1.700088246924905011e+00,2.376169486045298096e-01
2.384485563220360049e+01,0.000000000000000000e+00,2.700786258999999632e+02,1.072086618000000016e+02,6.171666667000000217e+01,1.743564814999999868e+01,2.286195138420000106e+01,0.000000000000000000e+00,4.147111617661717112e-03,3.100262289733286707e+02,1.618141513071331916e+00,1.931012020996539236e-01
2.212562199399550167e+01,0.000000000000000000e+00,1.345599379000000040e+00,1.912125827999999927e+01,7.278333333000000493e+01,1.545324074000000003e+01,2.360738036580000099e+01,0.000000000000000000e+00,4.108161119853676393e-03,7.893883443799644510e+02,1.440562030262353854e+00,1.334855991740805659e-01
2.129203184878339883e+01,1.569336196869280009e+01,0.000000000000000000e+00,0.000000000000000000e+00,8.778333333000000493e+01,-2.825000000000000178e+00,3.755812127250000287e+01,1.000000000000000000e+00,4.389305166543653464e-03,4.967797970007531490e+02,1.357419951208637121e+00,8.894318750939890494e-02
2.296783908126090168e+01,2.686310876757239896e+01,1.513792633000000194e+02,1.659585474000000005e+01,6.883333333000000209e+01,2.976851850000000188e-01,4.261294574080000075e+01,1.000000000000000000e+00,3.542008701609071757e-03,5.399388898028706762e+02,1.485956381646307944e+00,1.255803958509618679e-01
2.320373955029640101e+01,2.448485010532889916e+01,0.000000000000000000e+00,0.000000000000000000e+00,9.429999999999999716e+01,4.604166667000000324e+00,3.958413923919999888e+01,1.000000000000000000e+00,4.165921385012424233e-03,6.825900008270232320e+02,1.600883096230164115e+00,9.984445361932824115e-02
2.177881471110200096e+01,1.018429555921870033e+01,1.254072388999999959e+02,5.317300911000000241e+00,8.379166666999999791e+01,5.243518518999999323e+00,3.482529022170000133e+01,1.000000000000000000e+00,4.664528008220765465e-03,6.335101299927937362e+02,1.170061507086936237e+00,1.758239827904875888e-02
2.347226713861380176e+01,0.000000000000000000e+00,0.000000000000000000e+00,0.000000000000000000e+00,5.867499999999999716e+01,1.957083332999999925e+01,2.531734463000000090e+01,0.000000000000000000e+00,2.144286548538170203e-03,7.825607637831085412e+02,1.707757693969767621e+00,3.568385991339531604e-02
2.262618062114569994e+01,0.000000000000000000e+00,0.000000000000000000e+00,0.000000000000000000e+00,8.400833332999999925e+01,1.090092592999999965e+01,1.850681775580000021e+01,0.000000000000000000e+00,2.321121255020723063e-03,2.509342815209327568e+02,1.456164032380497186e+00,2.048688500391779299e-01
2.361264257372240039e+01,0.000000000000000000e+00,1.623933116000000041e+02,1.450529725999999853e+00,7.707500000000000284e+01,1.065833332999999961e+01,2.109402754250000100e+01,0.000000000000000000e+00,2.185966029408805376e-03,4.666374774068910938e+02,1.572568598319708855e+00,2.081794561712584091e-02
2.353674951482280164e+01,0.000000000000000000e+00,0.000000000000000000e+00,0.000000000000000000e+00,5.361666667000000075e+01,1.455925925999999926e+01,2.381614394420000025e+01,0.000000000000000000e+00,3.620740736492312345e-03,4.823562847477201103e+02,1.672821708166366328e+00,1.395818971126371044e-01
2.118021614783910067e+01,9.124004943970639658e+00,0.000000000000000000e+00,0.000000000000000000e+00,8.373333332999999357e+01,9.262962962999999661e+00,2.878915930079999796e+01,1.000000000000000000e+00,4.508174271331323937e-03,7.616674917510877094e+02,1.538742079863876011e+00,2.551262410277266302e-01
2.104223664369190061e+01,2.498848518620729919e+01,0.000000000000000000e+00,0.000000000000000000e+00,7.750833332999999925e+01,-9.000000000000000222e-01,3.666804393670000195e+01,1.000000000000000000e+00,1.314364256880376503e-03,6.053405229034708555e+02,1.419874789594514741e+00,1.651989451004340359e-01
2.200588220287480112e+01,7.855452824806850032e+00,1.631615921999999728e+02,1.215042397999999935e+01,7.904999999999999716e+01,8.988888889000000049e+00,2.176755277330000027e+01,1.000000000000000000e+00,1.638410448303543026e-03,3.600932384042500871e+02,1.706002153086286999e+00,2.583439723781976727e-01
2.299706839076770137e+01,8.427056058005129557e+01,9.911801135999999701e+01,2.540014665999999863e+02,8.251666667000000643e+01,-1.054166667000000057e+00,6.509089999920000480e+01,1.000000000000000000e+00,1.877059016574952064e-03,9.061730711556226652e+02,1.700088246924905011e+00,2.376169486045298096e-01
2.205541055836230058e+01,4.524169223422259734e+01,6.524295655000000238e+01,5.687172741000000542e+02,6.949166667000000075e+01,-2.537037039999999744e-01,5.818270069420000112e+01,1.000000000000000000e+00,3.259078445003904707e-03,7.493363935110916145e+02,1.368361967920939115e+00,1.011526894768523394e-01
2.219776309426340077e+01,3.686606839042089945e+01,8.388936069000000373e+01,1.085843507999999957e+01,9.334999999999999432e+01,2.085185184999999830e+00,4.780009550999999846e+01,1.000000000000000000e+00,1.358731560304630125e-03,2.728069458114778172e+02,1.361486458868025329e+00,2.458181973462481018e-01
1.917141524210019909e+01,1.565125763757879973e+01,1.888726109000000122e+02,6.034455576000000292e+02,5.036666667000000075e+01,1.490277778000000053e+00,3.994113463000000053e+01,1.000000000000000000e+00,4.779690522735645201e-03,3.699682635842580112e+02,1.158252563201813468e+00,2.505331428322526977e-01
2.136425704841790107e+01,3.967161075230129796e+01,4.407121348999999810e+01,2.241218888000000220e+02,7.720833333000000209e+01,-4.722222200000000120e-02,6.263785685330000064e+01,1.000000000000000000e+00,1.711351242983328398e-03,9.195228094544969508e+02,1.163701617972258129e+00,3.128587233641166171e-02
2.055460151077990005e+01,5.732415090062739971e+00,0.000000000000000000e+00,0.000000000000000000e+00,9.508333333000000209e+01,1.092916667000000075e+01,2.764536914500000009e+01,1.000000000000000000e+00,2.946796818200620328e-03,4.694223882614934382e+02,1.210734056028324845e+00,2.399946392077434709e-01
1.896410660512160007e+01,1.978114217589930135e+01,1.972588647999999978e+02,2.219514669000000140e+02,5.014166666999999933e+01,-3.014814814999999815e+00,3.135825114170000205e+01,1.000000000000000000e+00,1.781464319824298953e-03,5.957030745319588050e+02,1.718418101108737162e+00,2.886271828006232720e-01
1.853739297734210112e+01,1.436926031180080088e+01,7.624646948000000179e+01,4.628633540000000046e-01,9.884999999999999432e+01,3.812962962999999927e+00,3.713527578749999947e+01,1.000000000000000000e+00,1.285948408714646411e-03,3.412170684390189308e+02,1.305755436983333961e+00,1.074231449338944044e-01
2.285841030979829824e+01,1.892513500813369998e+00,0.000000000000000000e+00,0.000000000000000000e+00,5.577499999999999858e+01,1.156574074000000074e+01,2.322821085329999846e+01,1.000000000000000000e+00,4.210439650348028751e-03,6.988814850328473085e+02,1.456539227761183275e+00,2.850112261708118155e-01
2.261406166193640033e+01,0.000000000000000000e+00,4.151359650999999928e+01,1.827422189999999835e-01,6.870833333000000209e+01,1.292916667000000075e+01,2.282744446330000088e+01,0.000000000000000000e+00,2.356144795910630058e-03,3.362914550797347033e+02,1.201342978217951663e+00,1.605309213677735131e-02
2.169189159207089901e+01,9.723799235777249805e+00,1.144648165999999918e+02,7.044084582000000410e+02,7.719166667000000359e+01,7.379861111000000307e+00,3.056707221750000159e+01,1.000000000000000000e+00,1.060110175748389325e-03,6.754237559627314340e+02,1.354299902919555043e+00,2.556496937281634296e-01
2.237891701032049951e+01,1.503265337475300001e+01,0.000000000000000000e+00,0.000000000000000000e+00,6.264166666999999933e+01,-3.898148149999999812e-01,3.268285436000000033e+01,1.000000000000000000e+00,4.350835913381718295e-03,5.021992457399105092e+02,1.575963639531437366e+00,1.834330275545796585e-01
2.171898409432260024e+01,1.176804172069140009e+01,0.000000000000000000e+00,0.000000000000000000e+00,6.364999999999999858e+01,5.245369260000000144e-01,3.016356141670000213e+01,1.000000000000000000e+00,4.508174271331323937e-03,7.616674917510877094e+02,1.538742079863876011e+00,2.551262410277266302e-01
2.091992462529239916e+01,2.314427274010990132e+01,0.000000000000000000e+00,0.000000000000000000e+00,8.288333332999999925e+01,-4.018981482000000049e+00,3.642407571829999569e+01,1.000000000000000000e+00,2.539537790657770289e-03,3.919471020223894584e+02,1.489563152888647490e+00,3.461009146572197048e-02
2.235829799868090006e+01,6.544956869871249694e+01,8.561680259999999709e-01,4.298598429999999637e-01,7.003333333000000493e+01,3.350925926000000388e+00,5.846859323999999702e+01,1.000000000000000000e+00,3.011370173799968533e-03,3.828021908253442689e+02,1.563343703657126715e+00,8.971546212490258410e-02
2.189817039577220115e+01,2.525013471709549862e+01,0.000000000000000000e+00,0.000000000000000000e+00,4.735000000000000142e+01,2.206944443999999894e+00,3.542698194500000142e+01,1.000000000000000000e+00,2.144286548538170203e-03,7.825607637831085412e+02,1.707757693969767621e+00,3.568385991339531604e-02
2.265728087962749981e+01,0.000000000000000000e+00,0.000000000000000000e+00,0.000000000000000000e+00,6.194166666999999649e+01,1.368611111000000058e+01,2.390464842169999926e+01,0.000000000000000000e+00,4.147111617661717112e-03,3.100262289733286707e+02,1.618141513071331916e+00,1.931012020996539236e-01
2.427253809703010035e+01,0.000000000000000000e+00,0.000000000000000000e+00,0.000000000000000000e+00,7.596666666999999507e+01,1.481203703999999988e+01,2.457683148170000109e+01,0.000000000000000000e+00,4.139993468211851033e-03,5.130713579434107032e+02,1.627100936851385127e+00,5.764068884280060950e-02
2.403345427050500049e+01,2.054271707035379890e+01,1.887134158000000070e+02,1.164397355999999917e+02,6.379166666999999791e+01,1.830092593000000045e+00,3.691841888829999618e+01,1.000000000000000000e+00,4.139993468211851033e-03,5.130713579434107032e+02,1.627100936851385127e+00,5.764068884280060950e-02
2.351076660047590039e+01,0.000000000000000000e+00,0.000000000000000000e+00,0.000000000000000000e+00,4.820833333000000209e+01,1.141666666999999968e+01,2.267147310670000238e+01,0.000000000000000000e+00,4.047036061234993154e-03,6.123538360916219290e+02,1.446562592415741921e+00,1.264505687341711537e-01
2.236725723516699915e+01,1.554020566752340038e+01,0.000000000000000000e+00,0.000000000000000000e+00,7.496666666999999507e+01,1.160694445000000030e+01,3.275601051329999791e+01,1.000000000000000000e+00,2.221443429335674680e-03,7.776058691553723747e+02,1.467558727478348590e+00,2.519522034045247327e-01
1.996464889070389859e+01,2.012315435066780012e+01,1.301425175999999908e+02,5.921010242999999491e+02,6.679999999999999716e+01,-8.416203703999999064e+00,4.253093550999999906e+01,1.000000000000000000e+00,3.436001538390674216e-03,8.452604674981239441e+02,1.219229010415731507e+00,1.746717134654330872e-01
2.019839785138229971e+01,1.043332543980480054e+01,0.000000000000000000e+00,0.000000000000000000e+00,8.400833332999999925e+01,4.641203703999999597e+00,2.801121413750000144e+01,1.000000000000000000e+00,2.410868984183883734e-03,4.688278277131037157e+02,1.335639081427556052e+00,1.021902036341341830e-01
1.866222415981199845e+01,7.829135333939279739e+00,0.000000000000000000e+00,0.000000000000000000e+00,8.405833332999999641e+01,3.353703703999999952e+00,2.160522363920000188e+01,1.000000000000000000e+00,3.542008701609071757e-03,5.399388898028706762e+02,1.485956381646307944e+00,1.255803958509618679e-01
1.885043153966489982e+01,1.141068258069270058e+01,0.000000000000000000e+00,0.000000000000000000e+00,6.244166666999999649e+01,-4.930555560000000059e-01,3.410538186250000336e+01,1.000000000000000000e+00,1.824595717907360982e-03,2.051256712808457507e+02,1.249918692553785071e+00,2.298438825507010952e-01
2.164376276848679836e+01,1.219123985933189935e+01,2.454896862000000013e+01,6.023649201000000630e+02,4.210000000000000142e+01,5.407407410000000247e-01,3.505717237000000353e+01,1.000000000000000000e+00,3.925420329110636958e-03,7.230110565593307683e+02,1.198860752837701105e+00,6.842576909438516375e-02
2.123506369049579945e+01,2.198240510605939946e+00,2.359502254000000221e+02,2.482546705000000031e+02,5.596666667000000217e+01,1.046481481000000002e+01,2.150159742749999836e+01,1.000000000000000000e+00,2.292426555402274704e-03,6.030346213077508537e+02,1.629031692046471136e+00,5.462092826985590066e-02
2.539474803572970174e+01,3.601379085700860117e+01,5.872682866000000246e+01,6.875104833999999698e+01,5.892499999999999716e+01,-3.150925926000000210e+00,4.779581199079999720e+01,1.000000000000000000e+00,4.139993468211851033e-03,5.130713579434107032e+02,1.627100936851385127e+00,5.764068884280060950e-02
2.160015080720719993e+01,2.672124921539699827e+01,0.000000000000000000e+00,0.000000000000000000e+00,9.118333332999999641e+01,3.132407407000000088e+00,3.793949773579999629e+01,1.000000000000000000e+00,2.364428052990825285e-03,2.155904227804984430e+02,1.659045652520132474e+00,2.591730854628634395e-01
2.167125643037880067e+01,2.061720044335960011e+01,0.000000000000000000e+00,0.000000000000000000e+00,8.290000000000000568e+01,2.692129630000000162e+00,3.414691521329999802e+01,1.000000000000000000e+00,2.673480045561335301e-03,7.407124838596861309e+02,1.511645752404624732e+00,1.991654387462573894e-01
2.125175498515390160e+01,2.225774394395759970e+01,0.000000000000000000e+00,0.000000000000000000e+00,7.300000000000000000e+01,9.023148149999999923e-01,3.666269652420000114e+01,1.000000000000000000e+00,1.007834901992795329e-03,5.108218341874638782e+02,1.318994543124151653e+00,7.631498832405850252e-02
1.912014423604719937e+01,8.020707543053280375e+00,4.892306351999999947e+01,2.619747709999999952e-01,9.766666666999999791e+01,1.423240741000000043e+01,2.901943422579999776e+01,1.000000000000000000e+00,3.758873547076145918e-03,9.369524060286159965e+02,1.126425879058989166e+00,1.977695776181008502e-01
2.147768113147250091e+01,3.629137585761539953e+01,0.000000000000000000e+00,0.000000000000000000e+00,8.406666667000000359e+01,-2.239814814999999903e+00,4.004006199079999817e+01,1.000000000000000000e+00,1.877059016574952064e-03,9.061730711556226652e+02,1.700088246924905011e+00,2.376169486045298096e-01
1.597002173775909917e+01,1.160601520448719981e+01,0.000000000000000000e+00,0.000000000000000000e+00,8.144166667000000359e+01,-4.088888888999999693e+00,3.620924232920000208e+01,1.000000000000000000e+00,4.272041376591428907e-03,7.164625834669868709e+02,1.204438536718637653e+00,2.877083005605031163e-01
2.072059193361790008e+01,1.326741981418870076e+01,0.000000000000000000e+00,0.000000000000000000e+00,8.012500000000000000e+01,-6.194444444000000161e+00,3.153018933330000095e+01,1.000000000000000000e+00,2.977030645069220129e-03,8.358725773596079307e+02,1.347977815122314071e+00,2.037484286578080117e-01
2.080526996827819985e+01,1.535442701652089958e+01,0.000000000000000000e+00,0.000000000000000000e+00,9.854999999999999716e+01,2.366666667000000057e+00,3.563705087999999677e+01,1.000000000000000000e+00,3.120874168752915331e-03,6.235314881598560532e+02,1.368764898487480064e+00,2.339099693625845966e-01
2.244114035800140172e+01,1.112438974283450044e+01,0.000000000000000000e+00,0.000000000000000000e+00,8.811666667000000075e+01,4.217592591999999918e+00,3.726729326419999921e+01,1.000000000000000000e+00,4.179868108572955092e-03,6.351317699966004966e+02,1.257874797332286132e+00,9.049919346397035380e-02
2.314752898429290084e+01,1.896470340893090167e+01,2.741563474999999812e+02,1.228207175000000007e+02,5.564999999999999858e+01,2.600000000000000089e+00,3.439692217920000417e+01,1.000000000000000000e+00,4.405907739878772537e-03,9.608120377049306171e+02,1.498155789825151185e+00,6.495283742205516797e-02
2.251892520850919865e+01,1.202782501889380073e+00,0.000000000000000000e+00,0.000000000000000000e+00,4.539999999999999858e+01,9.012962962999999661e+00,1.955999790579999953e+01,1.000000000000000000e+00,3.658760112258528478e-03,7.521081822631390423e+02,1.131462503166986489e+00,9.672905133677735245e-02
2.128269949758659862e+01,0.000000000000000000e+00,4.151359650999999928e+01,1.827422189999999835e-01,6.870833333000000209e+01,1.292916667000000075e+01,2.282744446330000088e+01,0.000000000000000000e+00,2.854441280635278133e-03,5.888214708342868562e+02,1.232482830229531645e+00,1.187565487879695542e-01
2.094113177326600095e+01,2.518309527913719847e+01,0.000000000000000000e+00,0.000000000000000000e+00,8.114166667000000643e+01,-2.735185185000000185e+00,4.382129444579999955e+01,1.000000000000000000e+00,4.886339631806308620e-03,2.223249921240226854e+02,1.519964972502881206e+00,1.590744268634946834e-01
1.955572374431169891e+01,1.213749744158590005e+01,0.000000000000000000e+00,0.000000000000000000e+00,6.474166667000000075e+01,1.175000000000000044e+00,1.874705165170000143e+01,1.000000000000000000e+00,2.501662177015833398e-03,8.006601191546427572e+02,1.520604282697370913e+00,1.495353297773675538e-01
2.116175150605349842e+01,2.255992876658410040e+01,6.100516651000000223e+01,9.908751529999999530e-01,9.855833332999999641e+01,8.000000000000000000e+00,3.982166111669999964e+01,1.000000000000000000e+00,1.892446491050586363e-03,3.263146605268157145e+02,1.256526648626056897e+00,2.662624995382661952e-01
2.142073055553600014e+01,3.972949365531449928e+01,0.000000000000000000e+00,0.000000000000000000e+00,6.096666667000000217e+01,-5.838425926000000210e+00,4.154008467579999575e+01,1.000000000000000000e+00,2.262878208738006332e-03,5.177852966958391789e+02,1.717641956315186125e+00,2.762231321846301824e-01
2.320383795604509913e+01,4.622676816192220173e+01,0.000000000000000000e+00,0.000000000000000000e+00,6.520000000000000284e+01,-2.393518520000000038e-01,4.871738509330000255e+01,1.000000000000000000e+00,1.269541520864374533e-03,3.159445062085518430e+02,1.504247683342905484e+00,2.595464945044714256e-01
2.068791356227430001e+01,3.041896178373880044e+00,0.000000000000000000e+00,0.000000000000000000e+00,7.700833332999999925e+01,1.046527777999999920e+01,2.198917289079999904e+01,1.000000000000000000e+00,1.130583448430549963e-03,5.222167856402792268e+02,1.139732713516237839e+00,2.386670687681820280e-01
2.170633634484219954e+01,0.000000000000000000e+00,7.427184670000001177e+01,5.232542017000000101e+00,7.638333332999999925e+01,5.645833332999999676e+00,5.061337939919999940e+01,0.000000000000000000e+00,3.667660470385333219e-03,8.326443634527042832e+02,1.344981033874490750e+00,9.487620908632071748e-02
