,c
01/01/17 01:00 AM,37.2672932642
01/01/17 02:00 AM,37.4586338058
01/01/17 03:00 AM,37.8114201767
01/01/17 04:00 AM,37.9394977358
01/01/17 05:00 AM,38.0122791392
01/01/17 06:00 AM,38.2972945825
01/01/17 07:00 AM,38.5692159767
01/01/17 08:00 AM,38.7303054175
01/01/17 09:00 AM,61.2749406025
01/01/17 10:00 AM,60.3799852333
01/01/17 11:00 AM,37.7842665925
01/01/17 12:00 PM,30.2059481008
01/01/17 01:00 PM,29.7617032542
01/01/17 02:00 PM,29.786150935
01/01/17 03:00 PM,27.7235596625
01/01/17 04:00 PM,31.3060166242
01/01/17 05:00 PM,32.2107831017
01/01/17 06:00 PM,34.4755228792
01/01/17 07:00 PM,48.5308718058
01/01/17 08:00 PM,31.9480942617
01/01/17 09:00 PM,32.5421041392
01/01/17 10:00 PM,33.963332375
01/01/17 11:00 PM,34.9587931617
01/02/17 12:00 AM,35.5557121433
01/02/17 01:00 AM,36.140316375
01/02/17 02:00 AM,36.4747733875
01/02/17 03:00 AM,37.069484235
01/02/17 04:00 AM,37.2527802333
01/02/17 05:00 AM,37.447985955
01/02/17 06:00 AM,37.4683305967
01/02/17 07:00 AM,37.4038856017
01/02/17 08:00 AM,56.8474009725
01/02/17 09:00 AM,56.1177351858
01/02/17 10:00 AM,36.81797224
01/02/17 11:00 AM,40.4627323525
01/02/17 12:00 PM,36.7019258933
01/02/17 01:00 PM,34.16957431
01/02/17 02:00 PM,34.23975887
01/02/17 03:00 PM,34.1433439342
01/02/17 04:00 PM,34.0506113617
01/02/17 05:00 PM,34.41691862
01/02/17 06:00 PM,34.2893348992
01/02/17 07:00 PM,34.3209672683
01/02/17 08:00 PM,38.8637705458
01/02/17 09:00 PM,34.4199164492
01/02/17 10:00 PM,30.9547152125
01/02/17 11:00 PM,31.4304721567
01/03/17 12:00 AM,32.4497345183
01/03/17 01:00 AM,33.160371055
01/03/17 02:00 AM,33.0670615225
01/03/17 03:00 AM,33.62831369
01/03/17 04:00 AM,33.809411805
01/03/17 05:00 AM,33.6977661567
01/03/17 06:00 AM,34.1209187608
01/03/17 07:00 AM,34.2253235783
01/03/17 08:00 AM,54.4540536575
01/03/17 09:00 AM,45.8293696308
01/03/17 10:00 AM,33.3828305508
01/03/17 11:00 AM,45.4273887025
01/03/17 12:00 PM,35.5371939542
01/03/17 01:00 PM,34.3119071642
01/03/17 02:00 PM,39.8216611167
01/03/17 03:00 PM,36.2650466517
01/03/17 04:00 PM,33.9275059208
01/03/17 05:00 PM,34.4359822225
01/03/17 06:00 PM,41.21882538
01/03/17 07:00 PM,33.5223730817
01/03/17 08:00 PM,33.4375866233
01/03/17 09:00 PM,29.7015037725
01/03/17 10:00 PM,30.4466576667
01/03/17 11:00 PM,31.0409234667
01/04/17 12:00 AM,31.1487666675
01/04/17 01:00 AM,31.7232301217
01/04/17 02:00 AM,31.9305347492
01/04/17 03:00 AM,32.5238715325
01/04/17 04:00 AM,33.034614375
01/04/17 05:00 AM,33.3190511158
01/04/17 06:00 AM,33.7276363792
01/04/17 07:00 AM,34.045874325
01/04/17 08:00 AM,56.0315781008
01/04/17 09:00 AM,52.8712334267
01/04/17 10:00 AM,38.1354928808
01/04/17 11:00 AM,37.2911700467
01/04/17 12:00 PM,34.1827426767
01/04/17 01:00 PM,36.9178838983
01/04/17 02:00 PM,37.7126041533
01/04/17 03:00 PM,40.71241699
01/04/17 04:00 PM,41.7124856483
01/04/17 05:00 PM,47.5587609708
01/04/17 06:00 PM,53.2639823608
01/04/17 07:00 PM,57.117934815
01/04/17 08:00 PM,48.1119933783
01/04/17 09:00 PM,37.930735415
01/04/17 10:00 PM,34.5985731475
01/04/17 11:00 PM,36.6664122683
01/05/17 12:00 AM,38.7073703192
01/05/17 01:00 AM,40.2690704617
01/05/17 02:00 AM,41.0952313417
01/05/17 03:00 AM,41.6356606008
01/05/17 04:00 AM,42.409575325
01/05/17 05:00 AM,42.82970375
01/05/17 06:00 AM,43.2380997683
01/05/17 07:00 AM,43.767845695
01/05/17 08:00 AM,63.6848872692
01/05/17 09:00 AM,66.1111480083
01/05/17 10:00 AM,65.6889677792
01/05/17 11:00 AM,54.2603788892
01/05/17 12:00 PM,48.4407988417
01/05/17 01:00 PM,54.76096574
01/05/17 02:00 PM,47.7454821292
01/05/17 03:00 PM,54.13803875
01/05/17 04:00 PM,52.5974192133
01/05/17 05:00 PM,61.1104860642
01/05/17 06:00 PM,52.2881314817
01/05/17 07:00 PM,54.271048935
01/05/17 08:00 PM,58.6332305567
01/05/17 09:00 PM,36.45899298
01/05/17 10:00 PM,34.766165135
01/05/17 11:00 PM,37.6420885567
01/06/17 12:00 AM,39.7521393533
01/06/17 01:00 AM,41.3463480083
01/06/17 02:00 AM,41.8345564358
01/06/17 03:00 AM,42.8762530092
01/06/17 04:00 AM,43.7581415267
01/06/17 05:00 AM,44.4338876383
01/06/17 06:00 AM,45.1360363442
01/06/17 07:00 AM,45.940901945
01/06/17 08:00 AM,61.4556725
01/06/17 09:00 AM,66.5992359717
01/06/17 10:00 AM,65.3637250458
01/06/17 11:00 AM,59.1952860633
01/06/17 12:00 PM,40.2239861017
01/06/17 01:00 PM,42.53093551
01/06/17 02:00 PM,53.9262869442
01/06/17 03:00 PM,50.1801267142
01/06/17 04:00 PM,50.5248993992
01/06/17 05:00 PM,62.4008332867
01/06/17 06:00 PM,57.3452536575
01/06/17 07:00 PM,64.3257056483
01/06/17 08:00 PM,58.0663000467
01/06/17 09:00 PM,41.6590656017
01/06/17 10:00 PM,36.2872690508
01/06/17 11:00 PM,39.9657344917
01/07/17 12:00 AM,42.3039402783
01/07/17 01:00 AM,44.1493340292
01/07/17 02:00 AM,45.1894429642
01/07/17 03:00 AM,45.92354699
01/07/17 04:00 AM,46.4371084267
01/07/17 05:00 AM,47.16175287
01/07/17 06:00 AM,47.5213495833
01/07/17 07:00 AM,47.7199123608
01/07/17 08:00 AM,48.1253691667
01/07/17 09:00 AM,63.9329073625
01/07/17 10:00 AM,66.6276729617
01/07/17 11:00 AM,65.3803235183
01/07/17 12:00 PM,57.8334316667
01/07/17 01:00 PM,42.643843
01/07/17 02:00 PM,57.9212072225
01/07/17 03:00 PM,55.7345566658
01/07/17 04:00 PM,57.732479445
01/07/17 05:00 PM,63.1811918983
01/07/17 06:00 PM,59.2158490742
01/07/17 07:00 PM,65.2269331942
01/07/17 08:00 PM,42.3902132317
01/07/17 09:00 PM,38.8204797692
01/07/17 10:00 PM,42.1290511583
01/07/17 11:00 PM,44.5568624992
01/08/17 12:00 AM,45.805386805
01/08/17 01:00 AM,47.103921065
01/08/17 02:00 AM,47.9684597225
01/08/17 03:00 AM,48.9416405117
01/08/17 04:00 AM,49.7328831017
01/08/17 05:00 AM,50.3165380558
01/08/17 06:00 AM,50.5842853242
01/08/17 07:00 AM,51.46179125
01/08/17 08:00 AM,51.55643014
01/08/17 09:00 AM,65.5847419908
01/08/17 10:00 AM,65.6028073608
01/08/17 11:00 AM,65.4525988417
01/08/17 12:00 PM,65.343639955
01/08/17 01:00 PM,65.523833565
01/08/17 02:00 PM,65.7463176392
01/08/17 03:00 PM,59.8967430092
01/08/17 04:00 PM,59.5659897225
01/08/17 05:00 PM,61.2130045358
01/08/17 06:00 PM,66.345052685
01/08/17 07:00 PM,65.3960141217
01/08/17 08:00 PM,41.5066699625
01/08/17 09:00 PM,39.2414410192
01/08/17 10:00 PM,42.5486889358
01/08/17 11:00 PM,44.7287089817
01/09/17 12:00 AM,46.4747767583
01/09/17 01:00 AM,47.3791531008
01/09/17 02:00 AM,48.0628857875
01/09/17 03:00 AM,49.0692928242
01/09/17 04:00 AM,49.2728713892
01/09/17 05:00 AM,49.7210077783
01/09/17 06:00 AM,49.560871065
01/09/17 07:00 AM,50.2133032867
01/09/17 08:00 AM,64.4950818992
01/09/17 09:00 AM,66.6334565733
01/09/17 10:00 AM,65.5989734267
01/09/17 11:00 AM,65.533083195
01/09/17 12:00 PM,65.4859395833
01/09/17 01:00 PM,62.1828425917
01/09/17 02:00 PM,47.8672106025
01/09/17 03:00 PM,47.2202799075
01/09/17 04:00 PM,46.896561945
01/09/17 05:00 PM,54.2080599075
01/09/17 06:00 PM,58.1246827308
01/09/17 07:00 PM,50.39718264
01/09/17 08:00 PM,60.52784551
01/09/17 09:00 PM,38.0035172917
01/09/17 10:00 PM,35.6847545792
01/09/17 11:00 PM,38.1242672675
01/10/17 12:00 AM,39.7319560183
01/10/17 01:00 AM,40.8741210192
01/10/17 02:00 AM,42.1578643975
01/10/17 03:00 AM,43.1390845842
01/10/17 04:00 AM,43.7388063433
01/10/17 05:00 AM,43.7478464358
01/10/17 06:00 AM,43.8212944458
01/10/17 07:00 AM,44.7517607408
01/10/17 08:00 AM,59.3068100475
01/10/17 09:00 AM,65.9174681483
01/10/17 10:00 AM,65.185739305
01/10/17 11:00 AM,51.9515493042
01/10/17 12:00 PM,52.9128649992
01/10/17 01:00 PM,46.3222612492
01/10/17 02:00 PM,51.5923412033
01/10/17 03:00 PM,48.22656676
01/10/17 04:00 PM,41.8545541333
01/10/17 05:00 PM,46.4250670817
01/10/17 06:00 PM,43.603726115
01/10/17 07:00 PM,42.5282628933
01/10/17 08:00 PM,40.2986929583
01/10/17 09:00 PM,36.3672286625
01/10/17 10:00 PM,32.7066586158
01/10/17 11:00 PM,34.0614448892
01/11/17 12:00 AM,35.5767871817
01/11/17 01:00 AM,36.2909189908
01/11/17 02:00 AM,36.1215651433
01/11/17 03:00 AM,35.6001772592
01/11/17 04:00 AM,35.5630047633
01/11/17 05:00 AM,36.0534878892
01/11/17 06:00 AM,36.5305108658
01/11/17 07:00 AM,36.93344162
01/11/17 08:00 AM,55.1803998608
01/11/17 09:00 AM,56.5516283317
01/11/17 10:00 AM,37.1401478608
01/11/17 11:00 AM,33.9829236817
01/11/17 12:00 PM,32.4030987975
01/11/17 01:00 PM,31.4592625133
01/11/17 02:00 PM,28.5262596575
01/11/17 03:00 PM,31.063014855
01/11/17 04:00 PM,31.1115562408
01/11/17 05:00 PM,32.0767139692
01/11/17 06:00 PM,32.7560105133
01/11/17 07:00 PM,33.8479772083
01/11/17 08:00 PM,41.4349854625
01/11/17 09:00 PM,32.2600382358
01/11/17 10:00 PM,31.3819870783
01/11/17 11:00 PM,31.6297330542
01/12/17 12:00 AM,31.4735317733
01/12/17 01:00 AM,30.9792557642
01/12/17 02:00 AM,28.5557196342
01/12/17 03:00 AM,26.0534395542
01/12/17 04:00 AM,24.1087703758
01/12/17 05:00 AM,22.7572413658
01/12/17 06:00 AM,22.1141055692
01/12/17 07:00 AM,21.8311185225
01/12/17 08:00 AM,21.6545876608
01/12/17 09:00 AM,21.5904497675
01/12/17 10:00 AM,21.557452315
01/12/17 11:00 AM,21.5400141342
01/12/17 12:00 PM,21.5262132175
01/12/17 01:00 PM,21.549419495
01/12/17 02:00 PM,21.5889902442
01/12/17 03:00 PM,21.6194590008
01/12/17 04:00 PM,21.6343678283
01/12/17 05:00 PM,21.6348353833
01/12/17 06:00 PM,21.6459854308
01/12/17 07:00 PM,21.70527944
01/12/17 08:00 PM,44.3853591342
01/12/17 09:00 PM,37.4617699317
01/12/17 10:00 PM,29.3536215775
01/12/17 11:00 PM,31.1168255192
01/13/17 12:00 AM,32.4562735958
01/13/17 01:00 AM,33.5856138708
01/13/17 02:00 AM,34.27408383
01/13/17 03:00 AM,35.05293705
01/13/17 04:00 AM,35.8276803333
01/13/17 05:00 AM,36.4512455958
01/13/17 06:00 AM,36.9271891142
01/13/17 07:00 AM,37.3649116658
01/13/17 08:00 AM,58.1194616658
01/13/17 09:00 AM,62.6378568533
01/13/17 10:00 AM,39.0774827775
01/13/17 11:00 AM,32.5683705225
01/13/17 12:00 PM,31.4876152683
01/13/17 01:00 PM,36.3949701283
01/13/17 02:00 PM,33.6261052867
01/13/17 03:00 PM,32.1492234783
01/13/17 04:00 PM,36.6918995875
01/13/17 05:00 PM,38.5122330083
01/13/17 06:00 PM,43.9919794917
01/13/17 07:00 PM,47.2023430567
01/13/17 08:00 PM,48.7173850933
01/13/17 09:00 PM,36.4131522358
01/13/17 10:00 PM,32.4513911617
01/13/17 11:00 PM,34.42033045
01/14/17 12:00 AM,35.5905509258
01/14/17 01:00 AM,36.5870201625
01/14/17 02:00 AM,37.5015082792
01/14/17 03:00 AM,38.4205027767
01/14/17 04:00 AM,39.0740424533
01/14/17 05:00 AM,39.5507043975
01/14/17 06:00 AM,39.8460687967
01/14/17 07:00 AM,39.7463677792
01/14/17 08:00 AM,39.5348745358
01/14/17 09:00 AM,63.1261674075
01/14/17 10:00 AM,64.4662490275
01/14/17 11:00 AM,47.188070925
01/14/17 12:00 PM,40.5429848625
01/14/17 01:00 PM,39.8181954633
01/14/17 02:00 PM,39.264550325
01/14/17 03:00 PM,39.1344884258
01/14/17 04:00 PM,46.7375761108
01/14/17 05:00 PM,39.2632682867
01/14/17 06:00 PM,47.4062942592
01/14/17 07:00 PM,39.1998718058
01/14/17 08:00 PM,32.0189325925
01/14/17 09:00 PM,32.46196175
01/14/17 10:00 PM,33.8327680975
01/14/17 11:00 PM,34.7075330983
01/15/17 12:00 AM,35.5241242325
01/15/17 01:00 AM,36.13999058
01/15/17 02:00 AM,36.6626965242
01/15/17 03:00 AM,37.4035929633
01/15/17 04:00 AM,38.124027685
01/15/17 05:00 AM,38.867129075
01/15/17 06:00 AM,39.6354041658
01/15/17 07:00 AM,40.0400619908
01/15/17 08:00 AM,40.4111235192
01/15/17 09:00 AM,59.0477290275
01/15/17 10:00 AM,65.0908999992
01/15/17 11:00 AM,40.9114148608
01/15/17 12:00 PM,32.8407780883
01/15/17 01:00 PM,35.9662182867
01/15/17 02:00 PM,36.9184188883
01/15/17 03:00 PM,35.1802108792
01/15/17 04:00 PM,37.5830805508
01/15/17 05:00 PM,38.2607675875
01/15/17 06:00 PM,39.4788812967
01/15/17 07:00 PM,40.4551473158
01/15/17 08:00 PM,32.4034969683
01/15/17 09:00 PM,33.4136446867
01/15/17 10:00 PM,34.7854340275
01/15/17 11:00 PM,35.9061204683
01/16/17 12:00 AM,37.1573839308
01/16/17 01:00 AM,37.7488020742
01/16/17 02:00 AM,38.1673879308
01/16/17 03:00 AM,38.6033842133
01/16/17 04:00 AM,39.0562279158
01/16/17 05:00 AM,39.6094040292
01/16/17 06:00 AM,40.0029479625
01/16/17 07:00 AM,40.443846945
01/16/17 08:00 AM,60.3822294433
01/16/17 09:00 AM,65.7467524992
01/16/17 10:00 AM,54.7511838425
01/16/17 11:00 AM,41.9125029175
01/16/17 12:00 PM,40.0690585167
01/16/17 01:00 PM,37.8846958533
01/16/17 02:00 PM,37.2464642608
01/16/17 03:00 PM,36.9241626575
01/16/17 04:00 PM,36.9976277683
01/16/17 05:00 PM,43.4091791483
01/16/17 06:00 PM,39.8296864333
01/16/17 07:00 PM,39.3559368
01/16/17 08:00 PM,40.0964389817
01/16/17 09:00 PM,31.5020868325
01/16/17 10:00 PM,32.098956495
01/16/17 11:00 PM,32.9669308233
01/17/17 12:00 AM,33.5087948325
01/17/17 01:00 AM,33.9492569433
01/17/17 02:00 AM,34.1004298783
01/17/17 03:00 AM,33.9375488292
01/17/17 04:00 AM,34.512973895
01/17/17 05:00 AM,35.1672652542
01/17/17 06:00 AM,35.1957717458
01/17/17 07:00 AM,35.3058464075
01/17/17 08:00 AM,55.1335536125
01/17/17 09:00 AM,47.36765773
01/17/17 10:00 AM,32.38324474
01/17/17 11:00 AM,30.7473766533
01/17/17 12:00 PM,26.3523195792
01/17/17 01:00 PM,25.34704288
01/17/17 02:00 PM,24.9312433475
01/17/17 03:00 PM,24.3797873983
01/17/17 04:00 PM,23.85709189
01/17/17 05:00 PM,23.5584699075
01/17/17 06:00 PM,23.4269976858
01/17/17 07:00 PM,23.2400926492
01/17/17 08:00 PM,23.089878005
01/17/17 09:00 PM,22.9592627683
01/17/17 10:00 PM,22.8809944675
01/17/17 11:00 PM,26.8830020792
01/18/17 12:00 AM,30.815229945
01/18/17 01:00 AM,30.9092740458
01/18/17 02:00 AM,30.9378521308
01/18/17 03:00 AM,31.0932127358
01/18/17 04:00 AM,31.10902132
01/18/17 05:00 AM,31.5160465142
01/18/17 06:00 AM,31.783315305
01/18/17 07:00 AM,32.2820615008
01/18/17 08:00 AM,56.2326896292
01/18/17 09:00 AM,38.26173487
01/18/17 10:00 AM,35.2190242958
01/18/17 11:00 AM,35.0956742217
01/18/17 12:00 PM,35.0134317
01/18/17 01:00 PM,35.8594107583
01/18/17 02:00 PM,36.3361175917
01/18/17 03:00 PM,36.6828379258
01/18/17 04:00 PM,36.7902371075
01/18/17 05:00 PM,36.4024785825
01/18/17 06:00 PM,36.9504786667
01/18/17 07:00 PM,37.1770842408
01/18/17 08:00 PM,46.5608883342
01/18/17 09:00 PM,36.6650648517
01/18/17 10:00 PM,30.0286006575
01/18/17 11:00 PM,31.775642135
01/19/17 12:00 AM,32.7863824117
01/19/17 01:00 AM,33.556667635
01/19/17 02:00 AM,33.9596278933
01/19/17 03:00 AM,34.1219502092
01/19/17 04:00 AM,34.4505761533
01/19/17 05:00 AM,34.8539398942
01/19/17 06:00 AM,35.0016889483
01/19/17 07:00 AM,35.2966210475
01/19/17 08:00 AM,57.7708709267
01/19/17 09:00 AM,50.5065939342
01/19/17 10:00 AM,36.7865935267
01/19/17 11:00 AM,36.9669513467
01/19/17 12:00 PM,35.7747194442
01/19/17 01:00 PM,34.8252902217
01/19/17 02:00 PM,34.2617168608
01/19/17 03:00 PM,32.4440405692
01/19/17 04:00 PM,27.2122796308
01/19/17 05:00 PM,32.2788733975
01/19/17 06:00 PM,33.5733934358
01/19/17 07:00 PM,35.8616588975
01/19/17 08:00 PM,37.5065423767
01/19/17 09:00 PM,31.7231502825
01/19/17 10:00 PM,32.6119423108
01/19/17 11:00 PM,33.5389574442
01/20/17 12:00 AM,34.35996519
01/20/17 01:00 AM,34.9846303425
01/20/17 02:00 AM,35.403742995
01/20/17 03:00 AM,35.4434961108
01/20/17 04:00 AM,35.7369030292
01/20/17 05:00 AM,35.9459278142
01/20/17 06:00 AM,36.0389123292
01/20/17 07:00 AM,36.2648907075
01/20/17 08:00 AM,57.6695452758
01/20/17 09:00 AM,57.1323934725
01/20/17 10:00 AM,36.8741000292
01/20/17 11:00 AM,35.2114745192
01/20/17 12:00 PM,34.1216453742
01/20/17 01:00 PM,33.1387214725
01/20/17 02:00 PM,32.047344195
01/20/17 03:00 PM,29.6875464675
01/20/17 04:00 PM,25.4126502175
01/20/17 05:00 PM,24.244077315
01/20/17 06:00 PM,24.0477483425
01/20/17 07:00 PM,23.8604791792
01/20/17 08:00 PM,23.5069349592
01/20/17 09:00 PM,23.3308867875
01/20/17 10:00 PM,27.1168435183
01/20/17 11:00 PM,30.7128179808
01/21/17 12:00 AM,30.6040120375
01/21/17 01:00 AM,30.4212944533
01/21/17 02:00 AM,31.0224766158
01/21/17 03:00 AM,31.4072962675
01/21/17 04:00 AM,31.6822083925
01/21/17 05:00 AM,32.0660006433
01/21/17 06:00 AM,32.2306068758
01/21/17 07:00 AM,32.2141249058
01/21/17 08:00 AM,32.2718844492
01/21/17 09:00 AM,50.5394260642
01/21/17 10:00 AM,33.6882686758
01/21/17 11:00 AM,27.60044421
01/21/17 12:00 PM,26.5533937642
01/21/17 01:00 PM,26.1270445
01/21/17 02:00 PM,25.7728013883
01/21/17 03:00 PM,25.4583213283
01/21/17 04:00 PM,24.7800448342
01/21/17 05:00 PM,24.1670803933
01/21/17 06:00 PM,23.9853330567
01/21/17 07:00 PM,23.9753293692
01/21/17 08:00 PM,23.987958695
01/21/17 09:00 PM,23.9665960517
01/21/17 10:00 PM,23.9093425925
01/21/17 11:00 PM,23.8204953517
01/22/17 12:00 AM,23.7181981158
01/22/17 01:00 AM,27.030751005
01/22/17 02:00 AM,27.3035286808
01/22/17 03:00 AM,27.645369145
01/22/17 04:00 AM,28.0852964917
01/22/17 05:00 AM,28.277799805
01/22/17 06:00 AM,28.4160163833
01/22/17 07:00 AM,28.7686770925
01/22/17 08:00 AM,29.140883795
01/22/17 09:00 AM,32.7760650575
01/22/17 10:00 AM,31.4411965983
01/22/17 11:00 AM,28.9565085692
01/22/17 12:00 PM,25.0996537533
01/22/17 01:00 PM,24.2087583333
01/22/17 02:00 PM,24.1055201292
01/22/17 03:00 PM,23.9946326442
01/22/17 04:00 PM,23.725843575
01/22/17 05:00 PM,23.5295314808
01/22/17 06:00 PM,23.6073803658
01/22/17 07:00 PM,23.7609627217
01/22/17 08:00 PM,23.71851431
01/22/17 09:00 PM,23.6067014167
01/22/17 10:00 PM,23.4963242733
01/22/17 11:00 PM,23.3429604108
01/23/17 12:00 AM,23.1696596808
01/23/17 01:00 AM,29.8902345083
01/23/17 02:00 AM,30.212208075
01/23/17 03:00 AM,29.6933581475
01/23/17 04:00 AM,29.77655794
01/23/17 05:00 AM,29.7443486958
01/23/17 06:00 AM,29.9656558375
01/23/17 07:00 AM,29.9272757175
01/23/17 08:00 AM,34.2718847233
01/23/17 09:00 AM,36.9750319392
01/23/17 10:00 AM,37.6190718
01/23/17 11:00 AM,33.8620939817
01/23/17 12:00 PM,34.576240455
01/23/17 01:00 PM,43.2047115608
01/23/17 02:00 PM,39.1580684675
01/23/17 03:00 PM,38.9975887033
01/23/17 04:00 PM,41.3030077325
01/23/17 05:00 PM,45.185938615
01/23/17 06:00 PM,47.7248012033
01/23/17 07:00 PM,44.7350377767
01/23/17 08:00 PM,47.9155138875
01/23/17 09:00 PM,31.94489981
01/23/17 10:00 PM,32.6953935567
01/23/17 11:00 PM,34.3187280092
01/24/17 12:00 AM,35.2246340083
01/24/17 01:00 AM,35.63705088
01/24/17 02:00 AM,36.0799428058
01/24/17 03:00 AM,35.9338161567
01/24/17 04:00 AM,36.4394455792
01/24/17 05:00 AM,36.3342309308
01/24/17 06:00 AM,36.15109489
01/24/17 07:00 AM,36.6590625367
01/24/17 08:00 AM,58.9314964342
01/24/17 09:00 AM,59.8392173608
01/24/17 10:00 AM,39.8520007775
01/24/17 11:00 AM,38.2788872208
01/24/17 12:00 PM,37.3263237317
01/24/17 01:00 PM,36.6235765367
01/24/17 02:00 PM,36.9686899775
01/24/17 03:00 PM,37.4030685283
01/24/17 04:00 PM,36.8795523625
01/24/17 05:00 PM,36.5987902908
01/24/17 06:00 PM,38.35678056
01/24/17 07:00 PM,46.0749254983
01/24/17 08:00 PM,39.5841392392
01/24/17 09:00 PM,34.8029153708
01/24/17 10:00 PM,32.1794961017
01/24/17 11:00 PM,33.1729454808
01/25/17 12:00 AM,33.7084409458
01/25/17 01:00 AM,34.2113160558
01/25/17 02:00 AM,34.5929921375
01/25/17 03:00 AM,34.6712817767
01/25/17 04:00 AM,34.8878196392
01/25/17 05:00 AM,35.3163018933
01/25/17 06:00 AM,35.5409574208
01/25/17 07:00 AM,35.6323842367
01/25/17 08:00 AM,58.5900362942
01/25/17 09:00 AM,53.3063039333
01/25/17 10:00 AM,36.3009707417
01/25/17 11:00 AM,35.1622290042
01/25/17 12:00 PM,30.5670722175
01/25/17 01:00 PM,25.5538444033
01/25/17 02:00 PM,23.8155178242
01/25/17 03:00 PM,23.15613287
01/25/17 04:00 PM,25.8586231658
01/25/17 05:00 PM,30.8117638933
01/25/17 06:00 PM,31.8851990925
01/25/17 07:00 PM,33.0904368533
01/25/17 08:00 PM,32.8487557767
01/25/17 09:00 PM,29.1005414308
01/25/17 10:00 PM,29.6905500142
01/25/17 11:00 PM,30.4204767733
01/26/17 12:00 AM,30.5825929258
01/26/17 01:00 AM,31.012730185
01/26/17 02:00 AM,31.3826321492
01/26/17 03:00 AM,31.6438816708
01/26/17 04:00 AM,32.1294423675
01/26/17 05:00 AM,32.82215319
01/26/17 06:00 AM,33.5875633892
01/26/17 07:00 AM,34.1987951292
01/26/17 08:00 AM,58.46859324
01/26/17 09:00 AM,52.4786865733
01/26/17 10:00 AM,37.99111843
01/26/17 11:00 AM,38.5580626392
01/26/17 12:00 PM,37.94400569
01/26/17 01:00 PM,38.8217080092
01/26/17 02:00 PM,39.1200816667
01/26/17 03:00 PM,49.7789702317
01/26/17 04:00 PM,37.60389831
01/26/17 05:00 PM,38.3796846342
01/26/17 06:00 PM,39.0636458808
01/26/17 07:00 PM,44.4902085642
01/26/17 08:00 PM,47.4681719917
01/26/17 09:00 PM,31.4585662442
01/26/17 10:00 PM,33.192555315
01/26/17 11:00 PM,34.7358930092
01/27/17 12:00 AM,35.9357767967
01/27/17 01:00 AM,37.2373787992
01/27/17 02:00 AM,37.7060686758
01/27/17 03:00 AM,37.9242809208
01/27/17 04:00 AM,38.3483233058
01/27/17 05:00 AM,38.9076084267
01/27/17 06:00 AM,39.35569088
01/27/17 07:00 AM,39.6648696767
01/27/17 08:00 AM,61.8119955092
01/27/17 09:00 AM,64.9789124542
01/27/17 10:00 AM,51.9352767142
01/27/17 11:00 AM,41.74057426
01/27/17 12:00 PM,53.4837005067
01/27/17 01:00 PM,40.3369469458
01/27/17 02:00 PM,41.2112169442
01/27/17 03:00 PM,50.1556937967
01/27/17 04:00 PM,43.8528576383
01/27/17 05:00 PM,51.1082642133
01/27/17 06:00 PM,52.5976045825
01/27/17 07:00 PM,46.37327875
01/27/17 08:00 PM,51.5198297692
01/27/17 09:00 PM,32.71643467
01/27/17 10:00 PM,34.3394234267
01/27/17 11:00 PM,36.428067995
01/28/17 12:00 AM,37.9910975375
01/28/17 01:00 AM,38.8602321292
01/28/17 02:00 AM,39.7440789342
01/28/17 03:00 AM,40.2125454642
01/28/17 04:00 AM,40.3296752783
01/28/17 05:00 AM,40.723791805
01/28/17 06:00 AM,40.94830338
01/28/17 07:00 AM,41.1902369442
01/28/17 08:00 AM,41.2779495375
01/28/17 09:00 AM,62.3461537483
01/28/17 10:00 AM,66.2792863425
01/28/17 11:00 AM,62.2950740275
01/28/17 12:00 PM,43.2512382408
01/28/17 01:00 PM,42.6696688417
01/28/17 02:00 PM,42.6129457408
01/28/17 03:00 PM,50.517471575
01/28/17 04:00 PM,49.6184884258
01/28/17 05:00 PM,42.6459967125
01/28/17 06:00 PM,53.5571726383
01/28/17 07:00 PM,49.6947242142
01/28/17 08:00 PM,39.6865911383
01/28/17 09:00 PM,31.6623040225
01/28/17 10:00 PM,34.0759530417
01/28/17 11:00 PM,35.4981552642
01/29/17 12:00 AM,36.6680439367
01/29/17 01:00 AM,37.8754881725
01/29/17 02:00 AM,38.8762792142
01/29/17 03:00 AM,39.5918027783
01/29/17 04:00 AM,39.8780757408
01/29/17 05:00 AM,39.9821788425
01/29/17 06:00 AM,40.2353423608
01/29/17 07:00 AM,40.4140983342
01/29/17 08:00 AM,40.6203812492
01/29/17 09:00 AM,62.7361891658
01/29/17 10:00 AM,65.9799243517
01/29/17 11:00 AM,49.61093125
01/29/17 12:00 PM,41.6532898608
01/29/17 01:00 PM,39.293404165
01/29/17 02:00 PM,40.9778417142
01/29/17 03:00 PM,40.9830862508
01/29/17 04:00 PM,41.73396574
01/29/17 05:00 PM,46.3267014817
01/29/17 06:00 PM,53.5932469908
01/29/17 07:00 PM,43.1228678717
01/29/17 08:00 PM,32.68285436
01/29/17 09:00 PM,34.1053818625
01/29/17 10:00 PM,35.9573203708
01/29/17 11:00 PM,37.3717030367
01/30/17 12:00 AM,38.3397083792
01/30/17 01:00 AM,38.890432175
01/30/17 02:00 AM,39.40735588
01/30/17 03:00 AM,40.2407227783
01/30/17 04:00 AM,40.3580854633
01/30/17 05:00 AM,41.1167669442
01/30/17 06:00 AM,41.6095305558
01/30/17 07:00 AM,42.0624831958
01/30/17 08:00 AM,62.4999099533
01/30/17 09:00 AM,65.8633718058
01/30/17 10:00 AM,63.9082431475
01/30/17 11:00 AM,45.0751397233
01/30/17 12:00 PM,49.7737786108
01/30/17 01:00 PM,40.8360472692
01/30/17 02:00 PM,42.6953449525
01/30/17 03:00 PM,42.9860014817
01/30/17 04:00 PM,51.1831139808
01/30/17 05:00 PM,47.7958119908
01/30/17 06:00 PM,55.7484825933
01/30/17 07:00 PM,54.8535419908
01/30/17 08:00 PM,49.3346592125
01/30/17 09:00 PM,38.4125599567
01/30/17 10:00 PM,34.1806640975
01/30/17 11:00 PM,36.6240339758
01/31/17 12:00 AM,37.7431803708
01/31/17 01:00 AM,39.2771469442
01/31/17 02:00 AM,40.4448200942
01/31/17 03:00 AM,40.9000173158
01/31/17 04:00 AM,41.5455016675
01/31/17 05:00 AM,42.3494621292
01/31/17 06:00 AM,41.8459765742
01/31/17 07:00 AM,41.5327961117
01/31/17 08:00 AM,58.8789655083
01/31/17 09:00 AM,63.7643625467
01/31/17 10:00 AM,59.8756672675
01/31/17 11:00 AM,39.0881727925
01/31/17 12:00 PM,39.3872247683
01/31/17 01:00 PM,51.37716389
01/31/17 02:00 PM,41.0541135642
01/31/17 03:00 PM,47.7348573875
01/31/17 04:00 PM,37.3781609017
01/31/17 05:00 PM,38.33402863
01/31/17 06:00 PM,49.9598072233
01/31/17 07:00 PM,39.8796976858
01/31/17 08:00 PM,45.0230499983
01/31/17 09:00 PM,31.3135709058
01/31/17 10:00 PM,33.1623113108
01/31/17 11:00 PM,34.6650863058
02/01/17 12:00 AM,35.5405861108
02/01/17 01:00 AM,36.1732543067
02/01/17 02:00 AM,36.8260189992
02/01/17 03:00 AM,36.7910265867
02/01/17 04:00 AM,37.0498586392
02/01/17 05:00 AM,37.389365695
02/01/17 06:00 AM,37.7318927367
02/01/17 07:00 AM,38.0374866617
02/01/17 08:00 AM,58.255881295
02/01/17 09:00 AM,62.8727127308
02/01/17 10:00 AM,47.80009551
02/01/17 11:00 AM,39.6155941667
02/01/17 12:00 PM,39.4729283792
02/01/17 01:00 PM,38.2351903283
02/01/17 02:00 PM,38.9592312033
02/01/17 03:00 PM,39.1725695825
02/01/17 04:00 PM,38.1607594342
02/01/17 05:00 PM,38.4146823617
02/01/17 06:00 PM,47.962669445
02/01/17 07:00 PM,38.2347556475
02/01/17 08:00 PM,48.0115485475
02/01/17 09:00 PM,31.9514763742
02/01/17 10:00 PM,32.6294224267
02/01/17 11:00 PM,34.1469152133
02/02/17 12:00 AM,35.4441988617
02/02/17 01:00 AM,36.2538275525
02/02/17 02:00 AM,37.0363015092
02/02/17 03:00 AM,37.3904574575
02/02/17 04:00 AM,37.6307647358
02/02/17 05:00 AM,38.173582435
02/02/17 06:00 AM,38.0946692142
02/02/17 07:00 AM,38.4969037958
02/02/17 08:00 AM,61.0324918508
02/02/17 09:00 AM,64.51929324
02/02/17 10:00 AM,44.266456805
02/02/17 11:00 AM,40.1340028825
02/02/17 12:00 PM,40.3197331483
02/02/17 01:00 PM,41.0852538892
02/02/17 02:00 PM,40.0017815742
02/02/17 03:00 PM,37.9777254533
02/02/17 04:00 PM,37.204562505
02/02/17 05:00 PM,38.8163681483
02/02/17 06:00 PM,41.5756561108
02/02/17 07:00 PM,56.3383912492
02/02/17 08:00 PM,47.7704641667
02/02/17 09:00 PM,39.12734949
02/02/17 10:00 PM,33.6506897725
02/02/17 11:00 PM,36.2358043883
02/03/17 12:00 AM,37.9945019442
02/03/17 01:00 AM,39.1396491192
02/03/17 02:00 AM,40.1851403233
02/03/17 03:00 AM,40.9409927775
02/03/17 04:00 AM,41.553910555
02/03/17 05:00 AM,42.20852847
02/03/17 06:00 AM,42.7785177308
02/03/17 07:00 AM,43.1830988892
02/03/17 08:00 AM,60.2136400467
02/03/17 09:00 AM,66.5458695825
02/03/17 10:00 AM,65.2928645375
02/03/17 11:00 AM,51.7206993067
02/03/17 12:00 PM,42.7675127317
02/03/17 01:00 PM,44.5208357425
02/03/17 02:00 PM,44.8296410642
02/03/17 03:00 PM,45.152514585
02/03/17 04:00 PM,45.262215695
02/03/17 05:00 PM,55.1069622225
02/03/17 06:00 PM,55.0769095367
02/03/17 07:00 PM,52.6278479175
02/03/17 08:00 PM,55.4270912967
02/03/17 09:00 PM,34.5334630833
02/03/17 10:00 PM,36.2947806258
02/03/17 11:00 PM,38.4860236575
02/04/17 12:00 AM,39.9848094442
02/04/17 01:00 AM,41.5400846758
02/04/17 02:00 AM,42.6231424525
02/04/17 03:00 AM,43.6521961117
02/04/17 04:00 AM,44.3984953717
02/04/17 05:00 AM,44.66099287
02/04/17 06:00 AM,45.3778874067
02/04/17 07:00 AM,45.5906525917
02/04/17 08:00 AM,45.7324602308
02/04/17 09:00 AM,62.3399287492
02/04/17 10:00 AM,66.1824701383
02/04/17 11:00 AM,49.5451100933
02/04/17 12:00 PM,32.5735099717
02/04/17 01:00 PM,43.96731
02/04/17 02:00 PM,40.6679075925
02/04/17 03:00 PM,39.4282424067
02/04/17 04:00 PM,40.7438064342
02/04/17 05:00 PM,42.5198215733
02/04/17 06:00 PM,50.3344893983
02/04/17 07:00 PM,47.7771803708
02/04/17 08:00 PM,37.7834665508
02/04/17 09:00 PM,34.6128707867
02/04/17 10:00 PM,36.4612569458
02/04/17 11:00 PM,37.8186100642
02/05/17 12:00 AM,38.5916167592
02/05/17 01:00 AM,39.2316089342
02/05/17 02:00 AM,39.6720677775
02/05/17 03:00 AM,39.7212501392
02/05/17 04:00 AM,40.1065491675
02/05/17 05:00 AM,40.3518967592
02/05/17 06:00 AM,40.15806926
02/05/17 07:00 AM,39.885622315
02/05/17 08:00 AM,39.9976425933
02/05/17 09:00 AM,57.6910331025
02/05/17 10:00 AM,61.4333854175
02/05/17 11:00 AM,52.7625030092
02/05/17 12:00 PM,38.0908016658
02/05/17 01:00 PM,43.2406589808
02/05/17 02:00 PM,33.2564876433
02/05/17 03:00 PM,33.1404211158
02/05/17 04:00 PM,33.3490268708
02/05/17 05:00 PM,34.0415578058
02/05/17 06:00 PM,43.832294305
02/05/17 07:00 PM,35.7849415367
02/05/17 08:00 PM,30.5723454317
02/05/17 09:00 PM,31.7673884533
02/05/17 10:00 PM,32.72229076
02/05/17 11:00 PM,33.6707995642
02/06/17 12:00 AM,34.6111654492
02/06/17 01:00 AM,35.1489159767
02/06/17 02:00 AM,35.8508258842
02/06/17 03:00 AM,36.2720971767
02/06/17 04:00 AM,37.0039947817
02/06/17 05:00 AM,37.8113892967
02/06/17 06:00 AM,38.3378802308
02/06/17 07:00 AM,38.7171222692
02/06/17 08:00 AM,58.6869752325
02/06/17 09:00 AM,61.0544451842
02/06/17 10:00 AM,36.5854146283
02/06/17 11:00 AM,27.5270298108
02/06/17 12:00 PM,24.4789919392
02/06/17 01:00 PM,23.2869715592
02/06/17 02:00 PM,22.8314136867
02/06/17 03:00 PM,22.757760125
02/06/17 04:00 PM,22.8750284867
02/06/17 05:00 PM,23.0241055925
02/06/17 06:00 PM,22.9377483383
02/06/17 07:00 PM,22.8511747842
02/06/17 08:00 PM,22.4993803942
02/06/17 09:00 PM,22.0556539775
02/06/17 10:00 PM,21.6592166608
02/06/17 11:00 PM,21.3948643525
02/07/17 12:00 AM,21.2040272308
02/07/17 01:00 AM,21.003028515
02/07/17 02:00 AM,20.79646713
02/07/17 03:00 AM,20.6721646017
02/07/17 04:00 AM,20.6160562317
02/07/17 05:00 AM,20.5879763892
02/07/17 06:00 AM,20.5759578325
02/07/17 07:00 AM,20.6055060183
02/07/17 08:00 AM,20.6788649575
02/07/17 09:00 AM,20.7789969583
02/07/17 10:00 AM,20.8667354167
02/07/17 11:00 AM,21.05145837
02/07/17 12:00 PM,21.3114979033
02/07/17 01:00 PM,21.5064603842
02/07/17 02:00 PM,21.6032969625
02/07/17 03:00 PM,21.666438185
02/07/17 04:00 PM,21.7519424025
02/07/17 05:00 PM,22.0334786425
02/07/17 06:00 PM,22.2797652317
02/07/17 07:00 PM,22.3726309958
02/07/17 08:00 PM,22.467770115
02/07/17 09:00 PM,22.4907715008
02/07/17 10:00 PM,22.4746009258
02/07/17 11:00 PM,22.46103287
02/08/17 12:00 AM,22.4547629625
02/08/17 01:00 AM,22.4097673342
02/08/17 02:00 AM,22.3787791675
02/08/17 03:00 AM,22.3422222583
02/08/17 04:00 AM,22.3113618458
02/08/17 05:00 AM,21.9027782508
02/08/17 06:00 AM,21.47675948
02/08/17 07:00 AM,21.32224887
02/08/17 08:00 AM,21.2463060742
02/08/17 09:00 AM,21.0520645658
02/08/17 10:00 AM,20.730379935
02/08/17 11:00 AM,20.5878237917
02/08/17 12:00 PM,21.3024946558
02/08/17 01:00 PM,22.1906354383
02/08/17 02:00 PM,45.2394825925
02/08/17 03:00 PM,58.3061209258
02/08/17 04:00 PM,50.6133793992
02/08/17 05:00 PM,34.7165230642
02/08/17 06:00 PM,27.2424712642
02/08/17 07:00 PM,23.6795854683
02/08/17 08:00 PM,21.6593155425
02/08/17 09:00 PM,20.3593414658
02/08/17 10:00 PM,19.5114921425
02/08/17 11:00 PM,18.8623261008
02/09/17 12:00 AM,18.2756281842
02/09/17 01:00 AM,17.7598578742
02/09/17 02:00 AM,17.278496995
02/09/17 03:00 AM,16.8027500267
02/09/17 04:00 AM,16.4101260567
02/09/17 05:00 AM,16.0224732358
02/09/17 06:00 AM,15.6499904642
02/09/17 07:00 AM,15.287418015
02/09/17 08:00 AM,14.9055195292
02/09/17 09:00 AM,18.3047688525
02/09/17 10:00 AM,50.5700682408
02/09/17 11:00 AM,62.1131364817
02/09/17 12:00 PM,67.3549904158
02/09/17 01:00 PM,69.1218493525
02/09/17 02:00 PM,65.2966318508
02/09/17 03:00 PM,65.4520886567
02/09/17 04:00 PM,48.2252345833
02/09/17 05:00 PM,56.1265426842
02/09/17 06:00 PM,51.4450883342
02/09/17 07:00 PM,55.17323875
02/09/17 08:00 PM,61.7600217125
02/09/17 09:00 PM,41.78174412
02/09/17 10:00 PM,35.0561937742
02/09/17 11:00 PM,38.2213938425
02/10/17 12:00 AM,40.0072863433
02/10/17 01:00 AM,41.575419075
02/10/17 02:00 AM,42.34272588
02/10/17 03:00 AM,42.5435567575
02/10/17 04:00 AM,42.7947474533
02/10/17 05:00 AM,43.5092606483
02/10/17 06:00 AM,43.9377806475
02/10/17 07:00 AM,44.3107018983
02/10/17 08:00 AM,59.2423451858
02/10/17 09:00 AM,66.5353938875
02/10/17 10:00 AM,52.2185212025
02/10/17 11:00 AM,32.4449350467
02/10/17 12:00 PM,32.095951195
02/10/17 01:00 PM,34.2138680108
02/10/17 02:00 PM,46.8641616667
02/10/17 03:00 PM,50.4666465267
02/10/17 04:00 PM,49.1995478242
02/10/17 05:00 PM,45.9221300917
02/10/17 06:00 PM,51.7060700917
02/10/17 07:00 PM,45.09326264
02/10/17 08:00 PM,50.0984032867
02/10/17 09:00 PM,36.489362545
02/10/17 10:00 PM,32.8240557875
02/10/17 11:00 PM,34.7982547042
02/11/17 12:00 AM,35.7604284117
02/11/17 01:00 AM,36.5976222358
02/11/17 02:00 AM,36.8990555692
02/11/17 03:00 AM,37.0793152692
02/11/17 04:00 AM,36.9139057442
02/11/17 05:00 AM,36.987594385
02/11/17 06:00 AM,36.7035523883
02/11/17 07:00 AM,36.6075591983
02/11/17 08:00 AM,36.4295939025
02/11/17 09:00 AM,59.53053963
02/11/17 10:00 AM,47.3087405092
02/11/17 11:00 AM,34.0960780608
02/11/17 12:00 PM,26.6500830683
02/11/17 01:00 PM,24.1932107958
02/11/17 02:00 PM,23.2123502217
02/11/17 03:00 PM,22.7731374867
02/11/17 04:00 PM,22.635797685
02/11/17 05:00 PM,22.5745032083
02/11/17 06:00 PM,22.3078759075
02/11/17 07:00 PM,37.4904521192
02/11/17 08:00 PM,28.8922583475
02/11/17 09:00 PM,26.8392188975
02/11/17 10:00 PM,27.7755481342
02/11/17 11:00 PM,28.2405412683
02/12/17 12:00 AM,28.7891593008
02/12/17 01:00 AM,29.236554175
02/12/17 02:00 AM,29.7370206533
02/12/17 03:00 AM,29.9405396108
02/12/17 04:00 AM,30.28044448
02/12/17 05:00 AM,30.5620296308
02/12/17 06:00 AM,30.684422505
02/12/17 07:00 AM,30.8510621542
02/12/17 08:00 AM,30.8774409908
02/12/17 09:00 AM,45.38387037
02/12/17 10:00 AM,39.3032882308
02/12/17 11:00 AM,29.0194342258
02/12/17 12:00 PM,24.9293236067
02/12/17 01:00 PM,23.296173375
02/12/17 02:00 PM,29.7749479167
02/12/17 03:00 PM,32.4792304158
02/12/17 04:00 PM,25.31937507
02/12/17 05:00 PM,33.8759211158
02/12/17 06:00 PM,38.1650942325
02/12/17 07:00 PM,39.9086944442
02/12/17 08:00 PM,31.5549919867
02/12/17 09:00 PM,35.182168825
02/12/17 10:00 PM,39.8844164683
02/12/17 11:00 PM,43.7798755092
02/13/17 12:00 AM,46.1500212042
02/13/17 01:00 AM,47.3644540267
02/13/17 02:00 AM,48.346077685
02/13/17 03:00 AM,48.8309406025
02/13/17 04:00 AM,48.87835463
02/13/17 05:00 AM,46.56204051
02/13/17 06:00 AM,44.3182661583
02/13/17 07:00 AM,43.8941149992
02/13/17 08:00 AM,62.6316476383
02/13/17 09:00 AM,66.088539445
02/13/17 10:00 AM,64.0491709258
02/13/17 11:00 AM,44.4299483333
02/13/17 12:00 PM,42.7066527792
02/13/17 01:00 PM,37.6371549017
02/13/17 02:00 PM,27.1350564958
02/13/17 03:00 PM,23.4066668758
02/13/17 04:00 PM,34.79398417
02/13/17 05:00 PM,29.5796488842
02/13/17 06:00 PM,41.8822417133
02/13/17 07:00 PM,42.6070941658
02/13/17 08:00 PM,43.0768066192
02/13/17 09:00 PM,32.2115595117
02/13/17 10:00 PM,31.8469599208
02/13/17 11:00 PM,32.9330576825
02/14/17 12:00 AM,34.1451598992
02/14/17 01:00 AM,34.8006684408
02/14/17 02:00 AM,35.3252608833
02/14/17 03:00 AM,35.9806858758
02/14/17 04:00 AM,36.4985696708
02/14/17 05:00 AM,37.0478443517
02/14/17 06:00 AM,37.3028977358
02/14/17 07:00 AM,37.522326055
02/14/17 08:00 AM,60.0741222225
02/14/17 09:00 AM,59.3939701383
02/14/17 10:00 AM,42.2561716217
02/14/17 11:00 AM,34.2027691708
02/14/17 12:00 PM,26.1374564075
02/14/17 01:00 PM,23.5430708183
02/14/17 02:00 PM,22.5357525283
02/14/17 03:00 PM,22.1494185175
02/14/17 04:00 PM,22.033888575
02/14/17 05:00 PM,22.0128429858
02/14/17 06:00 PM,31.249344675
02/14/17 07:00 PM,32.8228536333
02/14/17 08:00 PM,32.2195472367
02/14/17 09:00 PM,29.5521322392
02/14/17 10:00 PM,31.2682638283
02/14/17 11:00 PM,32.3231755517
02/15/17 12:00 AM,33.0290734125
02/15/17 01:00 AM,33.402753745
02/15/17 02:00 AM,33.6320856208
02/15/17 03:00 AM,33.1786916708
02/15/17 04:00 AM,33.4050095417
02/15/17 05:00 AM,33.5876000092
02/15/17 06:00 AM,33.9036404592
02/15/17 07:00 AM,34.1327176483
02/15/17 08:00 AM,55.6428512967
02/15/17 09:00 AM,50.6475965733
02/15/17 10:00 AM,37.8848902325
02/15/17 11:00 AM,36.30068988
02/15/17 12:00 PM,32.570097685
02/15/17 01:00 PM,37.5376761158
02/15/17 02:00 PM,38.6677565742
02/15/17 03:00 PM,39.500713935
02/15/17 04:00 PM,40.3250299992
02/15/17 05:00 PM,40.7493681492
02/15/17 06:00 PM,41.7138289358
02/15/17 07:00 PM,42.4985227783
02/15/17 08:00 PM,43.2283423142
02/15/17 09:00 PM,33.2308535975
02/15/17 10:00 PM,33.3677580567
02/15/17 11:00 PM,34.8843563092
02/16/17 12:00 AM,35.91208837
02/16/17 01:00 AM,36.7515675842
02/16/17 02:00 AM,37.5581212725
02/16/17 03:00 AM,37.632835945
02/16/17 04:00 AM,38.3423613975
02/16/17 05:00 AM,38.7077400467
02/16/17 06:00 AM,39.2842738892
02/16/17 07:00 AM,39.2991265292
02/16/17 08:00 AM,60.051821435
02/16/17 09:00 AM,65.86411676
02/16/17 10:00 AM,56.3694316658
02/16/17 11:00 AM,45.43017551
02/16/17 12:00 PM,45.0347660642
02/16/17 01:00 PM,44.0767571767
02/16/17 02:00 PM,44.2582264342
02/16/17 03:00 PM,43.5835070833
02/16/17 04:00 PM,43.0987873608
02/16/17 05:00 PM,42.5391778708
02/16/17 06:00 PM,43.8250244908
02/16/17 07:00 PM,44.541025555
02/16/17 08:00 PM,48.592198425
02/16/17 09:00 PM,37.9379561567
02/16/17 10:00 PM,33.0217789408
02/16/17 11:00 PM,35.3804398375
02/17/17 12:00 AM,36.75767001
02/17/17 01:00 AM,37.8861981475
02/17/17 02:00 AM,38.6031176842
02/17/17 03:00 AM,38.5590686567
02/17/17 04:00 AM,39.0503965275
02/17/17 05:00 AM,39.08661338
02/17/17 06:00 AM,38.8771786117
02/17/17 07:00 AM,39.3726302775
02/17/17 08:00 AM,61.4352439342
02/17/17 09:00 AM,58.1827006942
02/17/17 10:00 AM,33.7384733058
02/17/17 11:00 AM,26.0985917117
02/17/17 12:00 PM,23.3777510625
02/17/17 01:00 PM,22.3851744725
02/17/17 02:00 PM,22.0878615192
02/17/17 03:00 PM,22.19492731
02/17/17 04:00 PM,22.4719238658
02/17/17 05:00 PM,22.6980993892
02/17/17 06:00 PM,22.6331521708
02/17/17 07:00 PM,27.7110488067
02/17/17 08:00 PM,31.6947481442
02/17/17 09:00 PM,28.7395108883
02/17/17 10:00 PM,30.40163081
02/17/17 11:00 PM,31.1765320875
02/18/17 12:00 AM,31.8497081942
02/18/17 01:00 AM,32.3428125333
02/18/17 02:00 AM,32.7243879767
02/18/17 03:00 AM,33.0664105833
02/18/17 04:00 AM,33.3003574083
02/18/17 05:00 AM,33.5889282308
02/18/17 06:00 AM,33.648812075
02/18/17 07:00 AM,33.5407591717
02/18/17 08:00 AM,33.2205328467
02/18/17 09:00 AM,43.3404742467
02/18/17 10:00 AM,29.743279225
02/18/17 11:00 AM,25.7251912175
02/18/17 12:00 PM,24.5063034575
02/18/17 01:00 PM,24.1574652317
02/18/17 02:00 PM,24.181653745
02/18/17 03:00 PM,24.4050290983
02/18/17 04:00 PM,24.641161335
02/18/17 05:00 PM,24.7665243608
02/18/17 06:00 PM,24.6617210175
02/18/17 07:00 PM,24.2136011575
02/18/17 08:00 PM,23.6621039308
02/18/17 09:00 PM,23.210583625
02/18/17 10:00 PM,22.8318495375
02/18/17 11:00 PM,22.4787543992
02/19/17 12:00 AM,22.1142219658
02/19/17 01:00 AM,21.7169146442
02/19/17 02:00 AM,26.4938477325
02/19/17 03:00 AM,27.7033525817
02/19/17 04:00 AM,28.0300226708
02/19/17 05:00 AM,28.666914195
02/19/17 06:00 AM,29.1603547967
02/19/17 07:00 AM,29.3438240792
02/19/17 08:00 AM,29.6949846983
02/19/17 09:00 AM,33.0633486108
02/19/17 10:00 AM,31.4012512033
02/19/17 11:00 AM,26.9714770367
02/19/17 12:00 PM,24.1563871767
02/19/17 01:00 PM,23.6323231475
02/19/17 02:00 PM,23.6564245367
02/19/17 03:00 PM,23.6877861108
02/19/17 04:00 PM,23.7791287958
02/19/17 05:00 PM,23.8532505367
02/19/17 06:00 PM,23.9033087775
02/19/17 07:00 PM,23.8765499442
02/19/17 08:00 PM,23.8161439442
02/19/17 09:00 PM,23.6530463375
02/19/17 10:00 PM,23.2857021392
02/19/17 11:00 PM,22.8648345367
02/20/17 12:00 AM,21.9891728908
02/20/17 01:00 AM,23.5888809717
02/20/17 02:00 AM,27.0438084083
02/20/17 03:00 AM,27.2123907408
02/20/17 04:00 AM,28.2212038792
02/20/17 05:00 AM,28.6960175925
02/20/17 06:00 AM,29.1843048933
02/20/17 07:00 AM,29.93022649
02/20/17 08:00 AM,33.8085650083
02/20/17 09:00 AM,32.4731562492
02/20/17 10:00 AM,31.3363365417
02/20/17 11:00 AM,27.2123053008
02/20/17 12:00 PM,24.2895963617
02/20/17 01:00 PM,23.6902863667
02/20/17 02:00 PM,23.706234065
02/20/17 03:00 PM,23.9632569225
02/20/17 04:00 PM,24.2201166958
02/20/17 05:00 PM,24.4211345417
02/20/17 06:00 PM,24.2704765317
02/20/17 07:00 PM,23.8038476383
02/20/17 08:00 PM,23.2282108533
02/20/17 09:00 PM,22.697528515
02/20/17 10:00 PM,22.2604495133
02/20/17 11:00 PM,21.9009882317
02/21/17 12:00 AM,21.56776669
02/21/17 01:00 AM,24.0998323517
02/21/17 02:00 AM,27.0964124725
02/21/17 03:00 AM,27.3291185183
02/21/17 04:00 AM,27.2089971983
02/21/17 05:00 AM,27.7694771525
02/21/17 06:00 AM,27.9899689308
02/21/17 07:00 AM,28.4491338242
02/21/17 08:00 AM,32.1877904817
02/21/17 09:00 AM,30.533869825
02/21/17 10:00 AM,25.6473964817
02/21/17 11:00 AM,23.4208856058
02/21/17 12:00 PM,23.07469384
02/21/17 01:00 PM,23.15934062
02/21/17 02:00 PM,23.2879491333
02/21/17 03:00 PM,23.440114815
02/21/17 04:00 PM,23.5619083342
02/21/17 05:00 PM,23.6122108942
02/21/17 06:00 PM,34.7352188975
02/21/17 07:00 PM,30.1091353608
02/21/17 08:00 PM,27.2851606208
02/21/17 09:00 PM,25.4933905267
02/21/17 10:00 PM,24.7701446775
02/21/17 11:00 PM,24.5556834108
02/22/17 12:00 AM,24.1631768525
02/22/17 01:00 AM,24.0031986892
02/22/17 02:00 AM,23.9046484217
02/22/17 03:00 AM,23.80552311
02/22/17 04:00 AM,23.7413560775
02/22/17 05:00 AM,23.6809749583
02/22/17 06:00 AM,23.613947945
02/22/17 07:00 AM,23.5368025058
02/22/17 08:00 AM,23.0415877
02/22/17 09:00 AM,22.2669395925
02/22/17 10:00 AM,22.48696781
02/22/17 11:00 AM,22.6566317358
02/22/17 12:00 PM,22.7871090042
02/22/17 01:00 PM,22.8619513842
02/22/17 02:00 PM,22.9295972775
02/22/17 03:00 PM,23.1218226667
02/22/17 04:00 PM,23.3438420108
02/22/17 05:00 PM,23.5792905458
02/22/17 06:00 PM,23.7678416617
02/22/17 07:00 PM,23.8578829017
02/22/17 08:00 PM,23.9652560183
02/22/17 09:00 PM,23.8938731483
02/22/17 10:00 PM,23.872898325
02/22/17 11:00 PM,24.2634036725
02/23/17 12:00 AM,24.6124689767
02/23/17 01:00 AM,24.4138639208
02/23/17 02:00 AM,24.30568958
02/23/17 03:00 AM,24.2592050933
02/23/17 04:00 AM,24.1973039817
02/23/17 05:00 AM,24.082127065
02/23/17 06:00 AM,23.9719157417
02/23/17 07:00 AM,23.8926126992
02/23/17 08:00 AM,23.8080127358
02/23/17 09:00 AM,23.7111699083
02/23/17 10:00 AM,23.6149097325
02/23/17 11:00 AM,23.62615251
02/23/17 12:00 PM,23.676853065
02/23/17 01:00 PM,23.7499060192
02/23/17 02:00 PM,23.9601849383
02/23/17 03:00 PM,17.04303693
02/23/17 04:00 PM,17.6213605142
02/23/17 05:00 PM,18.573258115
02/23/17 06:00 PM,20.4963343417
02/23/17 07:00 PM,21.4876548367
02/23/17 08:00 PM,22.14282018
02/23/17 09:00 PM,22.5326645183
02/23/17 10:00 PM,22.7076760042
02/23/17 11:00 PM,22.9098921308
02/24/17 12:00 AM,23.0676530425
02/24/17 01:00 AM,23.3139273042
02/24/17 02:00 AM,23.5725637408
02/24/17 03:00 AM,24.063112875
02/24/17 04:00 AM,24.1636972175
02/24/17 05:00 AM,24.0625414308
02/24/17 06:00 AM,24.0209481017
02/24/17 07:00 AM,24.0067155183
02/24/17 08:00 AM,23.8997902783
02/24/17 09:00 AM,23.7667324075
02/24/17 10:00 AM,23.7181707033
02/24/17 11:00 AM,23.8182566483
02/24/17 12:00 PM,23.934459485
02/24/17 01:00 PM,24.0472729258
02/24/17 02:00 PM,24.4248527967
02/24/17 03:00 PM,24.9166985633
02/24/17 04:00 PM,25.2875676392
02/24/17 05:00 PM,25.4057349167
02/24/17 06:00 PM,25.3955865733
02/24/17 07:00 PM,25.3361996158
02/24/17 08:00 PM,25.2221083333
02/24/17 09:00 PM,25.1345637075
02/24/17 10:00 PM,25.0531018608
02/24/17 11:00 PM,25.0019245375
02/25/17 12:00 AM,25.0459664583
02/25/17 01:00 AM,25.31734463
02/25/17 02:00 AM,25.321268055
02/25/17 03:00 AM,25.2020499483
02/25/17 04:00 AM,25.1219305692
02/25/17 05:00 AM,25.0383166392
02/25/17 06:00 AM,24.8937199292
02/25/17 07:00 AM,24.6539122767
02/25/17 08:00 AM,24.47687176
02/25/17 09:00 AM,23.8247608233
02/25/17 10:00 AM,22.2770019667
02/25/17 11:00 AM,21.7675527733
02/25/17 12:00 PM,21.5251634267
02/25/17 01:00 PM,21.351088515
02/25/17 02:00 PM,21.2976250008
02/25/17 03:00 PM,21.3250518475
02/25/17 04:00 PM,21.2583791117
02/25/17 05:00 PM,20.9412372217
02/25/17 06:00 PM,30.151326125
02/25/17 07:00 PM,35.5200437192
02/25/17 08:00 PM,29.0749392258
02/25/17 09:00 PM,30.1635614167
02/25/17 10:00 PM,31.55699006
02/25/17 11:00 PM,32.7289467608
02/26/17 12:00 AM,33.6121136167
02/26/17 01:00 AM,34.4525462592
02/26/17 02:00 AM,35.34417743
02/26/17 03:00 AM,35.9326038233
02/26/17 04:00 AM,36.41451875
02/26/17 05:00 AM,36.6810606892
02/26/17 06:00 AM,37.165475
02/26/17 07:00 AM,37.4884375933
02/26/17 08:00 AM,37.7739971183
02/26/17 09:00 AM,56.7791751383
02/26/17 10:00 AM,60.7209558342
02/26/17 11:00 AM,41.7155715742
02/26/17 12:00 PM,40.4857787958
02/26/17 01:00 PM,37.1965830508
02/26/17 02:00 PM,26.8496035508
02/26/17 03:00 PM,23.5797041617
02/26/17 04:00 PM,27.8686771433
02/26/17 05:00 PM,27.0423778767
02/26/17 06:00 PM,33.9650616075
02/26/17 07:00 PM,36.1463985842
02/26/17 08:00 PM,29.8804638983
02/26/17 09:00 PM,30.7171777267
02/26/17 10:00 PM,32.2410250558
02/26/17 11:00 PM,33.1014310125
02/27/17 12:00 AM,34.4900650417
02/27/17 01:00 AM,35.077303005
02/27/17 02:00 AM,35.2375302067
02/27/17 03:00 AM,35.426981945
02/27/17 04:00 AM,35.2014224675
02/27/17 05:00 AM,35.3967486158
02/27/17 06:00 AM,35.4691141292
02/27/17 07:00 AM,35.231558135
02/27/17 08:00 AM,56.2240793975
02/27/17 09:00 AM,46.5313462967
02/27/17 10:00 AM,33.5410157725
02/27/17 11:00 AM,32.2422957958
02/27/17 12:00 PM,31.3256541433
02/27/17 01:00 PM,29.3781463292
02/27/17 02:00 PM,24.6340943242
02/27/17 03:00 PM,27.7005161842
02/27/17 04:00 PM,34.6166910142
02/27/17 05:00 PM,26.4956817217
02/27/17 06:00 PM,32.1993324942
02/27/17 07:00 PM,32.651721995
02/27/17 08:00 PM,32.5935715125
02/27/17 09:00 PM,28.3867944458
02/27/17 10:00 PM,29.072040955
02/27/17 11:00 PM,29.68593725
02/28/17 12:00 AM,30.2847819458
02/28/17 01:00 AM,30.5975511158
02/28/17 02:00 AM,30.623077505
02/28/17 03:00 AM,30.0544863425
02/28/17 04:00 AM,30.5943921817
02/28/17 05:00 AM,31.0647632075
02/28/17 06:00 AM,31.5681957458
02/28/17 07:00 AM,32.2122162033
02/28/17 08:00 AM,48.4025231483
02/28/17 09:00 AM,33.2049354633
02/28/17 10:00 AM,27.8003624625
02/28/17 11:00 AM,23.9571149075
02/28/17 12:00 PM,22.7732073533
02/28/17 01:00 PM,22.2648554583
02/28/17 02:00 PM,22.0799910133
02/28/17 03:00 PM,22.0538736017
02/28/17 04:00 PM,22.0015673142
02/28/17 05:00 PM,27.4046371892
02/28/17 06:00 PM,26.0500386067
02/28/17 07:00 PM,23.4734547867
02/28/17 08:00 PM,22.36650439
02/28/17 09:00 PM,25.4139395
02/28/17 10:00 PM,22.7235819625
02/28/17 11:00 PM,22.2845541675
03/01/17 12:00 AM,22.4025895658
03/01/17 01:00 AM,22.47412826
03/01/17 02:00 AM,22.4850701658
03/01/17 03:00 AM,22.5749177833
03/01/17 04:00 AM,22.7078171525
03/01/17 05:00 AM,22.6358362925
03/01/17 06:00 AM,22.6209368517
03/01/17 07:00 AM,22.577502315
03/01/17 08:00 AM,22.4630744025
03/01/17 09:00 AM,22.3558590225
03/01/17 10:00 AM,22.2984219767
03/01/17 11:00 AM,29.2701380883
03/01/17 12:00 PM,37.4876766192
03/01/17 01:00 PM,33.4583826708
03/01/17 02:00 PM,31.99742076
03/01/17 03:00 PM,30.2330036033
03/01/17 04:00 PM,27.6686047133
03/01/17 05:00 PM,25.6696642858
03/01/17 06:00 PM,24.2368342592
03/01/17 07:00 PM,23.4341812867
03/01/17 08:00 PM,24.98060969
03/01/17 09:00 PM,26.2820805925
03/01/17 10:00 PM,22.591932555
03/01/17 11:00 PM,20.95325018
03/02/17 12:00 AM,19.9923694075
03/02/17 01:00 AM,19.2610178883
03/02/17 02:00 AM,18.6625859717
03/02/17 03:00 AM,20.5081571942
03/02/17 04:00 AM,28.9964724217
03/02/17 05:00 AM,29.5690685367
03/02/17 06:00 AM,30.3246091892
03/02/17 07:00 AM,31.1194182875
03/02/17 08:00 AM,56.7443168983
03/02/17 09:00 AM,59.8507893058
03/02/17 10:00 AM,59.9752607858
03/02/17 11:00 AM,41.7692496617
03/02/17 12:00 PM,37.4747738467
03/02/17 01:00 PM,27.8704852067
03/02/17 02:00 PM,34.3969221792
03/02/17 03:00 PM,31.3221536725
03/02/17 04:00 PM,35.8875195642
03/02/17 05:00 PM,37.9604250742
03/02/17 06:00 PM,38.4413335375
03/02/17 07:00 PM,39.6468061108
03/02/17 08:00 PM,40.7141155542
03/02/17 09:00 PM,30.1153469392
03/02/17 10:00 PM,22.8583040817
03/02/17 11:00 PM,19.9823113092
03/03/17 12:00 AM,20.6004067225
03/03/17 01:00 AM,28.1719460608
03/03/17 02:00 AM,29.0922116242
03/03/17 03:00 AM,29.9239630642
03/03/17 04:00 AM,30.808971485
03/03/17 05:00 AM,31.7779895458
03/03/17 06:00 AM,32.0524249625
03/03/17 07:00 AM,32.3763041767
03/03/17 08:00 AM,58.2496862042
03/03/17 09:00 AM,59.9424057875
03/03/17 10:00 AM,47.1865813142
03/03/17 11:00 AM,43.8362562967
03/03/17 12:00 PM,39.7534436108
03/03/17 01:00 PM,39.9823895375
03/03/17 02:00 PM,45.5886387492
03/03/17 03:00 PM,36.05000568
03/03/17 04:00 PM,40.9054474583
03/03/17 05:00 PM,43.5229127308
03/03/17 06:00 PM,44.3130613433
03/03/17 07:00 PM,46.09964736
03/03/17 08:00 PM,46.8380719908
03/03/17 09:00 PM,32.3829618558
03/03/17 10:00 PM,23.2703511058
03/03/17 11:00 PM,19.80102981
03/04/17 12:00 AM,26.0278051708
03/04/17 01:00 AM,29.965842055
03/04/17 02:00 AM,31.4319037142
03/04/17 03:00 AM,32.5194810617
03/04/17 04:00 AM,33.3685384442
03/04/17 05:00 AM,33.8884921033
03/04/17 06:00 AM,34.51443936
03/04/17 07:00 AM,34.7521372225
03/04/17 08:00 AM,34.1417480792
03/04/17 09:00 AM,55.9323598608
03/04/17 10:00 AM,37.6032563133
03/04/17 11:00 AM,25.8467292175
03/04/17 12:00 PM,21.70470038
03/04/17 01:00 PM,30.6883653092
03/04/17 02:00 PM,25.9681777542
03/04/17 03:00 PM,21.6804310183
03/04/17 04:00 PM,24.0833202642
03/04/17 05:00 PM,31.037121625
03/04/17 06:00 PM,35.05717237
03/04/17 07:00 PM,40.0406631017
03/04/17 08:00 PM,29.2549175692
03/04/17 09:00 PM,24.1541207875
03/04/17 10:00 PM,29.7504304858
03/04/17 11:00 PM,30.9765777492
03/05/17 12:00 AM,32.1472989083
03/05/17 01:00 AM,32.9560740275
03/05/17 02:00 AM,33.9449744808
03/05/17 03:00 AM,34.4494203892
03/05/17 04:00 AM,35.1546625283
03/05/17 05:00 AM,35.6753402467
03/05/17 06:00 AM,35.9919469633
03/05/17 07:00 AM,36.4634172083
03/05/17 08:00 AM,35.3657101208
03/05/17 09:00 AM,58.4646745842
03/05/17 10:00 AM,37.4218353933
03/05/17 11:00 AM,25.5338046425
03/05/17 12:00 PM,21.7725491117
03/05/17 01:00 PM,20.4627363742
03/05/17 02:00 PM,20.0897185417
03/05/17 03:00 PM,20.144278665
03/05/17 04:00 PM,20.3429245367
03/05/17 05:00 PM,20.516580555
03/05/17 06:00 PM,20.6109087958
03/05/17 07:00 PM,27.1904641658
03/05/17 08:00 PM,26.0058546058
03/05/17 09:00 PM,21.7213924258
03/05/17 10:00 PM,19.9813542325
03/05/17 11:00 PM,23.5121366825
03/06/17 12:00 AM,28.0607319583
03/06/17 01:00 AM,27.7882784725
03/06/17 02:00 AM,28.0763164175
03/06/17 03:00 AM,28.2782522542
03/06/17 04:00 AM,28.4347657317
03/06/17 05:00 AM,28.1643872183
03/06/17 06:00 AM,25.6993055092
03/06/17 07:00 AM,27.4349034408
03/06/17 08:00 AM,54.7396500467
03/06/17 09:00 AM,53.0537595833
03/06/17 10:00 AM,34.5847948383
03/06/17 11:00 AM,32.8465492575
03/06/17 12:00 PM,27.7262781517
03/06/17 01:00 PM,24.0443057867
03/06/17 02:00 PM,23.1711393008
03/06/17 03:00 PM,22.9596339908
03/06/17 04:00 PM,22.8274444633
03/06/17 05:00 PM,28.076400695
03/06/17 06:00 PM,33.5412900558
03/06/17 07:00 PM,33.5597129492
03/06/17 08:00 PM,33.4347692683
03/06/17 09:00 PM,27.2850677883
03/06/17 10:00 PM,23.19201362
03/06/17 11:00 PM,21.5660148383
03/07/17 12:00 AM,20.8006597
03/07/17 01:00 AM,20.3759723567
03/07/17 02:00 AM,20.0854467
03/07/17 03:00 AM,19.8958948658
03/07/17 04:00 AM,19.7549293892
03/07/17 05:00 AM,19.66748174
03/07/17 06:00 AM,19.6244474258
03/07/17 07:00 AM,19.5549254633
03/07/17 08:00 AM,48.9260975917
03/07/17 09:00 AM,42.5540683733
03/07/17 10:00 AM,31.114567785
03/07/17 11:00 AM,28.5905083333
03/07/17 12:00 PM,26.2729478842
03/07/17 01:00 PM,24.574971635
03/07/17 02:00 PM,23.2879550967
03/07/17 03:00 PM,22.8136791658
03/07/17 04:00 PM,28.13543731
03/07/17 05:00 PM,27.291353435
03/07/17 06:00 PM,23.4942275433
03/07/17 07:00 PM,29.76206225
03/07/17 08:00 PM,28.2496625508
03/07/17 09:00 PM,26.1237738467
03/07/17 10:00 PM,23.006028745
03/07/17 11:00 PM,21.5622168758
03/08/17 12:00 AM,20.4779964808
03/08/17 01:00 AM,19.7468083
03/08/17 02:00 AM,19.3181818475
03/08/17 03:00 AM,18.998444685
03/08/17 04:00 AM,18.7244107908
03/08/17 05:00 AM,23.4849550083
03/08/17 06:00 AM,25.1334055958
03/08/17 07:00 AM,28.0112141375
03/08/17 08:00 AM,51.8654035658
03/08/17 09:00 AM,48.72395935
03/08/17 10:00 AM,30.2980585683
03/08/17 11:00 AM,25.110827
03/08/17 12:00 PM,23.3371074083
03/08/17 01:00 PM,22.6988930725
03/08/17 02:00 PM,22.4380604633
03/08/17 03:00 PM,22.34592082
03/08/17 04:00 PM,22.3604919275
03/08/17 05:00 PM,22.4630745375
03/08/17 06:00 PM,22.5157321208
03/08/17 07:00 PM,22.226947455
03/08/17 08:00 PM,26.7425875
03/08/17 09:00 PM,26.9327367967
03/08/17 10:00 PM,23.0378426292
03/08/17 11:00 PM,21.5022308325
03/09/17 12:00 AM,20.6963535183
03/09/17 01:00 AM,20.2018159683
03/09/17 02:00 AM,19.8437126892
03/09/17 03:00 AM,19.5599979058
03/09/17 04:00 AM,19.3489215042
03/09/17 05:00 AM,19.1089178467
03/09/17 06:00 AM,18.8635195692
03/09/17 07:00 AM,22.0777438025
03/09/17 08:00 AM,53.9885400008
03/09/17 09:00 AM,44.6652903225
03/09/17 10:00 AM,29.38472529
03/09/17 11:00 AM,25.77441319
03/09/17 12:00 PM,23.8838263092
03/09/17 01:00 PM,23.3021965083
03/09/17 02:00 PM,23.1808472225
03/09/17 03:00 PM,23.2447173017
03/09/17 04:00 PM,23.217306495
03/09/17 05:00 PM,23.1204321475
03/09/17 06:00 PM,23.0485041433
03/09/17 07:00 PM,22.9758115508
03/09/17 08:00 PM,22.7513227133
03/09/17 09:00 PM,21.7009315642
03/09/17 10:00 PM,21.1150232742
03/09/17 11:00 PM,20.5079707683
03/10/17 12:00 AM,19.8618382175
03/10/17 01:00 AM,19.2389294292
03/10/17 02:00 AM,18.6898487683
03/10/17 03:00 AM,29.3599435592
03/10/17 04:00 AM,28.313026395
03/10/17 05:00 AM,28.9860900192
03/10/17 06:00 AM,29.3735754475
03/10/17 07:00 AM,30.0957393508
03/10/17 08:00 AM,54.8700985183
03/10/17 09:00 AM,60.8697050933
03/10/17 10:00 AM,46.8849119908
03/10/17 11:00 AM,36.3912535233
03/10/17 12:00 PM,26.879759565
03/10/17 01:00 PM,39.6414882075
03/10/17 02:00 PM,28.6507492725
03/10/17 03:00 PM,38.4285884983
03/10/17 04:00 PM,41.0722595825
03/10/17 05:00 PM,41.7534782408
03/10/17 06:00 PM,43.0815299542
03/10/17 07:00 PM,44.3539734725
03/10/17 08:00 PM,46.0280476375
03/10/17 09:00 PM,31.999250435
03/10/17 10:00 PM,23.1424444633
03/10/17 11:00 PM,20.64573358
03/11/17 12:00 AM,29.2005951567
03/11/17 01:00 AM,30.411042695
03/11/17 02:00 AM,31.5301893333
03/11/17 03:00 AM,32.2948907408
03/11/17 04:00 AM,33.01469589
03/11/17 05:00 AM,33.5161136708
03/11/17 06:00 AM,34.4839394117
03/11/17 07:00 AM,34.92183842
03/11/17 08:00 AM,34.3031342442
03/11/17 09:00 AM,59.6589733792
03/11/17 10:00 AM,48.67184324
03/11/17 11:00 AM,38.9735680808
03/11/17 12:00 PM,25.595971505
03/11/17 01:00 PM,33.89555418
03/11/17 02:00 PM,29.7418142208
03/11/17 03:00 PM,35.7068399725
03/11/17 04:00 PM,31.3582511417
03/11/17 05:00 PM,34.0744915258
03/11/17 06:00 PM,43.0421160508
03/11/17 07:00 PM,44.1948287033
03/11/17 08:00 PM,30.8997285583
03/11/17 09:00 PM,24.965739115
03/11/17 10:00 PM,30.2876999433
03/11/17 11:00 PM,31.9734113742
03/12/17 12:00 AM,33.0989383142
03/12/17 01:00 AM,33.6950789725
03/12/17 02:00 AM,34.3808817458
03/12/17 03:00 AM,34.7611437125
03/12/17 04:00 AM,34.8728062492
03/12/17 05:00 AM,35.0003598517
03/12/17 06:00 AM,34.8891719225
03/12/17 07:00 AM,34.8987335225
03/12/17 08:00 AM,57.7610968975
03/12/17 09:00 AM,56.6000181475
03/12/17 10:00 AM,43.5236703708
03/12/17 11:00 AM,36.976943075
03/12/17 12:00 PM,29.5024097208
03/12/17 01:00 PM,37.6210836567
03/12/17 02:00 PM,27.7747883483
03/12/17 03:00 PM,34.9448593967
03/12/17 04:00 PM,31.8542501758
03/12/17 05:00 PM,27.2054617858
03/12/17 06:00 PM,41.3417236667
03/12/17 07:00 PM,29.5919591792
03/12/17 08:00 PM,27.3004799583
03/12/17 09:00 PM,29.7938066858
03/12/17 10:00 PM,31.2404252183
03/12/17 11:00 PM,31.9538845517
03/13/17 12:00 AM,32.8925382267
03/13/17 01:00 AM,33.5820527925
03/13/17 02:00 AM,33.9817553708
03/13/17 03:00 AM,34.7899066575
03/13/17 04:00 AM,35.3705893017
03/13/17 05:00 AM,35.66401112
03/13/17 06:00 AM,35.7248425792
03/13/17 07:00 AM,56.0261140283
03/13/17 08:00 AM,60.8829980092
03/13/17 09:00 AM,60.20328625
03/13/17 10:00 AM,44.4179385825
03/13/17 11:00 AM,38.4503290833
03/13/17 12:00 PM,40.58660213
03/13/17 01:00 PM,28.1998368658
03/13/17 02:00 PM,26.4798651058
03/13/17 03:00 PM,34.5348909583
03/13/17 04:00 PM,25.3707386992
03/13/17 05:00 PM,42.4709832117
03/13/17 06:00 PM,40.5520979617
03/13/17 07:00 PM,42.9709655558
03/13/17 08:00 PM,31.9876379158
03/13/17 09:00 PM,24.282889735
03/13/17 10:00 PM,21.3862804775
03/13/17 11:00 PM,19.9338095458
03/14/17 12:00 AM,20.0807106017
03/14/17 01:00 AM,27.2270836117
03/14/17 02:00 AM,28.1592710842
03/14/17 03:00 AM,28.8280301033
03/14/17 04:00 AM,29.4016685633
03/14/17 05:00 AM,29.7057416442
03/14/17 06:00 AM,30.2616616192
03/14/17 07:00 AM,54.8247312033
03/14/17 08:00 AM,61.0316869433
03/14/17 09:00 AM,57.5106130542
03/14/17 10:00 AM,47.4711245833
03/14/17 11:00 AM,47.9018100933
03/14/17 12:00 PM,47.8294864342
03/14/17 01:00 PM,48.0374595367
03/14/17 02:00 PM,47.9911067125
03/14/17 03:00 PM,50.3281902317
03/14/17 04:00 PM,47.305271575
03/14/17 05:00 PM,51.2367803708
03/14/17 06:00 PM,52.6974307867
03/14/17 07:00 PM,51.5474337492
03/14/17 08:00 PM,36.2827273975
03/14/17 09:00 PM,24.00169956
03/14/17 10:00 PM,30.5132564717
03/14/17 11:00 PM,32.2304852117
03/15/17 12:00 AM,34.3381472642
03/15/17 01:00 AM,35.4773823292
03/15/17 02:00 AM,36.8955734167
03/15/17 03:00 AM,37.8470319075
03/15/17 04:00 AM,38.7317932883
03/15/17 05:00 AM,39.3400987492
03/15/17 06:00 AM,39.8974472208
03/15/17 07:00 AM,59.9070225917
03/15/17 08:00 AM,60.6448479625
03/15/17 09:00 AM,59.76176463
03/15/17 10:00 AM,60.1610160192
03/15/17 11:00 AM,59.8483150467
03/15/17 12:00 PM,53.5283731942
03/15/17 01:00 PM,50.0664438425
03/15/17 02:00 PM,47.3971383783
03/15/17 03:00 PM,45.8630227783
03/15/17 04:00 PM,47.4396249533
03/15/17 05:00 PM,46.2160805092
03/15/17 06:00 PM,47.9614672675
03/15/17 07:00 PM,52.8966060633
03/15/17 08:00 PM,32.7898652708
03/15/17 09:00 PM,22.6821636983
03/15/17 10:00 PM,28.4135388608
03/15/17 11:00 PM,31.5157141475
03/16/17 12:00 AM,33.1417146758
03/16/17 01:00 AM,34.2721032533
03/16/17 02:00 AM,34.7454919275
03/16/17 03:00 AM,35.5956699958
03/16/17 04:00 AM,36.2092423292
03/16/17 05:00 AM,36.4240757183
03/16/17 06:00 AM,36.5567453483
03/16/17 07:00 AM,55.8177019908
03/16/17 08:00 AM,60.8411178692
03/16/17 09:00 AM,60.1805877775
03/16/17 10:00 AM,58.0757414808
03/16/17 11:00 AM,41.0930706475
03/16/17 12:00 PM,40.5783083292
03/16/17 01:00 PM,41.7692097683
03/16/17 02:00 PM,41.9909117133
03/16/17 03:00 PM,39.94113463
03/16/17 04:00 PM,39.0555367125
03/16/17 05:00 PM,38.3764887625
03/16/17 06:00 PM,38.9295154625
03/16/17 07:00 PM,40.6609243042
03/16/17 08:00 PM,30.5910262117
03/16/17 09:00 PM,22.6958183192
03/16/17 10:00 PM,22.3287145283
03/16/17 11:00 PM,29.141966065
03/17/17 12:00 AM,30.4058529583
03/17/17 01:00 AM,31.1822700875
03/17/17 02:00 AM,31.9375904817
03/17/17 03:00 AM,32.5811613567
03/17/17 04:00 AM,33.3934412092
03/17/17 05:00 AM,34.00711714
03/17/17 06:00 AM,34.642988635
03/17/17 07:00 AM,56.6774404158
03/17/17 08:00 AM,60.7518978708
03/17/17 09:00 AM,53.485028055
03/17/17 10:00 AM,33.1349716325
03/17/17 11:00 AM,34.4772557583
03/17/17 12:00 PM,26.412549975
03/17/17 01:00 PM,31.5066629742
03/17/17 02:00 PM,31.202532175
03/17/17 03:00 PM,35.4585839575
03/17/17 04:00 PM,38.67405718
03/17/17 05:00 PM,42.1337133333
03/17/17 06:00 PM,45.5630663883
03/17/17 07:00 PM,43.0222948617
03/17/17 08:00 PM,31.416704365
03/17/17 09:00 PM,23.3828099217
03/17/17 10:00 PM,20.232497195
03/17/17 11:00 PM,24.8795032408
03/18/17 12:00 AM,28.8016178608
03/18/17 01:00 AM,29.3764687783
03/18/17 02:00 AM,29.7068631108
03/18/17 03:00 AM,30.1393804967
03/18/17 04:00 AM,30.423610885
03/18/17 05:00 AM,30.55695114
03/18/17 06:00 AM,31.0130865617
03/18/17 07:00 AM,30.9689918508
03/18/17 08:00 AM,55.6574851392
03/18/17 09:00 AM,40.82817412
03/18/17 10:00 AM,37.1352757875
03/18/17 11:00 AM,30.3180330825
03/18/17 12:00 PM,29.8503788992
03/18/17 01:00 PM,31.5809416892
03/18/17 02:00 PM,26.0107639908
03/18/17 03:00 PM,21.8974556017
03/18/17 04:00 PM,30.6215195142
03/18/17 05:00 PM,25.365708135
03/18/17 06:00 PM,34.9194476217
03/18/17 07:00 PM,27.2627138975
03/18/17 08:00 PM,21.6052236392
03/18/17 09:00 PM,23.154001375
03/18/17 10:00 PM,28.6328270375
03/18/17 11:00 PM,29.2685169267
03/19/17 12:00 AM,29.8425993942
03/19/17 01:00 AM,30.1938847225
03/19/17 02:00 AM,30.4046979308
03/19/17 03:00 AM,30.4853785925
03/19/17 04:00 AM,30.7206050325
03/19/17 05:00 AM,30.8262897675
03/19/17 06:00 AM,30.7480932367
03/19/17 07:00 AM,30.9115905275
03/19/17 08:00 AM,55.4293449542
03/19/17 09:00 AM,39.8317419358
03/19/17 10:00 AM,31.0399782392
03/19/17 11:00 AM,26.4238605033
03/19/17 12:00 PM,28.7330881392
03/19/17 01:00 PM,28.5840138242
03/19/17 02:00 PM,26.8745805833
03/19/17 03:00 PM,26.795308245
03/19/17 04:00 PM,28.7196310883
03/19/17 05:00 PM,30.7377277092
03/19/17 06:00 PM,34.4169957917
03/19/17 07:00 PM,25.9469685983
03/19/17 08:00 PM,21.36253189
03/19/17 09:00 PM,19.4559692825
03/19/17 10:00 PM,26.5071304408
03/19/17 11:00 PM,28.0850773142
03/20/17 12:00 AM,26.6334299675
03/20/17 01:00 AM,28.14855118
03/20/17 02:00 AM,28.4869523375
03/20/17 03:00 AM,28.60305331
03/20/17 04:00 AM,28.84608186
03/20/17 05:00 AM,28.9709380325
03/20/17 06:00 AM,29.08607014
03/20/17 07:00 AM,55.8879193983
03/20/17 08:00 AM,56.2929993517
03/20/17 09:00 AM,34.2953394442
03/20/17 10:00 AM,26.715832945
03/20/17 11:00 AM,23.3695650875
03/20/17 12:00 PM,22.0549754033
03/20/17 01:00 PM,21.5172051008
03/20/17 02:00 PM,21.39521619
03/20/17 03:00 PM,21.5015974275
03/20/17 04:00 PM,21.600063555
03/20/17 05:00 PM,21.59441507
03/20/17 06:00 PM,21.5217037083
03/20/17 07:00 PM,21.4810175925
03/20/17 08:00 PM,21.4166536983
03/20/17 09:00 PM,21.2580194442
03/20/17 10:00 PM,21.0280879358
03/20/17 11:00 PM,21.3352162042
03/21/17 12:00 AM,21.1874330775
03/21/17 01:00 AM,20.0091127458
03/21/17 02:00 AM,19.7181446575
03/21/17 03:00 AM,19.5733150092
03/21/17 04:00 AM,19.4449251842
03/21/17 05:00 AM,19.3170295325
03/21/17 06:00 AM,19.1481446583
03/21/17 07:00 AM,50.3633530092
03/21/17 08:00 AM,46.7573045833
03/21/17 09:00 AM,32.5115888192
03/21/17 10:00 AM,31.6879117492
03/21/17 11:00 AM,26.1094238683
03/21/17 12:00 PM,24.2461194775
03/21/17 01:00 PM,23.8429540983
03/21/17 02:00 PM,23.5613525375
03/21/17 03:00 PM,23.3562004858
03/21/17 04:00 PM,23.228335
03/21/17 05:00 PM,23.1093861117
03/21/17 06:00 PM,22.9956946292
03/21/17 07:00 PM,22.8276558058
03/21/17 08:00 PM,23.1336384258
03/21/17 09:00 PM,22.8870895842
03/21/17 10:00 PM,22.7362449075
03/21/17 11:00 PM,22.4252359017
03/22/17 12:00 AM,21.0315459575
03/22/17 01:00 AM,19.6976550783
03/22/17 02:00 AM,18.7470516517
03/22/17 03:00 AM,25.72623724
03/22/17 04:00 AM,31.9914504392
03/22/17 05:00 AM,32.32737613
03/22/17 06:00 AM,33.0514696717
03/22/17 07:00 AM,59.6016119458
03/22/17 08:00 AM,59.9990668975
03/22/17 09:00 AM,47.018321295
03/22/17 10:00 AM,37.4387028658
03/22/17 11:00 AM,28.23697361
03/22/17 12:00 PM,23.3711066683
03/22/17 01:00 PM,32.562165325
03/22/17 02:00 PM,34.6654987017
03/22/17 03:00 PM,25.9846474258
03/22/17 04:00 PM,26.469235945
03/22/17 05:00 PM,29.3333425775
03/22/17 06:00 PM,26.9217416058
03/22/17 07:00 PM,36.0785986033
03/22/17 08:00 PM,28.3344874308
03/22/17 09:00 PM,22.5414369683
03/22/17 10:00 PM,19.9767621342
03/22/17 11:00 PM,18.5741570608
03/23/17 12:00 AM,25.8112419342
03/23/17 01:00 AM,29.4729631675
03/23/17 02:00 AM,30.3622473833
03/23/17 03:00 AM,30.8446442733
03/23/17 04:00 AM,31.7167273567
03/23/17 05:00 AM,32.3447228792
03/23/17 06:00 AM,32.8133847325
03/23/17 07:00 AM,54.5063912492
03/23/17 08:00 AM,60.8123199067
03/23/17 09:00 AM,42.2971781525
03/23/17 10:00 AM,29.9304319058
03/23/17 11:00 AM,24.5730203467
03/23/17 12:00 PM,22.2535627542
03/23/17 01:00 PM,21.4547209208
03/23/17 02:00 PM,21.2889273333
03/23/17 03:00 PM,21.4682615742
03/23/17 04:00 PM,21.7885030325
03/23/17 05:00 PM,22.1093441717
03/23/17 06:00 PM,22.40245813
03/23/17 07:00 PM,22.3567958333
03/23/17 08:00 PM,21.8443778183
03/23/17 09:00 PM,21.1447490692
03/23/17 10:00 PM,20.5207125242
03/23/17 11:00 PM,20.0007213625
03/24/17 12:00 AM,19.616732125
03/24/17 01:00 AM,19.3119699575
03/24/17 02:00 AM,19.0773613333
03/24/17 03:00 AM,18.8916317133
03/24/17 04:00 AM,18.8074488658
03/24/17 05:00 AM,18.7245439858
03/24/17 06:00 AM,23.115032455
03/24/17 07:00 AM,55.4349615742
03/24/17 08:00 AM,53.9990039342
03/24/17 09:00 AM,38.70538662
03/24/17 10:00 AM,23.6541361109
03/24/17 11:00 AM,8.7563405561
03/24/17 12:00 PM,11.078537485
03/24/17 01:00 PM,12.3796107267
03/24/17 02:00 PM,14.4850784625
03/24/17 03:00 PM,16.9391510975
03/24/17 04:00 PM,20.2546883975
03/24/17 05:00 PM,21.8278835833
03/24/17 06:00 PM,22.4993806058
03/24/17 07:00 PM,22.8595236108
03/24/17 08:00 PM,22.9583233708
03/24/17 09:00 PM,22.8977888883
03/24/17 10:00 PM,22.8757083333
03/24/17 11:00 PM,22.85074537
03/25/17 12:00 AM,22.8657199075
03/25/17 01:00 AM,22.93953426
03/25/17 02:00 AM,23.06445139
03/25/17 03:00 AM,23.379907755
03/25/17 04:00 AM,23.7056076283
03/25/17 05:00 AM,23.7867509258
03/25/17 06:00 AM,23.8112821958
03/25/17 07:00 AM,23.8451919675
03/25/17 08:00 AM,23.8314289583
03/25/17 09:00 AM,23.728245565
03/25/17 10:00 AM,23.6732012042
03/25/17 11:00 AM,23.7920375
03/25/17 12:00 PM,23.8830014625
03/25/17 01:00 PM,23.9457461667
03/25/17 02:00 PM,24.1899901067
03/25/17 03:00 PM,24.6622763183
03/25/17 04:00 PM,25.0433861342
03/25/17 05:00 PM,25.1128173842
03/25/17 06:00 PM,25.1633108333
03/25/17 07:00 PM,25.2172747217
03/25/17 08:00 PM,25.182108305
03/25/17 09:00 PM,25.0261763933
03/25/17 10:00 PM,24.833135505
03/25/17 11:00 PM,24.7188638883
03/26/17 12:00 AM,24.5472544208
03/26/17 01:00 AM,24.45454006
03/26/17 02:00 AM,24.4653613208
03/26/17 03:00 AM,24.6011282592
03/26/17 04:00 AM,24.6569013883
03/26/17 05:00 AM,24.621689815
03/26/17 06:00 AM,24.5768314817
03/26/17 07:00 AM,24.4791662042
03/26/17 08:00 AM,24.3032006575
03/26/17 09:00 AM,24.180716315
03/26/17 10:00 AM,24.3030071667
03/26/17 11:00 AM,24.5419675183
03/26/17 12:00 PM,24.5225583325
03/26/17 01:00 PM,24.3421118467
03/26/17 02:00 PM,24.3389759258
03/26/17 03:00 PM,24.2754763892
03/26/17 04:00 PM,24.1825987592
03/26/17 05:00 PM,24.07654869
03/26/17 06:00 PM,23.980531945
03/26/17 07:00 PM,23.9085072233
03/26/17 08:00 PM,23.7774725183
03/26/17 09:00 PM,23.7099895925
03/26/17 10:00 PM,23.6618278467
03/26/17 11:00 PM,23.5016375
03/27/17 12:00 AM,23.34313611
03/27/17 01:00 AM,23.27090343
03/27/17 02:00 AM,23.171256945
03/27/17 03:00 AM,23.0923632258
03/27/17 04:00 AM,23.0638460325
03/27/17 05:00 AM,23.027064815
03/27/17 06:00 AM,22.9995756433
03/27/17 07:00 AM,23.0092035342
03/27/17 08:00 AM,22.9118701158
03/27/17 09:00 AM,22.8210143525
03/27/17 10:00 AM,23.0184800792
03/27/17 11:00 AM,23.3380622725
03/27/17 12:00 PM,23.5616240358
03/27/17 01:00 PM,23.6673462958
03/27/17 02:00 PM,24.0271552908
03/27/17 03:00 PM,24.2408798942
03/27/17 04:00 PM,24.4597421617
03/27/17 05:00 PM,24.5931606483
03/27/17 06:00 PM,24.6502277783
03/27/17 07:00 PM,24.7076965383
03/27/17 08:00 PM,24.7099881758
03/27/17 09:00 PM,24.6034891025
03/27/17 10:00 PM,24.4041637358
03/27/17 11:00 PM,24.1988085325
03/28/17 12:00 AM,24.151956945
03/28/17 01:00 AM,24.3318310167
03/28/17 02:00 AM,24.5191138733
03/28/17 03:00 AM,24.3944984267
03/28/17 04:00 AM,24.3142219675
03/28/17 05:00 AM,24.3143194442
03/28/17 06:00 AM,24.2844810192
03/28/17 07:00 AM,24.1910845008
03/28/17 08:00 AM,24.0689305075
03/28/17 09:00 AM,23.9356350792
03/28/17 10:00 AM,23.8276944442
03/28/17 11:00 AM,23.790172865
03/28/17 12:00 PM,23.8094079725
03/28/17 01:00 PM,23.85900918
03/28/17 02:00 PM,23.9295675925
03/28/17 03:00 PM,24.0033020283
03/28/17 04:00 PM,13.5431407273
03/28/17 05:00 PM,13.6043405558
03/28/17 06:00 PM,15.4407993917
03/28/17 07:00 PM,17.0118502592
03/28/17 08:00 PM,18.5068177558
03/28/17 09:00 PM,19.6468182733
03/28/17 10:00 PM,20.3589680967
03/28/17 11:00 PM,20.7859275783
03/29/17 12:00 AM,21.257693555
03/29/17 01:00 AM,21.710327315
03/29/17 02:00 AM,22.6881224758
03/29/17 03:00 AM,23.097905555
03/29/17 04:00 AM,22.9430842642
03/29/17 05:00 AM,22.7761335833
03/29/17 06:00 AM,22.6929298975
03/29/17 07:00 AM,22.53618611
03/29/17 08:00 AM,22.3283708467
03/29/17 09:00 AM,22.1622654633
03/29/17 10:00 AM,22.0700041667
03/29/17 11:00 AM,22.0164185183
03/29/17 12:00 PM,22.0180636892
03/29/17 01:00 PM,22.1203169225
03/29/17 02:00 PM,22.257054875
03/29/17 03:00 PM,22.2934153192
03/29/17 04:00 PM,22.2725942225
03/29/17 05:00 PM,22.34725787
03/29/17 06:00 PM,22.4445050933
03/29/17 07:00 PM,22.5091990742
03/29/17 08:00 PM,22.5085620558
03/29/17 09:00 PM,22.5131714958
03/29/17 10:00 PM,22.6714731067
03/29/17 11:00 PM,22.99980424
03/30/17 12:00 AM,23.1517606483
03/30/17 01:00 AM,22.9681615608
03/30/17 02:00 AM,22.7396555792
03/30/17 03:00 AM,22.5317812175
03/30/17 04:00 AM,22.3084083333
03/30/17 05:00 AM,22.0816572258
03/30/17 06:00 AM,21.8630217592
03/30/17 07:00 AM,21.66891876
03/30/17 08:00 AM,21.5024648292
03/30/17 09:00 AM,21.3670986208
03/30/17 10:00 AM,21.2685858667
03/30/17 11:00 AM,21.1724122358
03/30/17 12:00 PM,21.1202034492
03/30/17 01:00 PM,21.0924988708
03/30/17 02:00 PM,21.0940275425
03/30/17 03:00 PM,21.1070465192
03/30/17 04:00 PM,21.1387268517
03/30/17 05:00 PM,21.127719445
03/30/17 06:00 PM,21.1292095
03/30/17 07:00 PM,21.1475972217
03/30/17 08:00 PM,21.2279136292
03/30/17 09:00 PM,21.3129321525
03/30/17 10:00 PM,21.3958071533
03/30/17 11:00 PM,21.44469418
03/31/17 12:00 AM,21.458325745
03/31/17 01:00 AM,21.4533939542
03/31/17 02:00 AM,21.4380324075
03/31/17 03:00 AM,21.4076217592
03/31/17 04:00 AM,21.4074557867
03/31/17 05:00 AM,21.3286437175
03/31/17 06:00 AM,21.231521555
03/31/17 07:00 AM,21.1128574075
03/31/17 08:00 AM,21.0300782408
03/31/17 09:00 AM,20.9378145792
03/31/17 10:00 AM,14.1224585418
03/31/17 11:00 AM,33.0943077688
03/31/17 12:00 PM,44.8907372133
03/31/17 01:00 PM,30.7563895883
03/31/17 02:00 PM,31.8937410883
03/31/17 03:00 PM,30.964018425
03/31/17 04:00 PM,30.0309552967
03/31/17 05:00 PM,33.039085385
03/31/17 06:00 PM,32.4256995458
03/31/17 07:00 PM,31.66246995
03/31/17 08:00 PM,28.7314300583
03/31/17 09:00 PM,25.6805481858
03/31/17 10:00 PM,23.78843424
03/31/17 11:00 PM,22.6686307925
04/01/17 12:00 AM,21.7164641183
