EST,iw north average temp C,,,,,,
1/01/2017 1:00,21.27891391,,,,,,
1/01/2017 2:00,21.2373823, ,,,,,
1/01/2017 3:00,21.14239322,,,,,,
1/01/2017 4:00,21.08577301,,,,,,
1/01/2017 5:00,21.06812094,,,,,,
1/01/2017 6:00,21.00549489,,,,,,
1/01/2017 7:00,20.96402965,,, ,,,
1/01/2017 8:00,20.91073933,,,,,,
1/01/2017 9:00,21.28490417,,,,,,
1/01/2017 10:00,22.51812037,,,,,,
1/01/2017 11:00,23.28362317,,,,,,
1/01/2017 12:00,23.31123003,,,,,,
1/01/2017 13:00,23.31964735,,,,,,
1/01/2017 14:00,23.28554348,,,,, ,
1/01/2017 15:00,23.30071129,,,,,,
1/01/2017 16:00,23.21388019,,,,,,
1/01/2017 17:00,23.03971114,,,,,,
1/01/2017 18:00,22.66002581,,,,,,
1/01/2017 19:00,22.69840432,,,,,,
1/01/2017 20:00,22.64044736,,,,,,
1/01/2017 21:00,22.14263956,,,,,,
1/01/2017 22:00,21.84698209,, ,,,,
1/01/2017 23:00,21.67080814,,,,,,
2/01/2017 0:00,21.52832546,,,,,,
2/01/2017 1:00,21.42907733,,,,,,
2/01/2017 2:00,21.3724752,,,,,,
2/01/2017 3:00,21.26864549,,,,,,
2/01/2017 4:00,21.22657691,,,,,,
2/01/2017 5:00,21.20619483,,,,,,
2/01/2017 6:00,21.21245165,,,,,,
2/01/2017 7:00,21.23112614,,,,,,
2/01/2017 8:00,21.59571631,,,,,,
2/01/2017 9:00,22.62881582,,,,,,
2/01/2017 10:00,22.96680526,,,,,, 
2/01/2017 11:00,22.69308737,,,,,,
2/01/2017 12:00,22.876631,,,,,,
2/01/2017 13:00,22.7779377,,,,,,
2/01/2017 14:00,22.71340608,,,,,,
2/01/2017 15:00,22.69104629,,,,,,
2/01/2017 16:00,22.70942311,,,,,,
2/01/2017 17:00,22.66588199,,,,,,
2/01/2017 18:00,22.65412484,,,,,,
2/01/2017 19:00,22.59602806,,,,,,
2/01/2017 20:00,22.55422906,,,,,,
2/01/2017 21:00,22.67839816,,,,,,
2/01/2017 22:00,22.50757888,,,,,,
2/01/2017 23:00,22.3341661,,,,,,
3/01/2017 0:00,22.15760728,,,,,,
3/01/2017 1:00,22.02918487,,,,,,
3/01/2017 2:00,22.03615898,,,,,,
3/01/2017 3:00,21.93746759,,,,,,
3/01/2017 4:00,21.90030701,,,,,,
3/01/2017 5:00,21.91138176,,,,,,
3/01/2017 6:00,21.85749829,,,,,,
3/01/2017 7:00,21.81376241,,,,,,
3/01/2017 8:00,22.10175872,,,,,,
3/01/2017 9:00,22.89831613,,,,,,
3/01/2017 10:00,22.79905922,,,,,,
3/01/2017 11:00,22.63539285,,,,,,
3/01/2017 12:00,22.88617205,,,,,,
3/01/2017 13:00,22.69900643,,,,,,
3/01/2017 14:00,22.64515056,,,,,,
3/01/2017 15:00,22.89769577,,,,,,
3/01/2017 16:00,22.79120127,,,,,,
3/01/2017 17:00,22.67620835,,,,,,
3/01/2017 18:00,22.68571419,,,,,,
3/01/2017 19:00,22.89110942,,,,,,
3/01/2017 20:00,22.86512659,,,,,,
3/01/2017 21:00,22.76419172,,,,,,
3/01/2017 22:00,22.58294053,,,,,,
3/01/2017 23:00,22.47005524,,,,,,
4/01/2017 0:00,22.40431159,,,,,,
4/01/2017 1:00,22.26666625,,,,,,
4/01/2017 2:00,22.24933666,,,,,,
4/01/2017 3:00,22.11571997,,,,,,
4/01/2017 4:00,21.99562137,,,,,,
4/01/2017 5:00,21.91568607,,,,,,
4/01/2017 6:00,21.82864622,,,,,,
4/01/2017 7:00,21.78149237,,,,,,
4/01/2017 8:00,21.92918466,,,,,,
4/01/2017 9:00,22.72245613,,,,,,
4/01/2017 10:00,22.74129604,,,,,,
4/01/2017 11:00,22.60573722,,,,,,
4/01/2017 12:00,22.73539843,,,,,,
4/01/2017 13:00,22.84002149,,,,,,
4/01/2017 14:00,22.77404555,,,,,,
4/01/2017 15:00,22.60101685,,,,,,
4/01/2017 16:00,22.55887944,,,,,,
4/01/2017 17:00,22.56106043,,,,,,
4/01/2017 18:00,22.68522323,,,,,,
4/01/2017 19:00,22.59707786,,,,,,
4/01/2017 20:00,22.69579745,,,,,,
4/01/2017 21:00,22.36776864,,,,,,
4/01/2017 22:00,21.67902939,,,,,,
4/01/2017 23:00,21.1597545,,,,,,
5/01/2017 0:00,20.7640393,,,,,,
5/01/2017 1:00,20.48110403,,,,,,
5/01/2017 2:00,20.29895023,,,,,,
5/01/2017 3:00,20.22487258,,,,,,
5/01/2017 4:00,20.07946874,,,,,,
5/01/2017 5:00,19.98743715,,,,,,
5/01/2017 6:00,19.90839689,,,,,,
5/01/2017 7:00,19.81405692,,,,,,
5/01/2017 8:00,20.16330866,,,,,,
5/01/2017 9:00,21.20688336,,,,,,
5/01/2017 10:00,22.13286358,,,,,,
5/01/2017 11:00,22.83412297,,,,,,
5/01/2017 12:00,22.68471652,,,,,,
5/01/2017 13:00,22.59709478,,,,,,
5/01/2017 14:00,22.78259764,,,,,,
5/01/2017 15:00,22.62260625,,,,,,
5/01/2017 16:00,22.80287428,,,,,,
5/01/2017 17:00,22.70393622,,,,,,
5/01/2017 18:00,22.77143124,,,,,,
5/01/2017 19:00,22.86518659,,,,,,
5/01/2017 20:00,22.77799986,,,,,,
5/01/2017 21:00,22.65885176,,,,,,
5/01/2017 22:00,21.76592837,,,,,,
5/01/2017 23:00,21.14020222,,,,,,
6/01/2017 0:00,20.72782687,,,,,,
6/01/2017 1:00,20.42947028,,,,,,
6/01/2017 2:00,20.30235301,,,,,,
6/01/2017 3:00,20.1003529,,,,,,
6/01/2017 4:00,19.93443888,,,,,,
6/01/2017 5:00,19.79059927,,,,,,
6/01/2017 6:00,19.61946809,,,,,,
6/01/2017 7:00,19.49449496,,,,,,
6/01/2017 8:00,19.63645181,,,,,,
6/01/2017 9:00,20.50265179,,,,,,
6/01/2017 10:00,21.62065358,,,,,,
6/01/2017 11:00,22.65508241,,,,,,
6/01/2017 12:00,22.65048747,,,,,,
6/01/2017 13:00,22.64421272,,,,,,
6/01/2017 14:00,22.64031409,,,,,,
6/01/2017 15:00,22.91983646,,,,,,
6/01/2017 16:00,22.81664524,,,,,,
6/01/2017 17:00,22.62269262,,,,,,
6/01/2017 18:00,22.76964146,,,,,,
6/01/2017 19:00,22.78640657,,,,,,
6/01/2017 20:00,22.7900603,,,,,,
6/01/2017 21:00,22.49237002,,,,,,
6/01/2017 22:00,21.42847052,,,,,,
6/01/2017 23:00,20.69766164,,,,,,
7/01/2017 0:00,20.21183592,,,,,,
7/01/2017 1:00,19.90202523,,,,,,
7/01/2017 2:00,19.70890022,,,,,,
7/01/2017 3:00,19.55530601,,,,,,
7/01/2017 4:00,19.44563531,,,,,,
7/01/2017 5:00,19.34035139,,,,,,
7/01/2017 6:00,19.2543313,,,,,,
7/01/2017 7:00,19.21837716,,,,,,
7/01/2017 8:00,19.18627364,,,,,,
7/01/2017 9:00,19.49686436,,,,,,
7/01/2017 10:00,20.53785634,,,,,,
7/01/2017 11:00,21.72874611,,,,,,
7/01/2017 12:00,22.82107201,,,,,,
7/01/2017 13:00,22.83829382,,,,,,
7/01/2017 14:00,22.64840548,,,,,,
7/01/2017 15:00,22.75329829,,,,,,
7/01/2017 16:00,22.83242969,,,,,,
7/01/2017 17:00,22.70255184,,,,,,
7/01/2017 18:00,22.79599772,,,,,,
7/01/2017 19:00,22.57611732,,,,,,
7/01/2017 20:00,22.30019726,,,,,,
7/01/2017 21:00,21.04683442,,,,,,
7/01/2017 22:00,20.25042934,,,,,,
7/01/2017 23:00,19.77315032,,,,,,
8/01/2017 0:00,19.52608204,,,,,,
8/01/2017 1:00,19.31772898,,,,,,
8/01/2017 2:00,19.12807569,,,,,,
8/01/2017 3:00,18.94231789,,,,,,
8/01/2017 4:00,18.78690998,,,,,,
8/01/2017 5:00,18.66043365,,,,,,
8/01/2017 6:00,18.57297175,,,,,,
8/01/2017 7:00,18.47883768,,,,,,
8/01/2017 8:00,18.41052125,,,,,,
8/01/2017 9:00,18.72143736,,,,,,
8/01/2017 10:00,19.84164619,,,,,,
8/01/2017 11:00,20.85397372,,,,,,
8/01/2017 12:00,21.59869626,,,,,,
8/01/2017 13:00,22.13048135,,,,,,
8/01/2017 14:00,22.57731642,,,,,,
8/01/2017 15:00,22.78524115,,,,,,
8/01/2017 16:00,22.74297818,,,,,,
8/01/2017 17:00,22.73659955,,,,,,
8/01/2017 18:00,22.56245791,,,,,,
8/01/2017 19:00,22.58940708,,,,,,
8/01/2017 20:00,22.09975315,,,,,,
8/01/2017 21:00,20.87487562,,,,,,
8/01/2017 22:00,20.20225495,,,,,,
8/01/2017 23:00,19.75834172,,,,,,
9/01/2017 0:00,19.47139928,,,,,,
9/01/2017 1:00,19.30699359,,,,,,
9/01/2017 2:00,19.15459024,,,,,,
9/01/2017 3:00,19.03073529,,,,,,
9/01/2017 4:00,18.95471278,,,,,,
9/01/2017 5:00,18.92712208,,,,,,
9/01/2017 6:00,18.90261033,,,,,,
9/01/2017 7:00,18.84214922,,,,,,
9/01/2017 8:00,19.16870563,,,,,,
9/01/2017 9:00,20.00113609,,,,,,
9/01/2017 10:00,20.65579018,,,,,,
9/01/2017 11:00,21.26854106,,,,,,
9/01/2017 12:00,22.05010843,,,,,,
9/01/2017 13:00,22.77721643,,,,,,
9/01/2017 14:00,23.03744323,,,,,,
9/01/2017 15:00,23.05668175,,,,,,
9/01/2017 16:00,22.84538099,,,,,,
9/01/2017 17:00,22.84962237,,,,,,
9/01/2017 18:00,22.71694111,,,,,,
9/01/2017 19:00,22.9248455,,,,,,
9/01/2017 20:00,22.81076343,,,,,,
9/01/2017 21:00,22.71108618,,,,,,
9/01/2017 22:00,21.75740014,,,,,,
9/01/2017 23:00,21.21859744,,,,,,
10/01/2017 0:00,20.88184524,,,,,,
10/01/2017 1:00,20.64877919,,,,,,
10/01/2017 2:00,20.42912578,,,,,,
10/01/2017 3:00,20.25094468,,,,,,
10/01/2017 4:00,20.14813548,,,,,,
10/01/2017 5:00,20.15667036,,,,,,
10/01/2017 6:00,20.06976168,,,,,,
10/01/2017 7:00,19.9521312,,,,,,
10/01/2017 8:00,20.21675715,,,,,,
10/01/2017 9:00,21.22601586,,,,,,
10/01/2017 10:00,22.23723924,,,,,,
10/01/2017 11:00,23.00777465,,,,,,
10/01/2017 12:00,22.80065844,,,,,,
10/01/2017 13:00,22.94602385,,,,,,
10/01/2017 14:00,22.88611668,,,,,,
10/01/2017 15:00,22.85088212,,,,,,
10/01/2017 16:00,23.00151073,,,,,,
10/01/2017 17:00,22.81234467,,,,,,
10/01/2017 18:00,22.79078513,,,,,,
10/01/2017 19:00,23.01336189,,,,,,
10/01/2017 20:00,22.76826045,,,,,,
10/01/2017 21:00,22.65872017,,,,,,
10/01/2017 22:00,22.27504702,,,,,,
10/01/2017 23:00,21.95911486,,,,,,
11/01/2017 0:00,21.65901567,,,,,,
11/01/2017 1:00,21.53465492,,,,,,
11/01/2017 2:00,21.57202487,,,,,,
11/01/2017 3:00,21.69801906,,,,,,
11/01/2017 4:00,21.65071713,,,,,,
11/01/2017 5:00,21.54054226,,,,,,
11/01/2017 6:00,21.44179655,,,,,,
11/01/2017 7:00,21.35788596,,,,,,
11/01/2017 8:00,21.5264415,,,,,,
11/01/2017 9:00,22.52006194,,,,,,
11/01/2017 10:00,23.11337601,,,,,,
11/01/2017 11:00,22.98719524,,,,,,
11/01/2017 12:00,23.05372323,,,,,,
11/01/2017 13:00,23.24630882,,,,,,
11/01/2017 14:00,23.40528808,,,,,,
11/01/2017 15:00,23.33580078,,,,,,
11/01/2017 16:00,23.28533112,,,,,,
11/01/2017 17:00,23.12152148,,,,,,
11/01/2017 18:00,22.94575442,,,,,,
11/01/2017 19:00,22.69346752,,,,,,
11/01/2017 20:00,22.62648592,,,,,,
11/01/2017 21:00,22.75049689,,,,,,
11/01/2017 22:00,22.46633303,,,,,,
11/01/2017 23:00,22.37616508,,,,,,
12/01/2017 0:00,22.36827573,,,,,,
12/01/2017 1:00,22.37624363,,,,,,
12/01/2017 2:00,22.28767064,,,,,,
12/01/2017 3:00,22.13386242,,,,,,
12/01/2017 4:00,21.96535288,,,,,,
12/01/2017 5:00,21.84206427,,,,,,
12/01/2017 6:00,21.74938177,,,,,,
12/01/2017 7:00,21.68302225,,,,,,
12/01/2017 8:00,21.63507779,,,,,,
12/01/2017 9:00,21.61222651,,,,,,
12/01/2017 10:00,21.59849007,,,,,,
12/01/2017 11:00,21.66601073,,,,,,
12/01/2017 12:00,21.77417488,,,,,,
12/01/2017 13:00,21.99214651,,,,,,
12/01/2017 14:00,22.112921,,,,,,
12/01/2017 15:00,22.25479839,,,,,,
12/01/2017 16:00,22.21890335,,,,,,
12/01/2017 17:00,22.11838537,,,,,,
12/01/2017 18:00,21.94294833,,,,,,
12/01/2017 19:00,21.94094377,,,,,,
12/01/2017 20:00,22.18447329,,,,,,
12/01/2017 21:00,22.91624493,,,,,,
12/01/2017 22:00,22.68876124,,,,,,
12/01/2017 23:00,22.30849176,,,,,,
13/01/2017 0:00,22.00259094,,,,,,
13/01/2017 1:00,21.75525087,,,,,,
13/01/2017 2:00,21.64026469,,,,,,
13/01/2017 3:00,21.47943539,,,,,,
13/01/2017 4:00,21.33488599,,,,,,
13/01/2017 5:00,21.26485552,,,,,,
13/01/2017 6:00,21.19642238,,,,,,
13/01/2017 7:00,21.10400198,,,,,,
13/01/2017 8:00,21.3332552,,,,,,
13/01/2017 9:00,22.37055009,,,,,,
13/01/2017 10:00,23.07137033,,,,,,
13/01/2017 11:00,22.94179051,,,,,,
13/01/2017 12:00,22.98624412,,,,,,
13/01/2017 13:00,23.10733046,,,,,,
13/01/2017 14:00,23.17814634,,,,,,
13/01/2017 15:00,23.22259047,,,,,,
13/01/2017 16:00,23.01339712,,,,,,
13/01/2017 17:00,22.79375684,,,,,,
13/01/2017 18:00,22.53482926,,,,,,
13/01/2017 19:00,22.68899194,,,,,,
13/01/2017 20:00,22.60132579,,,,,,
13/01/2017 21:00,22.68549532,,,,,,
13/01/2017 22:00,22.10300243,,,,,,
13/01/2017 23:00,21.69829896,,,,,,
14/01/2017 0:00,21.455002,,,,,,
14/01/2017 1:00,21.27516438,,,,,,
14/01/2017 2:00,21.09733757,,,,,,
14/01/2017 3:00,20.92759519,,,,,,
14/01/2017 4:00,20.80737989,,,,,,
14/01/2017 5:00,20.73518584,,,,,,
14/01/2017 6:00,20.6993456,,,,,,
14/01/2017 7:00,20.71887255,,,,,,
14/01/2017 8:00,20.73412665,,,,,,
14/01/2017 9:00,21.16407686,,,,,,
14/01/2017 10:00,22.31949718,,,,,,
14/01/2017 11:00,23.010198,,,,,,
14/01/2017 12:00,22.85911621,,,,,,
14/01/2017 13:00,22.80939937,,,,,,
14/01/2017 14:00,22.80298385,,,,,,
14/01/2017 15:00,22.72921854,,,,,,
14/01/2017 16:00,22.74439051,,,,,,
14/01/2017 17:00,22.80748226,,,,,,
14/01/2017 18:00,22.69877435,,,,,,
14/01/2017 19:00,22.82548126,,,,,,
14/01/2017 20:00,22.51091312,,,,,,
14/01/2017 21:00,22.13231003,,,,,,
14/01/2017 22:00,21.85654285,,,,,,
14/01/2017 23:00,21.65719355,,,,,,
15/01/2017 0:00,21.491446,,,,,,
15/01/2017 1:00,21.37731313,,,,,,
15/01/2017 2:00,21.2794368,,,,,,
15/01/2017 3:00,21.13625582,,,,,,
15/01/2017 4:00,20.99038504,,,,,,
15/01/2017 5:00,20.84855873,,,,,,
15/01/2017 6:00,20.72453167,,,,,,
15/01/2017 7:00,20.62600995,,,,,,
15/01/2017 8:00,20.56718312,,,,,,
15/01/2017 9:00,20.91994249,,,,,,
15/01/2017 10:00,22.28596906,,,,,,
15/01/2017 11:00,23.3277396,,,,,,
15/01/2017 12:00,23.2691229,,,,,,
15/01/2017 13:00,23.29726976,,,,,,
15/01/2017 14:00,23.28825588,,,,,,
15/01/2017 15:00,23.26306401,,,,,,
15/01/2017 16:00,23.15623675,,,,,,
15/01/2017 17:00,23.01869884,,,,,,
15/01/2017 18:00,22.80673176,,,,,,
15/01/2017 19:00,22.6411305,,,,,,
15/01/2017 20:00,22.4055355,,,,,,
15/01/2017 21:00,21.95930977,,,,,,
15/01/2017 22:00,21.67459529,,,,,,
15/01/2017 23:00,21.43715056,,,,,,
16/01/2017 0:00,21.23254652,,,,,,
16/01/2017 1:00,21.10833889,,,,,,
16/01/2017 2:00,21.02824234,,,,,,
16/01/2017 3:00,20.96255423,,,,,,
16/01/2017 4:00,20.86992165,,,,,,
16/01/2017 5:00,20.77025459,,,,,,
16/01/2017 6:00,20.67522075,,,,,,
16/01/2017 7:00,20.61238494,,,,,,
16/01/2017 8:00,20.93941395,,,,,,
16/01/2017 9:00,22.06271529,,,,,,
16/01/2017 10:00,22.99628036,,,,,,
16/01/2017 11:00,23.04479675,,,,,,
16/01/2017 12:00,23.04334657,,,,,,
16/01/2017 13:00,23.08774473,,,,,,
16/01/2017 14:00,23.02011489,,,,,,
16/01/2017 15:00,22.98483625,,,,,,
16/01/2017 16:00,22.88143562,,,,,,
16/01/2017 17:00,22.68629726,,,,,,
16/01/2017 18:00,22.8592697,,,,,,
16/01/2017 19:00,22.71611518,,,,,,
16/01/2017 20:00,22.75899819,,,,,,
16/01/2017 21:00,22.58527718,,,,,,
16/01/2017 22:00,22.31381809,,,,,,
16/01/2017 23:00,22.12985094,,,,,,
17/01/2017 0:00,21.99934757,,,,,,
17/01/2017 1:00,21.91464584,,,,,,
17/01/2017 2:00,21.89439877,,,,,,
17/01/2017 3:00,21.93698518,,,,,,
17/01/2017 4:00,21.78204419,,,,,,
17/01/2017 5:00,21.68599655,,,,,,
17/01/2017 6:00,21.65446003,,,,,,
17/01/2017 7:00,21.66560724,,,,,,
17/01/2017 8:00,21.98067816,,,,,,
17/01/2017 9:00,22.97426148,,,,,,
17/01/2017 10:00,23.20966567,,,,,,
17/01/2017 11:00,23.33647566,,,,,,
17/01/2017 12:00,23.48408691,,,,,,
17/01/2017 13:00,23.46563226,,,,,,
17/01/2017 14:00,23.47063787,,,,,,
17/01/2017 15:00,23.80399306,,,,,,
17/01/2017 16:00,23.91110797,,,,,,
17/01/2017 17:00,23.76993564,,,,,,
17/01/2017 18:00,23.39688761,,,,,,
17/01/2017 19:00,23.1465679,,,,,,
17/01/2017 20:00,22.89381922,,,,,,
17/01/2017 21:00,22.67011154,,,,,,
17/01/2017 22:00,22.43009641,,,,,,
17/01/2017 23:00,22.27314008,,,,,,
18/01/2017 0:00,22.33258668,,,,,,
18/01/2017 1:00,22.32113066,,,,,,
18/01/2017 2:00,22.28279527,,,,,,
18/01/2017 3:00,22.29689689,,,,,,
18/01/2017 4:00,22.23536409,,,,,,
18/01/2017 5:00,22.12961269,,,,,,
18/01/2017 6:00,22.10084424,,,,,,
18/01/2017 7:00,21.94781105,,,,,,
18/01/2017 8:00,22.20868268,,,,,,
18/01/2017 9:00,22.82082353,,,,,,
18/01/2017 10:00,22.68025584,,,,,,
18/01/2017 11:00,22.67972838,,,,,,
18/01/2017 12:00,22.74565086,,,,,,
18/01/2017 13:00,22.69981404,,,,,,
18/01/2017 14:00,22.64600906,,,,,,
18/01/2017 15:00,22.5895965,,,,,,
18/01/2017 16:00,22.59657772,,,,,,
18/01/2017 17:00,22.64571818,,,,,,
18/01/2017 18:00,22.56881736,,,,,,
18/01/2017 19:00,22.52940437,,,,,,
18/01/2017 20:00,22.56160642,,,,,,
18/01/2017 21:00,22.87532722,,,,,,
18/01/2017 22:00,22.53253332,,,,,,
18/01/2017 23:00,22.21144245,,,,,,
19/01/2017 0:00,21.99813299,,,,,,
19/01/2017 1:00,21.85443269,,,,,,
19/01/2017 2:00,21.76089001,,,,,,
19/01/2017 3:00,21.74952499,,,,,,
19/01/2017 4:00,21.6847649,,,,,,
19/01/2017 5:00,21.61560804,,,,,,
19/01/2017 6:00,21.57828689,,,,,,
19/01/2017 7:00,21.54838421,,,,,,
19/01/2017 8:00,21.85918741,,,,,,
19/01/2017 9:00,22.82639911,,,,,,
19/01/2017 10:00,22.85845261,,,,,,
19/01/2017 11:00,22.77728003,,,,,,
19/01/2017 12:00,22.9470856,,,,,,
19/01/2017 13:00,23.02932857,,,,,,
19/01/2017 14:00,23.1198622,,,,,,
19/01/2017 15:00,23.28214902,,,,,,
19/01/2017 16:00,23.40573695,,,,,,
19/01/2017 17:00,23.28589834,,,,,,
19/01/2017 18:00,23.01778994,,,,,,
19/01/2017 19:00,22.79723872,,,,,,
19/01/2017 20:00,22.62968168,,,,,,
19/01/2017 21:00,22.40464513,,,,,,
19/01/2017 22:00,22.07848452,,,,,,
19/01/2017 23:00,21.92455811,,,,,,
20/01/2017 0:00,21.74497435,,,,,,
20/01/2017 1:00,21.63876797,,,,,,
20/01/2017 2:00,21.56059246,,,,,,
20/01/2017 3:00,21.5643309,,,,,,
20/01/2017 4:00,21.49294532,,,,,,
20/01/2017 5:00,21.46242381,,,,,,
20/01/2017 6:00,21.44103325,,,,,,
20/01/2017 7:00,21.40807948,,,,,,
20/01/2017 8:00,21.69693858,,,,,,
20/01/2017 9:00,22.69706808,,,,,,
20/01/2017 10:00,23.00050242,,,,,,
20/01/2017 11:00,22.73076163,,,,,,
20/01/2017 12:00,22.80308136,,,,,,
20/01/2017 13:00,22.95528573,,,,,,
20/01/2017 14:00,23.15354987,,,,,,
20/01/2017 15:00,23.43200279,,,,,,
20/01/2017 16:00,23.61295429,,,,,,
20/01/2017 17:00,23.57487827,,,,,,
20/01/2017 18:00,23.23308325,,,,,,
20/01/2017 19:00,22.94504955,,,,,,
20/01/2017 20:00,22.70200333,,,,,,
20/01/2017 21:00,22.47305037,,,,,,
20/01/2017 22:00,22.34919092,,,,,,
20/01/2017 23:00,22.41316947,,,,,,
21/01/2017 0:00,22.47369242,,,,,,
21/01/2017 1:00,22.46281041,,,,,,
21/01/2017 2:00,22.3892713,,,,,,
21/01/2017 3:00,22.31217731,,,,,,
21/01/2017 4:00,22.24366663,,,,,,
21/01/2017 5:00,22.19957715,,,,,,
21/01/2017 6:00,22.18683638,,,,,,
21/01/2017 7:00,22.16540081,,,,,,
21/01/2017 8:00,22.14648948,,,,,,
21/01/2017 9:00,22.60196096,,,,,,
21/01/2017 10:00,23.63840749,,,,,,
21/01/2017 11:00,24.05065737,,,,,,
21/01/2017 12:00,24.3345297,,,,,,
21/01/2017 13:00,24.58178138,,,,,,
21/01/2017 14:00,24.78791772,,,,,,
21/01/2017 15:00,24.93681476,,,,,,
21/01/2017 16:00,24.99347179,,,,,,
21/01/2017 17:00,24.90604727,,,,,,
21/01/2017 18:00,24.63747971,,,,,,
21/01/2017 19:00,24.3740271,,,,,,
21/01/2017 20:00,24.11653479,,,,,,
21/01/2017 21:00,23.79949359,,,,,,
21/01/2017 22:00,23.59364537,,,,,,
21/01/2017 23:00,23.39748189,,,,,,
22/01/2017 0:00,23.20585109,,,,,,
22/01/2017 1:00,23.07759227,,,,,,
22/01/2017 2:00,23.05897581,,,,,,
22/01/2017 3:00,23.00787218,,,,,,
22/01/2017 4:00,22.9120125,,,,,,
22/01/2017 5:00,22.87666187,,,,,,
22/01/2017 6:00,22.84414534,,,,,,
22/01/2017 7:00,22.77735574,,,,,,
22/01/2017 8:00,22.69204435,,,,,,
22/01/2017 9:00,22.77420532,,,,,,
22/01/2017 10:00,23.0304978,,,,,,
22/01/2017 11:00,23.33445914,,,,,,
22/01/2017 12:00,23.59669342,,,,,,
22/01/2017 13:00,23.64695309,,,,,,
22/01/2017 14:00,23.73566363,,,,,,
22/01/2017 15:00,23.88796627,,,,,,
22/01/2017 16:00,24.06487178,,,,,,
22/01/2017 17:00,24.06311454,,,,,,
22/01/2017 18:00,23.88366192,,,,,,
22/01/2017 19:00,23.64978221,,,,,,
22/01/2017 20:00,23.46300274,,,,,,
22/01/2017 21:00,23.31470111,,,,,,
22/01/2017 22:00,23.12155863,,,,,,
22/01/2017 23:00,22.89782987,,,,,,
23/01/2017 0:00,22.59082511,,,,,,
23/01/2017 1:00,22.45692523,,,,,,
23/01/2017 2:00,22.48770676,,,,,,
23/01/2017 3:00,22.56692886,,,,,,
23/01/2017 4:00,22.59199675,,,,,,
23/01/2017 5:00,22.58220635,,,,,,
23/01/2017 6:00,22.56009403,,,,,,
23/01/2017 7:00,22.539916,,,,,,
23/01/2017 8:00,22.4965898,,,,,,
23/01/2017 9:00,22.52585819,,,,,,
23/01/2017 10:00,22.58930428,,,,,,
23/01/2017 11:00,22.64344491,,,,,,
23/01/2017 12:00,22.64975746,,,,,,
23/01/2017 13:00,22.62359057,,,,,,
23/01/2017 14:00,22.888383,,,,,,
23/01/2017 15:00,22.69723148,,,,,,
23/01/2017 16:00,22.8255648,,,,,,
23/01/2017 17:00,22.7690995,,,,,,
23/01/2017 18:00,22.77056404,,,,,,
23/01/2017 19:00,22.84966048,,,,,,
23/01/2017 20:00,22.88864801,,,,,,
23/01/2017 21:00,22.62909654,,,,,,
23/01/2017 22:00,22.18270277,,,,,,
23/01/2017 23:00,21.86231461,,,,,,
24/01/2017 0:00,21.69627975,,,,,,
24/01/2017 1:00,21.6024431,,,,,,
24/01/2017 2:00,21.53783931,,,,,,
24/01/2017 3:00,21.55433998,,,,,,
24/01/2017 4:00,21.46874274,,,,,,
24/01/2017 5:00,21.49128992,,,,,,
24/01/2017 6:00,21.48066701,,,,,,
24/01/2017 7:00,21.34983901,,,,,,
24/01/2017 8:00,21.56601732,,,,,,
24/01/2017 9:00,22.55657622,,,,,,
24/01/2017 10:00,22.96043315,,,,,,
24/01/2017 11:00,22.72569339,,,,,,
24/01/2017 12:00,22.78236231,,,,,,
24/01/2017 13:00,22.84290985,,,,,,
24/01/2017 14:00,22.77286128,,,,,,
24/01/2017 15:00,22.68378554,,,,,,
24/01/2017 16:00,22.80481097,,,,,,
24/01/2017 17:00,22.84232418,,,,,,
24/01/2017 18:00,22.62955059,,,,,,
24/01/2017 19:00,22.72383417,,,,,,
24/01/2017 20:00,22.67659561,,,,,,
24/01/2017 21:00,22.61386015,,,,,,
24/01/2017 22:00,22.25902892,,,,,,
24/01/2017 23:00,22.00305419,,,,,,
25/01/2017 0:00,21.87123902,,,,,,
25/01/2017 1:00,21.76427085,,,,,,
25/01/2017 2:00,21.68351736,,,,,,
25/01/2017 3:00,21.69061212,,,,,,
25/01/2017 4:00,21.62219136,,,,,,
25/01/2017 5:00,21.54721053,,,,,,
25/01/2017 6:00,21.49043598,,,,,,
25/01/2017 7:00,21.4499359,,,,,,
25/01/2017 8:00,21.76708573,,,,,,
25/01/2017 9:00,22.81734879,,,,,,
25/01/2017 10:00,23.05491172,,,,,,
25/01/2017 11:00,23.07826194,,,,,,
25/01/2017 12:00,23.38614935,,,,,,
25/01/2017 13:00,23.60495934,,,,,,
25/01/2017 14:00,23.65704723,,,,,,
25/01/2017 15:00,23.66672881,,,,,,
25/01/2017 16:00,23.36863118,,,,,,
25/01/2017 17:00,23.23889899,,,,,,
25/01/2017 18:00,23.02925476,,,,,,
25/01/2017 19:00,22.82764221,,,,,,
25/01/2017 20:00,22.85778684,,,,,,
25/01/2017 21:00,22.82654445,,,,,,
25/01/2017 22:00,22.64217396,,,,,,
25/01/2017 23:00,22.51948252,,,,,,
26/01/2017 0:00,22.44557926,,,,,,
26/01/2017 1:00,22.40565427,,,,,,
26/01/2017 2:00,22.27828836,,,,,,
26/01/2017 3:00,22.21550886,,,,,,
26/01/2017 4:00,22.12856894,,,,,,
26/01/2017 5:00,21.97692641,,,,,,
26/01/2017 6:00,21.81217275,,,,,,
26/01/2017 7:00,21.65250055,,,,,,
26/01/2017 8:00,21.85668025,,,,,,
26/01/2017 9:00,22.75495828,,,,,,
26/01/2017 10:00,22.77222171,,,,,,
26/01/2017 11:00,22.6676342,,,,,,
26/01/2017 12:00,22.71749895,,,,,,
26/01/2017 13:00,22.61046554,,,,,,
26/01/2017 14:00,22.52253705,,,,,,
26/01/2017 15:00,22.69175459,,,,,,
26/01/2017 16:00,22.89162686,,,,,,
26/01/2017 17:00,22.77039954,,,,,,
26/01/2017 18:00,22.6268499,,,,,,
26/01/2017 19:00,22.51527597,,,,,,
26/01/2017 20:00,22.77400006,,,,,,
26/01/2017 21:00,22.514468,,,,,,
26/01/2017 22:00,21.94494922,,,,,,
26/01/2017 23:00,21.63145971,,,,,,
27/01/2017 0:00,21.40224809,,,,,,
27/01/2017 1:00,21.17357681,,,,,,
27/01/2017 2:00,21.04569395,,,,,,
27/01/2017 3:00,21.02132789,,,,,,
27/01/2017 4:00,20.92344782,,,,,,
27/01/2017 5:00,20.82083334,,,,,,
27/01/2017 6:00,20.73476606,,,,,,
27/01/2017 7:00,20.68166736,,,,,,
27/01/2017 8:00,21.03305972,,,,,,
27/01/2017 9:00,22.12176676,,,,,,
27/01/2017 10:00,22.91890575,,,,,,
27/01/2017 11:00,22.78369677,,,,,,
27/01/2017 12:00,22.73847858,,,,,,
27/01/2017 13:00,23.04227046,,,,,,
27/01/2017 14:00,22.81159433,,,,,,
27/01/2017 15:00,22.62888734,,,,,,
27/01/2017 16:00,22.76570314,,,,,,
27/01/2017 17:00,22.76438182,,,,,,
27/01/2017 18:00,22.70667232,,,,,,
27/01/2017 19:00,22.80239373,,,,,,
27/01/2017 20:00,22.87879248,,,,,,
27/01/2017 21:00,22.49146483,,,,,,
27/01/2017 22:00,21.80970931,,,,,,
27/01/2017 23:00,21.39365684,,,,,,
28/01/2017 0:00,21.12189921,,,,,,
28/01/2017 1:00,20.94280571,,,,,,
28/01/2017 2:00,20.76546021,,,,,,
28/01/2017 3:00,20.71744498,,,,,,
28/01/2017 4:00,20.65570052,,,,,,
28/01/2017 5:00,20.61549796,,,,,,
28/01/2017 6:00,20.56710774,,,,,,
28/01/2017 7:00,20.51377783,,,,,,
28/01/2017 8:00,20.479764,,,,,,
28/01/2017 9:00,20.81899127,,,,,,
28/01/2017 10:00,21.90686909,,,,,,
28/01/2017 11:00,22.76243524,,,,,,
28/01/2017 12:00,22.97647678,,,,,,
28/01/2017 13:00,22.82876651,,,,,,
28/01/2017 14:00,22.70880796,,,,,,
28/01/2017 15:00,22.7409301,,,,,,
28/01/2017 16:00,22.72224263,,,,,,
28/01/2017 17:00,22.83527818,,,,,,
28/01/2017 18:00,22.77292118,,,,,,
28/01/2017 19:00,22.78771348,,,,,,
28/01/2017 20:00,22.89139987,,,,,,
28/01/2017 21:00,22.3579646,,,,,,
28/01/2017 22:00,21.89095353,,,,,,
28/01/2017 23:00,21.59764517,,,,,,
29/01/2017 0:00,21.36588353,,,,,,
29/01/2017 1:00,21.09417653,,,,,,
29/01/2017 2:00,20.91127889,,,,,,
29/01/2017 3:00,20.81263188,,,,,,
29/01/2017 4:00,20.74432152,,,,,,
29/01/2017 5:00,20.71273477,,,,,,
29/01/2017 6:00,20.67521431,,,,,,
29/01/2017 7:00,20.64814687,,,,,,
29/01/2017 8:00,20.60349502,,,,,,
29/01/2017 9:00,20.9877065,,,,,,
29/01/2017 10:00,22.14402569,,,,,,
29/01/2017 11:00,23.01660052,,,,,,
29/01/2017 12:00,22.96635102,,,,,,
29/01/2017 13:00,22.98769785,,,,,,
29/01/2017 14:00,22.84002108,,,,,,
29/01/2017 15:00,22.81157223,,,,,,
29/01/2017 16:00,22.66400933,,,,,,
29/01/2017 17:00,22.67788922,,,,,,
29/01/2017 18:00,22.65791639,,,,,,
29/01/2017 19:00,22.82628975,,,,,,
29/01/2017 20:00,22.45563551,,,,,,
29/01/2017 21:00,21.88776134,,,,,,
29/01/2017 22:00,21.5079064,,,,,,
29/01/2017 23:00,21.24455148,,,,,,
30/01/2017 0:00,21.0644214,,,,,,
30/01/2017 1:00,20.95177089,,,,,,
30/01/2017 2:00,20.86040052,,,,,,
30/01/2017 3:00,20.70993515,,,,,,
30/01/2017 4:00,20.6513109,,,,,,
30/01/2017 5:00,20.50745418,,,,,,
30/01/2017 6:00,20.37910627,,,,,,
30/01/2017 7:00,20.33361424,,,,,,
30/01/2017 8:00,20.64964056,,,,,,
30/01/2017 9:00,21.68409258,,,,,,
30/01/2017 10:00,22.57081433,,,,,,
30/01/2017 11:00,22.89209706,,,,,,
30/01/2017 12:00,22.84003608,,,,,,
30/01/2017 13:00,22.90573813,,,,,,
30/01/2017 14:00,22.68025861,,,,,,
30/01/2017 15:00,22.68261655,,,,,,
30/01/2017 16:00,22.59173256,,,,,,
30/01/2017 17:00,22.73887787,,,,,,
30/01/2017 18:00,22.80795706,,,,,,
30/01/2017 19:00,22.72855065,,,,,,
30/01/2017 20:00,22.8114757,,,,,,
30/01/2017 21:00,22.64528766,,,,,,
30/01/2017 22:00,21.91434661,,,,,,
30/01/2017 23:00,21.39057424,,,,,,
31/01/2017 0:00,21.15727336,,,,,,
31/01/2017 1:00,20.88715569,,,,,,
31/01/2017 2:00,20.66722616,,,,,,
31/01/2017 3:00,20.62219442,,,,,,
31/01/2017 4:00,20.49972104,,,,,,
31/01/2017 5:00,20.41801645,,,,,,
31/01/2017 6:00,20.49222842,,,,,,
31/01/2017 7:00,20.5267557,,,,,,
31/01/2017 8:00,20.88166607,,,,,,
31/01/2017 9:00,21.89421117,,,,,,
31/01/2017 10:00,22.73459247,,,,,,
31/01/2017 11:00,23.01141533,,,,,,
31/01/2017 12:00,22.77988954,,,,,,
31/01/2017 13:00,22.85088422,,,,,,
31/01/2017 14:00,22.78115929,,,,,,
31/01/2017 15:00,22.86894125,,,,,,
31/01/2017 16:00,22.91536705,,,,,,
31/01/2017 17:00,22.7808005,,,,,,
31/01/2017 18:00,22.79609526,,,,,,
31/01/2017 19:00,22.76419718,,,,,,
31/01/2017 20:00,22.8515464,,,,,,
31/01/2017 21:00,22.56266708,,,,,,
31/01/2017 22:00,22.09640491,,,,,,
31/01/2017 23:00,21.81072364,,,,,,
1/02/2017 0:00,21.63200901,,,,,,
1/02/2017 1:00,21.49421162,,,,,,
1/02/2017 2:00,21.3892818,,,,,,
1/02/2017 3:00,21.40471844,,,,,,
1/02/2017 4:00,21.35431072,,,,,,
1/02/2017 5:00,21.26825631,,,,,,
1/02/2017 6:00,21.19668358,,,,,,
1/02/2017 7:00,21.14946927,,,,,,
1/02/2017 8:00,21.36614511,,,,,,
1/02/2017 9:00,22.28817319,,,,,,
1/02/2017 10:00,22.99423586,,,,,,
1/02/2017 11:00,22.86235847,,,,,,
1/02/2017 12:00,22.8714474,,,,,,
1/02/2017 13:00,22.8712846,,,,,,
1/02/2017 14:00,22.661689,,,,,,
1/02/2017 15:00,22.75639364,,,,,,
1/02/2017 16:00,22.81624749,,,,,,
1/02/2017 17:00,22.69172793,,,,,,
1/02/2017 18:00,22.70172418,,,,,,
1/02/2017 19:00,22.76082708,,,,,,
1/02/2017 20:00,22.78332976,,,,,,
1/02/2017 21:00,22.682185,,,,,,
1/02/2017 22:00,22.19091681,,,,,,
1/02/2017 23:00,21.87450218,,,,,,
2/02/2017 0:00,21.62856476,,,,,,
2/02/2017 1:00,21.42501647,,,,,,
2/02/2017 2:00,21.27688704,,,,,,
2/02/2017 3:00,21.19867458,,,,,,
2/02/2017 4:00,21.20114912,,,,,,
2/02/2017 5:00,21.11836638,,,,,,
2/02/2017 6:00,21.12225152,,,,,,
2/02/2017 7:00,21.01601492,,,,,,
2/02/2017 8:00,21.29572595,,,,,,
2/02/2017 9:00,22.36757584,,,,,,
2/02/2017 10:00,22.9385866,,,,,,
2/02/2017 11:00,22.77791209,,,,,,
2/02/2017 12:00,22.87616536,,,,,,
2/02/2017 13:00,22.79625423,,,,,,
2/02/2017 14:00,22.96220814,,,,,,
2/02/2017 15:00,23.15867368,,,,,,
2/02/2017 16:00,23.30423834,,,,,,
2/02/2017 17:00,23.26047028,,,,,,
2/02/2017 18:00,22.88693934,,,,,,
2/02/2017 19:00,22.69822418,,,,,,
2/02/2017 20:00,22.81498272,,,,,,
2/02/2017 21:00,22.64101653,,,,,,
2/02/2017 22:00,21.94305172,,,,,,
2/02/2017 23:00,21.44925113,,,,,,
3/02/2017 0:00,21.10129081,,,,,,
3/02/2017 1:00,20.85535212,,,,,,
3/02/2017 2:00,20.66526786,,,,,,
3/02/2017 3:00,20.55453577,,,,,,
3/02/2017 4:00,20.40891031,,,,,,
3/02/2017 5:00,20.26198177,,,,,,
3/02/2017 6:00,20.16838346,,,,,,
3/02/2017 7:00,20.05050598,,,,,,
3/02/2017 8:00,20.26749669,,,,,,
3/02/2017 9:00,21.21255019,,,,,,
3/02/2017 10:00,22.13444576,,,,,,
3/02/2017 11:00,22.89661562,,,,,,
3/02/2017 12:00,22.91299099,,,,,,
3/02/2017 13:00,22.88055919,,,,,,
3/02/2017 14:00,22.89533284,,,,,,
3/02/2017 15:00,22.84639976,,,,,,
3/02/2017 16:00,22.74490008,,,,,,
3/02/2017 17:00,22.69348978,,,,,,
3/02/2017 18:00,22.72045032,,,,,,
3/02/2017 19:00,22.78007077,,,,,,
3/02/2017 20:00,22.82105909,,,,,,
3/02/2017 21:00,22.28948123,,,,,,
3/02/2017 22:00,21.4486502,,,,,,
3/02/2017 23:00,20.97316863,,,,,,
4/02/2017 0:00,20.64123815,,,,,,
4/02/2017 1:00,20.38501821,,,,,,
4/02/2017 2:00,20.16458136,,,,,,
4/02/2017 3:00,19.98905318,,,,,,
4/02/2017 4:00,19.86086997,,,,,,
4/02/2017 5:00,19.76773343,,,,,,
4/02/2017 6:00,19.69934928,,,,,,
4/02/2017 7:00,19.63326927,,,,,,
4/02/2017 8:00,19.57669932,,,,,,
4/02/2017 9:00,20.18736482,,,,,,
4/02/2017 10:00,21.75900985,,,,,,
4/02/2017 11:00,22.96474526,,,,,,
4/02/2017 12:00,22.87703025,,,,,,
4/02/2017 13:00,22.79333029,,,,,,
4/02/2017 14:00,23.01572497,,,,,,
4/02/2017 15:00,23.13520676,,,,,,
4/02/2017 16:00,22.97258358,,,,,,
4/02/2017 17:00,22.7438987,,,,,,
4/02/2017 18:00,22.814185,,,,,,
4/02/2017 19:00,22.68540093,,,,,,
4/02/2017 20:00,22.52404914,,,,,,
4/02/2017 21:00,21.85706549,,,,,,
4/02/2017 22:00,21.43545592,,,,,,
4/02/2017 23:00,21.19613234,,,,,,
5/02/2017 0:00,21.01954385,,,,,,
5/02/2017 1:00,20.92201506,,,,,,
5/02/2017 2:00,20.85284467,,,,,,
5/02/2017 3:00,20.81994858,,,,,,
5/02/2017 4:00,20.75365715,,,,,,
5/02/2017 5:00,20.74264668,,,,,,
5/02/2017 6:00,20.77175145,,,,,,
5/02/2017 7:00,20.80140093,,,,,,
5/02/2017 8:00,20.78530047,,,,,,
5/02/2017 9:00,21.09876341,,,,,,
5/02/2017 10:00,22.11828095,,,,,,
5/02/2017 11:00,22.90536222,,,,,,
5/02/2017 12:00,22.81995028,,,,,,
5/02/2017 13:00,22.94458796,,,,,,
5/02/2017 14:00,23.22106776,,,,,,
5/02/2017 15:00,23.08477545,,,,,,
5/02/2017 16:00,22.8858319,,,,,,
5/02/2017 17:00,22.67746781,,,,,,
5/02/2017 18:00,22.59021759,,,,,,
5/02/2017 19:00,22.88120041,,,,,,
5/02/2017 20:00,22.60223414,,,,,,
5/02/2017 21:00,22.33753298,,,,,,
5/02/2017 22:00,22.13350649,,,,,,
5/02/2017 23:00,21.92043364,,,,,,
6/02/2017 0:00,21.74346171,,,,,,
6/02/2017 1:00,21.61298118,,,,,,
6/02/2017 2:00,21.45181331,,,,,,
6/02/2017 3:00,21.35398214,,,,,,
6/02/2017 4:00,21.23365191,,,,,,
6/02/2017 5:00,21.0922331,,,,,,
6/02/2017 6:00,20.986776,,,,,,
6/02/2017 7:00,20.93826342,,,,,,
6/02/2017 8:00,21.20130336,,,,,,
6/02/2017 9:00,22.5253458,,,,,,
6/02/2017 10:00,23.45955519,,,,,,
6/02/2017 11:00,23.55140524,,,,,,
6/02/2017 12:00,23.6260477,,,,,,
6/02/2017 13:00,23.65070474,,,,,,
6/02/2017 14:00,23.66165734,,,,,,
6/02/2017 15:00,23.76497594,,,,,,
6/02/2017 16:00,23.86463741,,,,,,
6/02/2017 17:00,23.91625324,,,,,,
6/02/2017 18:00,23.63801286,,,,,,
6/02/2017 19:00,23.1690702,,,,,,
6/02/2017 20:00,22.7759332,,,,,,
6/02/2017 21:00,22.46514263,,,,,,
6/02/2017 22:00,22.17637542,,,,,,
6/02/2017 23:00,21.92350255,,,,,,
7/02/2017 0:00,21.60213167,,,,,,
7/02/2017 1:00,21.24676735,,,,,,
7/02/2017 2:00,21.04862066,,,,,,
7/02/2017 3:00,20.92416058,,,,,,
7/02/2017 4:00,20.84820145,,,,,,
7/02/2017 5:00,20.66295585,,,,,,
7/02/2017 6:00,20.50889203,,,,,,
7/02/2017 7:00,20.47600772,,,,,,
7/02/2017 8:00,20.42679611,,,,,,
7/02/2017 9:00,20.41152287,,,,,,
7/02/2017 10:00,20.42883431,,,,,,
7/02/2017 11:00,20.58630113,,,,,,
7/02/2017 12:00,20.85748071,,,,,,
7/02/2017 13:00,21.04783255,,,,,,
7/02/2017 14:00,21.37861055,,,,,,
7/02/2017 15:00,21.71899871,,,,,,
7/02/2017 16:00,21.9679955,,,,,,
7/02/2017 17:00,22.18904872,,,,,,
7/02/2017 18:00,22.19700473,,,,,,
7/02/2017 19:00,22.0716773,,,,,,
7/02/2017 20:00,21.93815677,,,,,,
7/02/2017 21:00,21.76005783,,,,,,
7/02/2017 22:00,21.61144214,,,,,,
7/02/2017 23:00,21.42863885,,,,,,
8/02/2017 0:00,21.3183086,,,,,,
8/02/2017 1:00,21.25108248,,,,,,
8/02/2017 2:00,21.19883452,,,,,,
8/02/2017 3:00,21.18612864,,,,,,
8/02/2017 4:00,21.17902529,,,,,,
8/02/2017 5:00,21.10123008,,,,,,
8/02/2017 6:00,21.04905404,,,,,,
8/02/2017 7:00,20.95267796,,,,,,
8/02/2017 8:00,20.84128811,,,,,,
8/02/2017 9:00,20.66327971,,,,,,
8/02/2017 10:00,20.55975225,,,,,,
8/02/2017 11:00,20.64002598,,,,,,
8/02/2017 12:00,20.75904036,,,,,,
8/02/2017 13:00,20.69652549,,,,,,
8/02/2017 14:00,20.89165412,,,,,,
8/02/2017 15:00,22.01562328,,,,,,
8/02/2017 16:00,22.70075031,,,,,,
8/02/2017 17:00,22.16095723,,,,,,
8/02/2017 18:00,21.4121142,,,,,,
8/02/2017 19:00,20.60052495,,,,,,
8/02/2017 20:00,19.82595473,,,,,,
8/02/2017 21:00,19.338403,,,,,,
8/02/2017 22:00,18.78622812,,,,,,
8/02/2017 23:00,18.14711576,,,,,,
9/02/2017 0:00,17.57268819,,,,,,
9/02/2017 1:00,17.03928019,,,,,,
9/02/2017 2:00,16.49569264,,,,,,
9/02/2017 3:00,16.0865564,,,,,,
9/02/2017 4:00,15.66264772,,,,,,
9/02/2017 5:00,15.26080392,,,,,,
9/02/2017 6:00,14.85764424,,,,,,
9/02/2017 7:00,14.39117648,,,,,,
9/02/2017 8:00,13.94451089,,,,,,
9/02/2017 9:00,13.62157852,,,,,,
9/02/2017 10:00,14.32519675,,,,,,
9/02/2017 11:00,16.23998554,,,,,,
9/02/2017 12:00,18.39404357,,,,,,
9/02/2017 13:00,20.0359942,,,,,,
9/02/2017 14:00,21.20813698,,,,,,
9/02/2017 15:00,22.21980118,,,,,,
9/02/2017 16:00,22.59691705,,,,,,
9/02/2017 17:00,22.17059112,,,,,,
9/02/2017 18:00,22.32257896,,,,,,
9/02/2017 19:00,22.22984967,,,,,,
9/02/2017 20:00,22.09448904,,,,,,
9/02/2017 21:00,22.15546041,,,,,,
9/02/2017 22:00,21.18953558,,,,,,
9/02/2017 23:00,20.51023575,,,,,,
10/02/2017 0:00,20.11067357,,,,,,
10/02/2017 1:00,19.85641756,,,,,,
10/02/2017 2:00,19.70538426,,,,,,
10/02/2017 3:00,19.67866121,,,,,,
10/02/2017 4:00,19.58757887,,,,,,
10/02/2017 5:00,19.44901273,,,,,,
10/02/2017 6:00,19.37208696,,,,,,
10/02/2017 7:00,19.29861763,,,,,,
10/02/2017 8:00,19.60908136,,,,,,
10/02/2017 9:00,20.90009218,,,,,,
10/02/2017 10:00,22.30068383,,,,,,
10/02/2017 11:00,22.48773577,,,,,,
10/02/2017 12:00,22.32074477,,,,,,
10/02/2017 13:00,22.22672174,,,,,,
10/02/2017 14:00,22.16070315,,,,,,
10/02/2017 15:00,22.12864234,,,,,,
10/02/2017 16:00,22.35007277,,,,,,
10/02/2017 17:00,22.2680482,,,,,,
10/02/2017 18:00,22.22117065,,,,,,
10/02/2017 19:00,22.33471737,,,,,,
10/02/2017 20:00,22.21430078,,,,,,
10/02/2017 21:00,22.24716111,,,,,,
10/02/2017 22:00,21.60910767,,,,,,
10/02/2017 23:00,21.24147134,,,,,,
11/02/2017 0:00,21.03284386,,,,,,
11/02/2017 1:00,20.88835594,,,,,,
11/02/2017 2:00,20.82461204,,,,,,
11/02/2017 3:00,20.80228328,,,,,,
11/02/2017 4:00,20.81660852,,,,,,
11/02/2017 5:00,20.86014951,,,,,,
11/02/2017 6:00,20.89512035,,,,,,
11/02/2017 7:00,20.90751,,,,,,
11/02/2017 8:00,20.93780288,,,,,,
11/02/2017 9:00,21.47827287,,,,,,
11/02/2017 10:00,22.74661956,,,,,,
11/02/2017 11:00,23.12298275,,,,,,
11/02/2017 12:00,23.29460099,,,,,,
11/02/2017 13:00,23.30319567,,,,,,
11/02/2017 14:00,23.32368556,,,,,,
11/02/2017 15:00,23.32485633,,,,,,
11/02/2017 16:00,23.38935928,,,,,,
11/02/2017 17:00,23.23261386,,,,,,
11/02/2017 18:00,22.90456912,,,,,,
11/02/2017 19:00,22.74735882,,,,,,
11/02/2017 20:00,22.90648162,,,,,,
11/02/2017 21:00,22.68707187,,,,,,
11/02/2017 22:00,22.50915588,,,,,,
11/02/2017 23:00,22.4122711,,,,,,
12/02/2017 0:00,22.29736826,,,,,,
12/02/2017 1:00,22.20040131,,,,,,
12/02/2017 2:00,22.12877181,,,,,,
12/02/2017 3:00,22.08492451,,,,,,
12/02/2017 4:00,22.01348797,,,,,,
12/02/2017 5:00,21.98977035,,,,,,
12/02/2017 6:00,21.96695894,,,,,,
12/02/2017 7:00,21.92672254,,,,,,
12/02/2017 8:00,21.93307876,,,,,,
12/02/2017 9:00,22.28168183,,,,,,
12/02/2017 10:00,22.85335913,,,,,,
12/02/2017 11:00,23.0618139,,,,,,
12/02/2017 12:00,23.09091519,,,,,,
12/02/2017 13:00,23.00404508,,,,,,
12/02/2017 14:00,22.70824075,,,,,,
12/02/2017 15:00,22.88105517,,,,,,
12/02/2017 16:00,22.90885514,,,,,,
12/02/2017 17:00,22.67037153,,,,,,
12/02/2017 18:00,22.74535492,,,,,,
12/02/2017 19:00,22.77489554,,,,,,
12/02/2017 20:00,22.36827673,,,,,,
12/02/2017 21:00,20.85523847,,,,,,
12/02/2017 22:00,19.90286139,,,,,,
12/02/2017 23:00,19.11002664,,,,,,
13/02/2017 0:00,18.6776559,,,,,,
13/02/2017 1:00,18.52083525,,,,,,
13/02/2017 2:00,18.27639733,,,,,,
13/02/2017 3:00,18.20699793,,,,,,
13/02/2017 4:00,18.29083694,,,,,,
13/02/2017 5:00,18.72094351,,,,,,
13/02/2017 6:00,19.1288558,,,,,,
13/02/2017 7:00,19.25072756,,,,,,
13/02/2017 8:00,19.7508585,,,,,,
13/02/2017 9:00,20.98513166,,,,,,
13/02/2017 10:00,21.99437605,,,,,,
13/02/2017 11:00,22.47599201,,,,,,
13/02/2017 12:00,22.56945515,,,,,,
13/02/2017 13:00,22.84921862,,,,,,
13/02/2017 14:00,22.97902875,,,,,,
13/02/2017 15:00,22.78205313,,,,,,
13/02/2017 16:00,22.69705005,,,,,,
13/02/2017 17:00,22.88356809,,,,,,
13/02/2017 18:00,22.79372878,,,,,,
13/02/2017 19:00,22.61656316,,,,,,
13/02/2017 20:00,22.5092874,,,,,,
13/02/2017 21:00,22.27694347,,,,,,
13/02/2017 22:00,21.83068606,,,,,,
13/02/2017 23:00,21.57086913,,,,,,
14/02/2017 0:00,21.37396171,,,,,,
14/02/2017 1:00,21.18433253,,,,,,
14/02/2017 2:00,21.02873714,,,,,,
14/02/2017 3:00,20.91600396,,,,,,
14/02/2017 4:00,20.79056721,,,,,,
14/02/2017 5:00,20.7036233,,,,,,
14/02/2017 6:00,20.64016927,,,,,,
14/02/2017 7:00,20.60711823,,,,,,
14/02/2017 8:00,20.99020464,,,,,,
14/02/2017 9:00,22.25785451,,,,,,
14/02/2017 10:00,22.69216463,,,,,,
14/02/2017 11:00,22.91830794,,,,,,
14/02/2017 12:00,23.09219191,,,,,,
14/02/2017 13:00,23.11926337,,,,,,
14/02/2017 14:00,23.11927215,,,,,,
14/02/2017 15:00,23.14578281,,,,,,
14/02/2017 16:00,23.21031782,,,,,,
14/02/2017 17:00,23.17326423,,,,,,
14/02/2017 18:00,22.86249541,,,,,,
14/02/2017 19:00,22.73783119,,,,,,
14/02/2017 20:00,22.43870879,,,,,,
14/02/2017 21:00,22.11403356,,,,,,
14/02/2017 22:00,21.80400894,,,,,,
14/02/2017 23:00,21.60669234,,,,,,
15/02/2017 0:00,21.4691084,,,,,,
15/02/2017 1:00,21.4081848,,,,,,
15/02/2017 2:00,21.3753589,,,,,,
15/02/2017 3:00,21.46014292,,,,,,
15/02/2017 4:00,21.41336652,,,,,,
15/02/2017 5:00,21.35318588,,,,,,
15/02/2017 6:00,21.29397626,,,,,,
15/02/2017 7:00,21.24055251,,,,,,
15/02/2017 8:00,21.46613036,,,,,,
15/02/2017 9:00,22.38084646,,,,,,
15/02/2017 10:00,22.51873616,,,,,,
15/02/2017 11:00,22.52648274,,,,,,
15/02/2017 12:00,22.62775578,,,,,,
15/02/2017 13:00,22.51955193,,,,,,
15/02/2017 14:00,22.47036496,,,,,,
15/02/2017 15:00,22.37739663,,,,,,
15/02/2017 16:00,22.27804869,,,,,,
15/02/2017 17:00,22.18968188,,,,,,
15/02/2017 18:00,22.06288219,,,,,,
15/02/2017 19:00,22.04643011,,,,,,
15/02/2017 20:00,22.00810525,,,,,,
15/02/2017 21:00,21.81781045,,,,,,
15/02/2017 22:00,21.31073944,,,,,,
15/02/2017 23:00,21.01276395,,,,,,
16/02/2017 0:00,20.8232317,,,,,,
16/02/2017 1:00,20.62768378,,,,,,
16/02/2017 2:00,20.45980104,,,,,,
16/02/2017 3:00,20.43462783,,,,,,
16/02/2017 4:00,20.32413522,,,,,,
16/02/2017 5:00,20.22128019,,,,,,
16/02/2017 6:00,20.124998,,,,,,
16/02/2017 7:00,20.09743205,,,,,,
16/02/2017 8:00,20.36734377,,,,,,
16/02/2017 9:00,21.42714189,,,,,,
16/02/2017 10:00,22.29752329,,,,,,
16/02/2017 11:00,22.32122973,,,,,,
16/02/2017 12:00,22.35508527,,,,,,
16/02/2017 13:00,22.37138954,,,,,,
16/02/2017 14:00,22.32657209,,,,,,
16/02/2017 15:00,22.29134913,,,,,,
16/02/2017 16:00,22.42414018,,,,,,
16/02/2017 17:00,22.48104399,,,,,,
16/02/2017 18:00,22.19542997,,,,,,
16/02/2017 19:00,22.09182282,,,,,,
16/02/2017 20:00,22.04378262,,,,,,
16/02/2017 21:00,22.02995389,,,,,,
16/02/2017 22:00,21.48761477,,,,,,
16/02/2017 23:00,21.07064661,,,,,,
17/02/2017 0:00,20.78350059,,,,,,
17/02/2017 1:00,20.58713421,,,,,,
17/02/2017 2:00,20.46098564,,,,,,
17/02/2017 3:00,20.46317136,,,,,,
17/02/2017 4:00,20.39472548,,,,,,
17/02/2017 5:00,20.373885,,,,,,
17/02/2017 6:00,20.41861039,,,,,,
17/02/2017 7:00,20.36236049,,,,,,
17/02/2017 8:00,20.78484029,,,,,,
17/02/2017 9:00,22.29839788,,,,,,
17/02/2017 10:00,22.93064477,,,,,,
17/02/2017 11:00,22.91399257,,,,,,
17/02/2017 12:00,22.86981698,,,,,,
17/02/2017 13:00,22.94951003,,,,,,
17/02/2017 14:00,23.08234218,,,,,,
17/02/2017 15:00,23.31673003,,,,,,
17/02/2017 16:00,23.52070229,,,,,,
17/02/2017 17:00,23.57233685,,,,,,
17/02/2017 18:00,23.34835326,,,,,,
17/02/2017 19:00,22.8844556,,,,,,
17/02/2017 20:00,22.67010458,,,,,,
17/02/2017 21:00,22.43004863,,,,,,
17/02/2017 22:00,22.14555997,,,,,,
17/02/2017 23:00,21.95238281,,,,,,
18/02/2017 0:00,21.79151451,,,,,,
18/02/2017 1:00,21.67594501,,,,,,
18/02/2017 2:00,21.58783949,,,,,,
18/02/2017 3:00,21.50880005,,,,,,
18/02/2017 4:00,21.45797728,,,,,,
18/02/2017 5:00,21.39768213,,,,,,
18/02/2017 6:00,21.39938307,,,,,,
18/02/2017 7:00,21.42013325,,,,,,
18/02/2017 8:00,21.48102717,,,,,,
18/02/2017 9:00,22.20653991,,,,,,
18/02/2017 10:00,23.02367664,,,,,,
18/02/2017 11:00,23.43828544,,,,,,
18/02/2017 12:00,23.74871187,,,,,,
18/02/2017 13:00,24.03417284,,,,,,
18/02/2017 14:00,24.32548929,,,,,,
18/02/2017 15:00,24.62987383,,,,,,
18/02/2017 16:00,24.92359848,,,,,,
18/02/2017 17:00,25.04557119,,,,,,
18/02/2017 18:00,24.99386244,,,,,,
18/02/2017 19:00,24.58035122,,,,,,
18/02/2017 20:00,24.17267147,,,,,,
18/02/2017 21:00,23.86693378,,,,,,
18/02/2017 22:00,23.56548808,,,,,,
18/02/2017 23:00,23.24583407,,,,,,
19/02/2017 0:00,22.98042233,,,,,,
19/02/2017 1:00,22.66217243,,,,,,
19/02/2017 2:00,22.43659303,,,,,,
19/02/2017 3:00,22.35329266,,,,,,
19/02/2017 4:00,22.26984768,,,,,,
19/02/2017 5:00,22.17736907,,,,,,
19/02/2017 6:00,22.08210033,,,,,,
19/02/2017 7:00,22.01581453,,,,,,
19/02/2017 8:00,21.99012541,,,,,,
19/02/2017 9:00,22.12105362,,,,,,
19/02/2017 10:00,22.43319749,,,,,,
19/02/2017 11:00,22.83614975,,,,,,
19/02/2017 12:00,23.29892789,,,,,,
19/02/2017 13:00,23.71253805,,,,,,
19/02/2017 14:00,24.09089732,,,,,,
19/02/2017 15:00,24.46170676,,,,,,
19/02/2017 16:00,24.81917732,,,,,,
19/02/2017 17:00,25.0503343,,,,,,
19/02/2017 18:00,25.07592317,,,,,,
19/02/2017 19:00,24.70307135,,,,,,
19/02/2017 20:00,24.27341978,,,,,,
19/02/2017 21:00,23.88809704,,,,,,
19/02/2017 22:00,23.54971412,,,,,,
19/02/2017 23:00,23.23143833,,,,,,
20/02/2017 0:00,22.90799196,,,,,,
20/02/2017 1:00,22.59295915,,,,,,
20/02/2017 2:00,22.44683685,,,,,,
20/02/2017 3:00,22.40617914,,,,,,
20/02/2017 4:00,22.23670056,,,,,,
20/02/2017 5:00,22.1390031,,,,,,
20/02/2017 6:00,22.03560411,,,,,,
20/02/2017 7:00,21.92984049,,,,,,
20/02/2017 8:00,21.96248766,,,,,,
20/02/2017 9:00,22.19808283,,,,,,
20/02/2017 10:00,22.49186114,,,,,,
20/02/2017 11:00,22.91137144,,,,,,
20/02/2017 12:00,23.54615471,,,,,,
20/02/2017 13:00,23.96608492,,,,,,
20/02/2017 14:00,24.32159384,,,,,,
20/02/2017 15:00,24.69841139,,,,,,
20/02/2017 16:00,24.93680407,,,,,,
20/02/2017 17:00,25.08985083,,,,,,
20/02/2017 18:00,24.89817902,,,,,,
20/02/2017 19:00,24.47328869,,,,,,
20/02/2017 20:00,24.025658,,,,,,
20/02/2017 21:00,23.65832723,,,,,,
20/02/2017 22:00,23.33292137,,,,,,
20/02/2017 23:00,23.03946089,,,,,,
21/02/2017 0:00,22.74029948,,,,,,
21/02/2017 1:00,22.50264354,,,,,,
21/02/2017 2:00,22.4147695,,,,,,
21/02/2017 3:00,22.41947404,,,,,,
21/02/2017 4:00,22.40921502,,,,,,
21/02/2017 5:00,22.31843859,,,,,,
21/02/2017 6:00,22.2553228,,,,,,
21/02/2017 7:00,22.20710284,,,,,,
21/02/2017 8:00,22.25029899,,,,,,
21/02/2017 9:00,22.53937231,,,,,,
21/02/2017 10:00,22.80250171,,,,,,
21/02/2017 11:00,23.0644439,,,,,,
21/02/2017 12:00,23.45585201,,,,,,
21/02/2017 13:00,23.80542234,,,,,,
21/02/2017 14:00,24.05647991,,,,,,
21/02/2017 15:00,24.26615281,,,,,,
21/02/2017 16:00,24.47701415,,,,,,
21/02/2017 17:00,24.64433315,,,,,,
21/02/2017 18:00,24.63339158,,,,,,
21/02/2017 19:00,24.58977591,,,,,,
21/02/2017 20:00,24.39447274,,,,,,
21/02/2017 21:00,24.15557724,,,,,,
21/02/2017 22:00,23.97895496,,,,,,
21/02/2017 23:00,23.80384966,,,,,,
22/02/2017 0:00,23.63337142,,,,,,
22/02/2017 1:00,23.49161343,,,,,,
22/02/2017 2:00,23.36178772,,,,,,
22/02/2017 3:00,23.28307606,,,,,,
22/02/2017 4:00,23.1371586,,,,,,
22/02/2017 5:00,23.00361128,,,,,,
22/02/2017 6:00,22.87153373,,,,,,
22/02/2017 7:00,22.74319552,,,,,,
22/02/2017 8:00,22.63318105,,,,,,
22/02/2017 9:00,22.58647995,,,,,,
22/02/2017 10:00,22.65935346,,,,,,
22/02/2017 11:00,22.95368759,,,,,,
22/02/2017 12:00,23.40246496,,,,,,
22/02/2017 13:00,23.73695386,,,,,,
22/02/2017 14:00,24.15482587,,,,,,
22/02/2017 15:00,24.67196102,,,,,,
22/02/2017 16:00,25.14897296,,,,,,
22/02/2017 17:00,25.5551313,,,,,,
22/02/2017 18:00,25.61813023,,,,,,
22/02/2017 19:00,25.37784775,,,,,,
22/02/2017 20:00,25.16994524,,,,,,
22/02/2017 21:00,24.93025197,,,,,,
22/02/2017 22:00,24.73179365,,,,,,
22/02/2017 23:00,24.5949478,,,,,,
23/02/2017 0:00,24.35822564,,,,,,
23/02/2017 1:00,24.12950274,,,,,,
23/02/2017 2:00,23.96845942,,,,,,
23/02/2017 3:00,23.86815349,,,,,,
23/02/2017 4:00,23.71869992,,,,,,
23/02/2017 5:00,23.523038,,,,,,
23/02/2017 6:00,23.39451433,,,,,,
23/02/2017 7:00,23.30465879,,,,,,
23/02/2017 8:00,23.18861065,,,,,,
23/02/2017 9:00,23.13158148,,,,,,
23/02/2017 10:00,23.27297187,,,,,,
23/02/2017 11:00,23.72622635,,,,,,
23/02/2017 12:00,24.19043155,,,,,,
23/02/2017 13:00,24.5890097,,,,,,
23/02/2017 14:00,24.770384,,,,,,
23/02/2017 15:00,24.85649536,,,,,,
23/02/2017 16:00,24.99533327,,,,,,
23/02/2017 17:00,25.2389321,,,,,,
23/02/2017 18:00,25.27973362,,,,,,
23/02/2017 19:00,25.20377504,,,,,,
23/02/2017 20:00,24.94436663,,,,,,
23/02/2017 21:00,24.68599915,,,,,,
23/02/2017 22:00,24.49048467,,,,,,
23/02/2017 23:00,24.35826401,,,,,,
24/02/2017 0:00,24.22224527,,,,,,
24/02/2017 1:00,24.14312588,,,,,,
24/02/2017 2:00,24.06852863,,,,,,
24/02/2017 3:00,23.97130456,,,,,,
24/02/2017 4:00,23.84564178,,,,,,
24/02/2017 5:00,23.68333652,,,,,,
24/02/2017 6:00,23.50359229,,,,,,
24/02/2017 7:00,23.32707503,,,,,,
24/02/2017 8:00,23.23357753,,,,,,
24/02/2017 9:00,23.28578667,,,,,,
24/02/2017 10:00,23.62618549,,,,,,
24/02/2017 11:00,24.26778395,,,,,,
24/02/2017 12:00,24.95416339,,,,,,
24/02/2017 13:00,25.56444216,,,,,,
24/02/2017 14:00,26.01267487,,,,,,
24/02/2017 15:00,26.53400642,,,,,,
24/02/2017 16:00,27.00296344,,,,,,
24/02/2017 17:00,27.18659922,,,,,,
24/02/2017 18:00,27.28054828,,,,,,
24/02/2017 19:00,27.14153422,,,,,,
24/02/2017 20:00,26.81768682,,,,,,
24/02/2017 21:00,26.43871125,,,,,,
24/02/2017 22:00,26.10377099,,,,,,
24/02/2017 23:00,25.83500154,,,,,,
25/02/2017 0:00,25.59435565,,,,,,
25/02/2017 1:00,25.40351472,,,,,,
25/02/2017 2:00,25.22839832,,,,,,
25/02/2017 3:00,25.06038246,,,,,,
25/02/2017 4:00,24.94054972,,,,,,
25/02/2017 5:00,24.67896746,,,,,,
25/02/2017 6:00,24.3466077,,,,,,
25/02/2017 7:00,24.05298885,,,,,,
25/02/2017 8:00,23.78432891,,,,,,
25/02/2017 9:00,23.53635532,,,,,,
25/02/2017 10:00,23.29928622,,,,,,
25/02/2017 11:00,23.10601046,,,,,,
25/02/2017 12:00,22.99494934,,,,,,
25/02/2017 13:00,22.80042954,,,,,,
25/02/2017 14:00,22.81554371,,,,,,
25/02/2017 15:00,22.79469716,,,,,,
25/02/2017 16:00,22.73363089,,,,,,
25/02/2017 17:00,22.38980995,,,,,,
25/02/2017 18:00,21.88804627,,,,,,
25/02/2017 19:00,21.77015131,,,,,,
25/02/2017 20:00,21.59251693,,,,,,
25/02/2017 21:00,21.2018192,,,,,,
25/02/2017 22:00,20.91218436,,,,,,
25/02/2017 23:00,20.6930144,,,,,,
26/02/2017 0:00,20.53387709,,,,,,
26/02/2017 1:00,20.35469929,,,,,,
26/02/2017 2:00,20.19125636,,,,,,
26/02/2017 3:00,20.07428576,,,,,,
26/02/2017 4:00,20.00038112,,,,,,
26/02/2017 5:00,19.94854627,,,,,,
26/02/2017 6:00,19.9126651,,,,,,
26/02/2017 7:00,19.89386016,,,,,,
26/02/2017 8:00,19.86641015,,,,,,
26/02/2017 9:00,20.23630756,,,,,,
26/02/2017 10:00,21.39358783,,,,,,
26/02/2017 11:00,22.03455572,,,,,,
26/02/2017 12:00,21.98607397,,,,,,
26/02/2017 13:00,22.11797501,,,,,,
26/02/2017 14:00,22.17549528,,,,,,
26/02/2017 15:00,22.08516949,,,,,,
26/02/2017 16:00,22.1676337,,,,,,
26/02/2017 17:00,22.21923712,,,,,,
26/02/2017 18:00,22.26529617,,,,,,
26/02/2017 19:00,21.99451314,,,,,,
26/02/2017 20:00,21.80289232,,,,,,
26/02/2017 21:00,21.41943678,,,,,,
26/02/2017 22:00,21.16185228,,,,,,
26/02/2017 23:00,20.92288391,,,,,,
27/02/2017 0:00,20.66627013,,,,,,
27/02/2017 1:00,20.54514167,,,,,,
27/02/2017 2:00,20.48369567,,,,,,
27/02/2017 3:00,20.46390748,,,,,,
27/02/2017 4:00,20.5138267,,,,,,
27/02/2017 5:00,20.48080531,,,,,,
27/02/2017 6:00,20.46868187,,,,,,
27/02/2017 7:00,20.50158763,,,,,,
27/02/2017 8:00,20.90568902,,,,,,
27/02/2017 9:00,21.99397452,,,,,,
27/02/2017 10:00,22.13550803,,,,,,
27/02/2017 11:00,22.13322205,,,,,,
27/02/2017 12:00,22.14089954,,,,,,
27/02/2017 13:00,22.33255131,,,,,,
27/02/2017 14:00,22.46075678,,,,,,
27/02/2017 15:00,22.33403147,,,,,,
27/02/2017 16:00,22.53982332,,,,,,
27/02/2017 17:00,22.31763389,,,,,,
27/02/2017 18:00,22.08471101,,,,,,
27/02/2017 19:00,22.05114803,,,,,,
27/02/2017 20:00,22.10030954,,,,,,
27/02/2017 21:00,21.91101025,,,,,,
27/02/2017 22:00,21.69016661,,,,,,
27/02/2017 23:00,21.55344579,,,,,,
28/02/2017 0:00,21.47125289,,,,,,
28/02/2017 1:00,21.38863558,,,,,,
28/02/2017 2:00,21.40655655,,,,,,
28/02/2017 3:00,21.52012707,,,,,,
28/02/2017 4:00,21.42316666,,,,,,
28/02/2017 5:00,21.31010364,,,,,,
28/02/2017 6:00,21.20460369,,,,,,
28/02/2017 7:00,21.09517863,,,,,,
28/02/2017 8:00,21.43817484,,,,,,
28/02/2017 9:00,22.1531154,,,,,,
28/02/2017 10:00,22.29502459,,,,,,
28/02/2017 11:00,22.53705892,,,,,,
28/02/2017 12:00,22.76671661,,,,,,
28/02/2017 13:00,22.74499913,,,,,,
28/02/2017 14:00,22.78169313,,,,,,
28/02/2017 15:00,22.78109234,,,,,,
28/02/2017 16:00,22.85688104,,,,,,
28/02/2017 17:00,22.96397415,,,,,,
28/02/2017 18:00,23.06020187,,,,,,
28/02/2017 19:00,22.88629443,,,,,,
28/02/2017 20:00,22.57671029,,,,,,
28/02/2017 21:00,22.37763537,,,,,,
28/02/2017 22:00,22.24220453,,,,,,
28/02/2017 23:00,22.09169365,,,,,,
1/03/2017 0:00,21.94928117,,,,,,
1/03/2017 1:00,21.85080794,,,,,,
1/03/2017 2:00,21.82991777,,,,,,
1/03/2017 3:00,21.76287623,,,,,,
1/03/2017 4:00,21.73306785,,,,,,
1/03/2017 5:00,21.71979935,,,,,,
1/03/2017 6:00,21.63331162,,,,,,
1/03/2017 7:00,21.52920045,,,,,,
1/03/2017 8:00,21.36418261,,,,,,
1/03/2017 9:00,21.31542164,,,,,,
1/03/2017 10:00,21.343664,,,,,,
1/03/2017 11:00,21.33727298,,,,,,
1/03/2017 12:00,21.68679221,,,,,,
1/03/2017 13:00,21.97969682,,,,,,
1/03/2017 14:00,22.29358035,,,,,,
1/03/2017 15:00,22.68658788,,,,,,
1/03/2017 16:00,22.85300028,,,,,,
1/03/2017 17:00,22.78449062,,,,,,
1/03/2017 18:00,22.9133183,,,,,,
1/03/2017 19:00,22.75305586,,,,,,
1/03/2017 20:00,22.41490614,,,,,,
1/03/2017 21:00,22.23992008,,,,,,
1/03/2017 22:00,21.87229008,,,,,,
1/03/2017 23:00,21.40836202,,,,,,
2/03/2017 0:00,20.93556501,,,,,,
2/03/2017 1:00,20.44836923,,,,,,
2/03/2017 2:00,19.99987397,,,,,,
2/03/2017 3:00,19.50885512,,,,,,
2/03/2017 4:00,19.18660151,,,,,,
2/03/2017 5:00,19.03635198,,,,,,
2/03/2017 6:00,18.86521849,,,,,,
2/03/2017 7:00,18.71169467,,,,,,
2/03/2017 8:00,18.88018022,,,,,,
2/03/2017 9:00,19.72621223,,,,,,
2/03/2017 10:00,20.8105569,,,,,,
2/03/2017 11:00,21.9063206,,,,,,
2/03/2017 12:00,22.26175397,,,,,,
2/03/2017 13:00,22.39325015,,,,,,
2/03/2017 14:00,22.30455543,,,,,,
2/03/2017 15:00,22.26447893,,,,,,
2/03/2017 16:00,22.28466673,,,,,,
2/03/2017 17:00,22.22477599,,,,,,
2/03/2017 18:00,22.21187828,,,,,,
2/03/2017 19:00,22.1117525,,,,,,
2/03/2017 20:00,21.93788753,,,,,,
2/03/2017 21:00,21.66873587,,,,,,
2/03/2017 22:00,20.93903834,,,,,,
2/03/2017 23:00,20.13354647,,,,,,
3/03/2017 0:00,19.5428775,,,,,,
3/03/2017 1:00,19.43042042,,,,,,
3/03/2017 2:00,19.31517347,,,,,,
3/03/2017 3:00,19.11851716,,,,,,
3/03/2017 4:00,18.91601235,,,,,,
3/03/2017 5:00,18.75596775,,,,,,
3/03/2017 6:00,18.67009731,,,,,,
3/03/2017 7:00,18.57045359,,,,,,
3/03/2017 8:00,19.02199639,,,,,,
3/03/2017 9:00,20.46673628,,,,,,
3/03/2017 10:00,21.79434896,,,,,,
3/03/2017 11:00,21.96491208,,,,,,
3/03/2017 12:00,22.21495822,,,,,,
3/03/2017 13:00,22.23898459,,,,,,
3/03/2017 14:00,22.4514723,,,,,,
3/03/2017 15:00,22.45612153,,,,,,
3/03/2017 16:00,22.31468667,,,,,,
3/03/2017 17:00,22.25270748,,,,,,
3/03/2017 18:00,22.19142381,,,,,,
3/03/2017 19:00,21.98663209,,,,,,
3/03/2017 20:00,21.8667441,,,,,,
3/03/2017 21:00,21.5694367,,,,,,
3/03/2017 22:00,20.71723004,,,,,,
3/03/2017 23:00,19.92167245,,,,,,
4/03/2017 0:00,19.37988857,,,,,,
4/03/2017 1:00,19.13263475,,,,,,
4/03/2017 2:00,18.86249589,,,,,,
4/03/2017 3:00,18.67022872,,,,,,
4/03/2017 4:00,18.50108029,,,,,,
4/03/2017 5:00,18.381008,,,,,,
4/03/2017 6:00,18.29818218,,,,,,
4/03/2017 7:00,18.24947867,,,,,,
4/03/2017 8:00,18.34814781,,,,,,
4/03/2017 9:00,19.35709237,,,,,,
4/03/2017 10:00,20.66662559,,,,,,
4/03/2017 11:00,20.88338765,,,,,,
4/03/2017 12:00,20.76640803,,,,,,
4/03/2017 13:00,20.70317182,,,,,,
4/03/2017 14:00,20.98509687,,,,,,
4/03/2017 15:00,20.95001085,,,,,,
4/03/2017 16:00,20.80101238,,,,,,
4/03/2017 17:00,20.97303231,,,,,,
4/03/2017 18:00,20.96536607,,,,,,
4/03/2017 19:00,20.94740005,,,,,,
4/03/2017 20:00,20.64093955,,,,,,
4/03/2017 21:00,19.85725267,,,,,,
4/03/2017 22:00,19.28793468,,,,,,
4/03/2017 23:00,19.04844105,,,,,,
5/03/2017 0:00,18.84369744,,,,,,
5/03/2017 1:00,18.65926529,,,,,,
5/03/2017 2:00,18.48933758,,,,,,
5/03/2017 3:00,18.39849285,,,,,,
5/03/2017 4:00,18.30707371,,,,,,
5/03/2017 5:00,18.21618504,,,,,,
5/03/2017 6:00,18.13012471,,,,,,
5/03/2017 7:00,18.06249582,,,,,,
5/03/2017 8:00,18.22681692,,,,,,
5/03/2017 9:00,19.26034175,,,,,,
5/03/2017 10:00,20.66305007,,,,,,
5/03/2017 11:00,20.88084176,,,,,,
5/03/2017 12:00,20.88329744,,,,,,
5/03/2017 13:00,20.91975088,,,,,,
5/03/2017 14:00,20.9972065,,,,,,
5/03/2017 15:00,21.12319092,,,,,,
5/03/2017 16:00,21.2841005,,,,,,
5/03/2017 17:00,21.38187934,,,,,,
5/03/2017 18:00,21.32135438,,,,,,
5/03/2017 19:00,20.98101009,,,,,,
5/03/2017 20:00,20.897611,,,,,,
5/03/2017 21:00,20.5464188,,,,,,
5/03/2017 22:00,20.09633937,,,,,,
5/03/2017 23:00,19.70219512,,,,,,
6/03/2017 0:00,19.65568737,,,,,,
6/03/2017 1:00,19.68279635,,,,,,
6/03/2017 2:00,19.67999109,,,,,,
6/03/2017 3:00,19.65815095,,,,,,
6/03/2017 4:00,19.64598414,,,,,,
6/03/2017 5:00,19.66268197,,,,,,
6/03/2017 6:00,19.68925095,,,,,,
6/03/2017 7:00,19.67144272,,,,,,
6/03/2017 8:00,20.26855136,,,,,,
6/03/2017 9:00,21.73322686,,,,,,
6/03/2017 10:00,22.31312463,,,,,,
6/03/2017 11:00,22.41089295,,,,,,
6/03/2017 12:00,22.69441383,,,,,,
6/03/2017 13:00,22.74740661,,,,,,
6/03/2017 14:00,22.69870135,,,,,,
6/03/2017 15:00,22.52732835,,,,,,
6/03/2017 16:00,22.28966605,,,,,,
6/03/2017 17:00,22.00960734,,,,,,
6/03/2017 18:00,22.09207794,,,,,,
6/03/2017 19:00,22.16246304,,,,,,
6/03/2017 20:00,22.19206843,,,,,,
6/03/2017 21:00,22.11572277,,,,,,
6/03/2017 22:00,21.80101768,,,,,,
6/03/2017 23:00,21.46548736,,,,,,
7/03/2017 0:00,21.18409818,,,,,,
7/03/2017 1:00,20.9429954,,,,,,
7/03/2017 2:00,20.72179754,,,,,,
7/03/2017 3:00,20.55540606,,,,,,
7/03/2017 4:00,20.44106638,,,,,,
7/03/2017 5:00,20.34760971,,,,,,
7/03/2017 6:00,20.23089847,,,,,,
7/03/2017 7:00,20.1461187,,,,,,
7/03/2017 8:00,20.68143308,,,,,,
7/03/2017 9:00,22.12962613,,,,,,
7/03/2017 10:00,22.8358814,,,,,,
7/03/2017 11:00,22.84952004,,,,,,
7/03/2017 12:00,22.7758004,,,,,,
7/03/2017 13:00,22.78579212,,,,,,
7/03/2017 14:00,22.48228535,,,,,,
7/03/2017 15:00,22.20123803,,,,,,
7/03/2017 16:00,22.1869561,,,,,,
7/03/2017 17:00,22.54708184,,,,,,
7/03/2017 18:00,22.50652351,,,,,,
7/03/2017 19:00,22.28243463,,,,,,
7/03/2017 20:00,22.369118,,,,,,
7/03/2017 21:00,22.3161258,,,,,,
7/03/2017 22:00,22.1433012,,,,,,
7/03/2017 23:00,21.72785524,,,,,,
8/03/2017 0:00,21.1843777,,,,,,
8/03/2017 1:00,20.65967553,,,,,,
8/03/2017 2:00,20.27487926,,,,,,
8/03/2017 3:00,19.96322726,,,,,,
8/03/2017 4:00,19.69134622,,,,,,
8/03/2017 5:00,19.50487081,,,,,,
8/03/2017 6:00,19.53342148,,,,,,
8/03/2017 7:00,19.50662472,,,,,,
8/03/2017 8:00,20.11275284,,,,,,
8/03/2017 9:00,21.94767829,,,,,,
8/03/2017 10:00,22.73953719,,,,,,
8/03/2017 11:00,22.96710033,,,,,,
8/03/2017 12:00,23.10129109,,,,,,
8/03/2017 13:00,23.1561089,,,,,,
8/03/2017 14:00,23.20266975,,,,,,
8/03/2017 15:00,23.21319528,,,,,,
8/03/2017 16:00,23.24817151,,,,,,
8/03/2017 17:00,23.26530939,,,,,,
8/03/2017 18:00,23.21443373,,,,,,
8/03/2017 19:00,22.83766302,,,,,,
8/03/2017 20:00,22.4134913,,,,,,
8/03/2017 21:00,22.36794278,,,,,,
8/03/2017 22:00,22.09952938,,,,,,
8/03/2017 23:00,21.70467788,,,,,,
9/03/2017 0:00,21.33553812,,,,,,
9/03/2017 1:00,21.01381642,,,,,,
9/03/2017 2:00,20.71326966,,,,,,
9/03/2017 3:00,20.46871981,,,,,,
9/03/2017 4:00,20.25573801,,,,,,
9/03/2017 5:00,20.00188566,,,,,,
9/03/2017 6:00,19.74613262,,,,,,
9/03/2017 7:00,19.50009065,,,,,,
9/03/2017 8:00,20.24435851,,,,,,
9/03/2017 9:00,22.13376736,,,,,,
9/03/2017 10:00,22.90638321,,,,,,
9/03/2017 11:00,23.21607234,,,,,,
9/03/2017 12:00,23.52316248,,,,,,
9/03/2017 13:00,23.74507052,,,,,,
9/03/2017 14:00,23.89760833,,,,,,
9/03/2017 15:00,24.06118353,,,,,,
9/03/2017 16:00,24.29588161,,,,,,
9/03/2017 17:00,24.36107025,,,,,,
9/03/2017 18:00,24.18378766,,,,,,
9/03/2017 19:00,23.75613535,,,,,,
9/03/2017 20:00,23.07515198,,,,,,
9/03/2017 21:00,22.57391178,,,,,,
9/03/2017 22:00,22.11754903,,,,,,
9/03/2017 23:00,21.5657913,,,,,,
10/03/2017 0:00,20.95267167,,,,,,
10/03/2017 1:00,20.311646,,,,,,
10/03/2017 2:00,19.78369722,,,,,,
10/03/2017 3:00,19.38291554,,,,,,
10/03/2017 4:00,19.37886049,,,,,,
10/03/2017 5:00,19.29267353,,,,,,
10/03/2017 6:00,19.1964073,,,,,,
10/03/2017 7:00,19.07658592,,,,,,
10/03/2017 8:00,19.52051232,,,,,,
10/03/2017 9:00,20.85666843,,,,,,
10/03/2017 10:00,21.99911354,,,,,,
10/03/2017 11:00,22.33332067,,,,,,
10/03/2017 12:00,22.43720943,,,,,,
10/03/2017 13:00,22.21200833,,,,,,
10/03/2017 14:00,22.33072896,,,,,,
10/03/2017 15:00,22.2487399,,,,,,
10/03/2017 16:00,22.22956197,,,,,,
10/03/2017 17:00,22.2601805,,,,,,
10/03/2017 18:00,22.17342452,,,,,,
10/03/2017 19:00,22.08774976,,,,,,
10/03/2017 20:00,22.0025288,,,,,,
10/03/2017 21:00,21.70610751,,,,,,
10/03/2017 22:00,20.76755205,,,,,,
10/03/2017 23:00,19.82062064,,,,,,
11/03/2017 0:00,19.25984464,,,,,,
11/03/2017 1:00,19.01855679,,,,,,
11/03/2017 2:00,18.81783475,,,,,,
11/03/2017 3:00,18.66589649,,,,,,
11/03/2017 4:00,18.53559708,,,,,,
11/03/2017 5:00,18.43907107,,,,,,
11/03/2017 6:00,18.29473317,,,,,,
11/03/2017 7:00,18.18214104,,,,,,
11/03/2017 8:00,18.29780349,,,,,,
11/03/2017 9:00,18.99455368,,,,,,
11/03/2017 10:00,20.3045134,,,,,,
11/03/2017 11:00,20.79043756,,,,,,
11/03/2017 12:00,20.88636454,,,,,,
11/03/2017 13:00,20.63606156,,,,,,
11/03/2017 14:00,20.86144317,,,,,,
11/03/2017 15:00,20.62605945,,,,,,
11/03/2017 16:00,20.76420534,,,,,,
11/03/2017 17:00,20.82595937,,,,,,
11/03/2017 18:00,20.81215291,,,,,,
11/03/2017 19:00,20.84611114,,,,,,
11/03/2017 20:00,20.58307571,,,,,,
11/03/2017 21:00,19.67514856,,,,,,
11/03/2017 22:00,19.11723467,,,,,,
11/03/2017 23:00,18.8008684,,,,,,
12/03/2017 0:00,18.60060581,,,,,,
12/03/2017 1:00,18.48468467,,,,,,
12/03/2017 2:00,18.42108014,,,,,,
12/03/2017 3:00,18.34928879,,,,,,
12/03/2017 4:00,18.30773024,,,,,,
12/03/2017 5:00,18.30115903,,,,,,
12/03/2017 6:00,18.33088893,,,,,,
12/03/2017 7:00,18.34137001,,,,,,
12/03/2017 8:00,18.77743284,,,,,,
12/03/2017 9:00,20.05272245,,,,,,
12/03/2017 10:00,20.76464661,,,,,,
12/03/2017 11:00,20.89046276,,,,,,
12/03/2017 12:00,20.94593606,,,,,,
12/03/2017 13:00,20.86611561,,,,,,
12/03/2017 14:00,20.90218199,,,,,,
12/03/2017 15:00,20.83105875,,,,,,
12/03/2017 16:00,20.78011078,,,,,,
12/03/2017 17:00,20.9746179,,,,,,
12/03/2017 18:00,20.81011894,,,,,,
12/03/2017 19:00,20.65823776,,,,,,
12/03/2017 20:00,19.78735774,,,,,,
12/03/2017 21:00,19.27594378,,,,,,
12/03/2017 22:00,19.03697195,,,,,,
12/03/2017 23:00,18.88343459,,,,,,
13/03/2017 0:00,18.7424514,,,,,,
13/03/2017 1:00,18.62725332,,,,,,
13/03/2017 2:00,18.55991156,,,,,,
13/03/2017 3:00,18.40261865,,,,,,
13/03/2017 4:00,18.30680232,,,,,,
13/03/2017 5:00,18.26126938,,,,,,
13/03/2017 6:00,18.2333784,,,,,,
13/03/2017 7:00,18.59111726,,,,,,
13/03/2017 8:00,19.77892008,,,,,,
13/03/2017 9:00,21.04996137,,,,,,
13/03/2017 10:00,22.08191173,,,,,,
13/03/2017 11:00,22.13618072,,,,,,
13/03/2017 12:00,22.47158398,,,,,,
13/03/2017 13:00,22.72634911,,,,,,
13/03/2017 14:00,22.57937053,,,,,,
13/03/2017 15:00,22.76123027,,,,,,
13/03/2017 16:00,22.7744033,,,,,,
13/03/2017 17:00,22.60833837,,,,,,
13/03/2017 18:00,22.61436523,,,,,,
13/03/2017 19:00,22.68449952,,,,,,
13/03/2017 20:00,22.52826795,,,,,,
13/03/2017 21:00,21.82285903,,,,,,
13/03/2017 22:00,21.04126815,,,,,,
13/03/2017 23:00,20.33405193,,,,,,
14/03/2017 0:00,19.78626181,,,,,,
14/03/2017 1:00,19.64221561,,,,,,
14/03/2017 2:00,19.61198096,,,,,,
14/03/2017 3:00,19.55912957,,,,,,
14/03/2017 4:00,19.43421611,,,,,,
14/03/2017 5:00,19.38558742,,,,,,
14/03/2017 6:00,19.28301499,,,,,,
14/03/2017 7:00,19.63810757,,,,,,
14/03/2017 8:00,20.82362601,,,,,,
14/03/2017 9:00,21.70498383,,,,,,
14/03/2017 10:00,21.97163664,,,,,,
14/03/2017 11:00,21.91910489,,,,,,
14/03/2017 12:00,21.86362408,,,,,,
14/03/2017 13:00,21.65420317,,,,,,
14/03/2017 14:00,21.5638365,,,,,,
14/03/2017 15:00,21.43028952,,,,,,
14/03/2017 16:00,21.71490206,,,,,,
14/03/2017 17:00,21.60829987,,,,,,
14/03/2017 18:00,21.57274683,,,,,,
14/03/2017 19:00,21.68527975,,,,,,
14/03/2017 20:00,21.35034179,,,,,,
14/03/2017 21:00,20.23272538,,,,,,
14/03/2017 22:00,19.20130769,,,,,,
14/03/2017 23:00,18.59072329,,,,,,
15/03/2017 0:00,18.16564241,,,,,,
15/03/2017 1:00,17.87237295,,,,,,
15/03/2017 2:00,17.56547346,,,,,,
15/03/2017 3:00,17.33879433,,,,,,
15/03/2017 4:00,17.13085091,,,,,,
15/03/2017 5:00,16.97423656,,,,,,
15/03/2017 6:00,16.83116098,,,,,,
15/03/2017 7:00,17.35725136,,,,,,
15/03/2017 8:00,18.60532203,,,,,,
15/03/2017 9:00,19.51043639,,,,,,
15/03/2017 10:00,20.33805128,,,,,,
15/03/2017 11:00,21.10808095,,,,,,
15/03/2017 12:00,21.73841818,,,,,,
15/03/2017 13:00,21.6331418,,,,,,
15/03/2017 14:00,21.78625322,,,,,,
15/03/2017 15:00,21.68634035,,,,,,
15/03/2017 16:00,21.613305,,,,,,
15/03/2017 17:00,21.6449481,,,,,,
15/03/2017 18:00,21.61236823,,,,,,
15/03/2017 19:00,21.65209738,,,,,,
15/03/2017 20:00,21.38831502,,,,,,
15/03/2017 21:00,20.22235559,,,,,,
15/03/2017 22:00,19.21270792,,,,,,
15/03/2017 23:00,18.72154204,,,,,,
16/03/2017 0:00,18.36104661,,,,,,
16/03/2017 1:00,18.13265107,,,,,,
16/03/2017 2:00,17.95581769,,,,,,
16/03/2017 3:00,17.74954281,,,,,,
16/03/2017 4:00,17.61375632,,,,,,
16/03/2017 5:00,17.571444,,,,,,
16/03/2017 6:00,17.52780031,,,,,,
16/03/2017 7:00,17.99941603,,,,,,
16/03/2017 8:00,19.34157401,,,,,,
16/03/2017 9:00,20.46664136,,,,,,
16/03/2017 10:00,21.48484148,,,,,,
16/03/2017 11:00,21.98335183,,,,,,
16/03/2017 12:00,21.9673245,,,,,,
16/03/2017 13:00,21.90091294,,,,,,
16/03/2017 14:00,21.91770905,,,,,,
16/03/2017 15:00,22.1125343,,,,,,
16/03/2017 16:00,22.12029956,,,,,,
16/03/2017 17:00,22.13705381,,,,,,
16/03/2017 18:00,22.06780752,,,,,,
16/03/2017 19:00,21.79260011,,,,,,
16/03/2017 20:00,21.2978184,,,,,,
16/03/2017 21:00,20.4918164,,,,,,
16/03/2017 22:00,19.68737091,,,,,,
16/03/2017 23:00,19.27320288,,,,,,
17/03/2017 0:00,19.01784941,,,,,,
17/03/2017 1:00,18.85304162,,,,,,
17/03/2017 2:00,18.69993015,,,,,,
17/03/2017 3:00,18.48398536,,,,,,
17/03/2017 4:00,18.2979592,,,,,,
17/03/2017 5:00,18.14391952,,,,,,
17/03/2017 6:00,18.01939907,,,,,,
17/03/2017 7:00,18.5169898,,,,,,
17/03/2017 8:00,20.10163746,,,,,,
17/03/2017 9:00,21.64658364,,,,,,
17/03/2017 10:00,22.19620015,,,,,,
17/03/2017 11:00,22.30470389,,,,,,
17/03/2017 12:00,22.44490242,,,,,,
17/03/2017 13:00,22.36876295,,,,,,
17/03/2017 14:00,22.3161764,,,,,,
17/03/2017 15:00,22.06973006,,,,,,
17/03/2017 16:00,21.85924769,,,,,,
17/03/2017 17:00,21.64313534,,,,,,
17/03/2017 18:00,21.80995569,,,,,,
17/03/2017 19:00,21.7157275,,,,,,
17/03/2017 20:00,21.47942278,,,,,,
17/03/2017 21:00,20.87734668,,,,,,
17/03/2017 22:00,20.15909082,,,,,,
17/03/2017 23:00,19.61623514,,,,,,
18/03/2017 0:00,19.46987478,,,,,,
18/03/2017 1:00,19.31563111,,,,,,
18/03/2017 2:00,19.22100644,,,,,,
18/03/2017 3:00,19.11482833,,,,,,
18/03/2017 4:00,19.05349441,,,,,,
18/03/2017 5:00,18.98630288,,,,,,
18/03/2017 6:00,18.92691021,,,,,,
18/03/2017 7:00,18.89901724,,,,,,
18/03/2017 8:00,19.44610224,,,,,,
18/03/2017 9:00,20.58951505,,,,,,
18/03/2017 10:00,20.66753778,,,,,,
18/03/2017 11:00,20.7931821,,,,,,
18/03/2017 12:00,20.68919327,,,,,,
18/03/2017 13:00,20.69341284,,,,,,
18/03/2017 14:00,20.70429279,,,,,,
18/03/2017 15:00,20.73349633,,,,,,
18/03/2017 16:00,20.69028192,,,,,,
18/03/2017 17:00,20.69018046,,,,,,
18/03/2017 18:00,20.55069718,,,,,,
18/03/2017 19:00,20.44285667,,,,,,
18/03/2017 20:00,20.03156041,,,,,,
18/03/2017 21:00,19.53847854,,,,,,
18/03/2017 22:00,19.36143685,,,,,,
18/03/2017 23:00,19.23745977,,,,,,
19/03/2017 0:00,19.11907147,,,,,,
19/03/2017 1:00,19.04300497,,,,,,
19/03/2017 2:00,18.98918643,,,,,,
19/03/2017 3:00,18.9707814,,,,,,
19/03/2017 4:00,18.94023488,,,,,,
19/03/2017 5:00,18.92003541,,,,,,
19/03/2017 6:00,18.90808173,,,,,,
19/03/2017 7:00,18.89240584,,,,,,
19/03/2017 8:00,19.45141541,,,,,,
19/03/2017 9:00,20.61904337,,,,,,
19/03/2017 10:00,20.77682837,,,,,,
19/03/2017 11:00,20.68182507,,,,,,
19/03/2017 12:00,20.73957484,,,,,,
19/03/2017 13:00,20.65848332,,,,,,
19/03/2017 14:00,20.65655901,,,,,,
19/03/2017 15:00,20.69373064,,,,,,
19/03/2017 16:00,20.63290914,,,,,,
19/03/2017 17:00,20.61505676,,,,,,
19/03/2017 18:00,20.60437729,,,,,,
19/03/2017 19:00,20.49270004,,,,,,
19/03/2017 20:00,20.13125172,,,,,,
19/03/2017 21:00,19.71208094,,,,,,
19/03/2017 22:00,19.47904615,,,,,,
19/03/2017 23:00,19.48980008,,,,,,
20/03/2017 0:00,19.49806511,,,,,,
20/03/2017 1:00,19.46035651,,,,,,
20/03/2017 2:00,19.41791889,,,,,,
20/03/2017 3:00,19.3850939,,,,,,
20/03/2017 4:00,19.32598949,,,,,,
20/03/2017 5:00,19.28780826,,,,,,
20/03/2017 6:00,19.27425188,,,,,,
20/03/2017 7:00,19.82472765,,,,,,
20/03/2017 8:00,21.48641935,,,,,,
20/03/2017 9:00,22.33091908,,,,,,
20/03/2017 10:00,22.54196121,,,,,,
20/03/2017 11:00,22.6555512,,,,,,
20/03/2017 12:00,22.6379021,,,,,,
20/03/2017 13:00,22.62276042,,,,,,
20/03/2017 14:00,22.67153467,,,,,,
20/03/2017 15:00,22.79967024,,,,,,
20/03/2017 16:00,22.86612165,,,,,,
20/03/2017 17:00,22.71302677,,,,,,
20/03/2017 18:00,22.40260756,,,,,,
20/03/2017 19:00,22.08433637,,,,,,
20/03/2017 20:00,21.80804671,,,,,,
20/03/2017 21:00,21.55819274,,,,,,
20/03/2017 22:00,21.32591444,,,,,,
20/03/2017 23:00,21.13365036,,,,,,
21/03/2017 0:00,20.95733756,,,,,,
21/03/2017 1:00,20.76275385,,,,,,
21/03/2017 2:00,20.64127348,,,,,,
21/03/2017 3:00,20.55786607,,,,,,
21/03/2017 4:00,20.40136929,,,,,,
21/03/2017 5:00,20.29620541,,,,,,
21/03/2017 6:00,20.13172243,,,,,,
21/03/2017 7:00,20.52594429,,,,,,
21/03/2017 8:00,21.96468486,,,,,,
21/03/2017 9:00,22.32653108,,,,,,
21/03/2017 10:00,22.37239443,,,,,,
21/03/2017 11:00,22.83401787,,,,,,
21/03/2017 12:00,23.17827077,,,,,,
21/03/2017 13:00,23.48248649,,,,,,
21/03/2017 14:00,23.88062682,,,,,,
21/03/2017 15:00,24.29280383,,,,,,
21/03/2017 16:00,24.61011978,,,,,,
21/03/2017 17:00,24.73963804,,,,,,
21/03/2017 18:00,24.6048979,,,,,,
21/03/2017 19:00,24.22278804,,,,,,
21/03/2017 20:00,23.71587421,,,,,,
21/03/2017 21:00,23.24262621,,,,,,
21/03/2017 22:00,22.84995576,,,,,,
21/03/2017 23:00,22.32742388,,,,,,
22/03/2017 0:00,21.70761552,,,,,,
22/03/2017 1:00,20.57533839,,,,,,
22/03/2017 2:00,19.77844829,,,,,,
22/03/2017 3:00,19.11648115,,,,,,
22/03/2017 4:00,18.51616239,,,,,,
22/03/2017 5:00,18.50078931,,,,,,
22/03/2017 6:00,18.44333323,,,,,,
22/03/2017 7:00,18.87086449,,,,,,
22/03/2017 8:00,20.47467028,,,,,,
22/03/2017 9:00,21.80142328,,,,,,
22/03/2017 10:00,22.03272732,,,,,,
22/03/2017 11:00,22.30236965,,,,,,
22/03/2017 12:00,22.34086931,,,,,,
22/03/2017 13:00,22.27637582,,,,,,
22/03/2017 14:00,22.43961916,,,,,,
22/03/2017 15:00,22.7115389,,,,,,
22/03/2017 16:00,22.70605324,,,,,,
22/03/2017 17:00,22.88461888,,,,,,
22/03/2017 18:00,22.72522762,,,,,,
22/03/2017 19:00,22.46769977,,,,,,
22/03/2017 20:00,22.0321911,,,,,,
22/03/2017 21:00,21.35842993,,,,,,
22/03/2017 22:00,20.68518418,,,,,,
22/03/2017 23:00,20.04977433,,,,,,
23/03/2017 0:00,19.52291285,,,,,,
23/03/2017 1:00,19.26225003,,,,,,
23/03/2017 2:00,19.10415783,,,,,,
23/03/2017 3:00,18.96681781,,,,,,
23/03/2017 4:00,18.79016105,,,,,,
23/03/2017 5:00,18.64319831,,,,,,
23/03/2017 6:00,18.53846129,,,,,,
23/03/2017 7:00,19.00503732,,,,,,
23/03/2017 8:00,20.69096544,,,,,,
23/03/2017 9:00,22.06274519,,,,,,
23/03/2017 10:00,22.3253653,,,,,,
23/03/2017 11:00,22.49656975,,,,,,
23/03/2017 12:00,22.63188181,,,,,,
23/03/2017 13:00,22.7739984,,,,,,
23/03/2017 14:00,22.88006774,,,,,,
23/03/2017 15:00,23.13073627,,,,,,
23/03/2017 16:00,23.38051612,,,,,,
23/03/2017 17:00,23.48865899,,,,,,
23/03/2017 18:00,23.56361228,,,,,,
23/03/2017 19:00,23.23844215,,,,,,
23/03/2017 20:00,22.66059375,,,,,,
23/03/2017 21:00,22.13401556,,,,,,
23/03/2017 22:00,21.68286859,,,,,,
23/03/2017 23:00,21.28579806,,,,,,
24/03/2017 0:00,21.00255512,,,,,,
24/03/2017 1:00,20.66190374,,,,,,
24/03/2017 2:00,20.36090246,,,,,,
24/03/2017 3:00,20.11225972,,,,,,
24/03/2017 4:00,20.00927696,,,,,,
24/03/2017 5:00,19.83827615,,,,,,
24/03/2017 6:00,19.60215126,,,,,,
24/03/2017 7:00,20.10981155,,,,,,
24/03/2017 8:00,21.7386805,,,,,,
24/03/2017 9:00,22.45075643,,,,,,
24/03/2017 10:00,22.79700622,,,,,,
24/03/2017 11:00,22.88586701,,,,,,
24/03/2017 12:00,23.10828846,,,,,,
24/03/2017 13:00,23.46642233,,,,,,
24/03/2017 14:00,23.96458371,,,,,,
24/03/2017 15:00,24.46044219,,,,,,
24/03/2017 16:00,24.91868152,,,,,,
24/03/2017 17:00,25.41065271,,,,,,
24/03/2017 18:00,25.76516215,,,,,,
24/03/2017 19:00,25.75258436,,,,,,
24/03/2017 20:00,25.51458881,,,,,,
24/03/2017 21:00,25.26960663,,,,,,
24/03/2017 22:00,25.07421518,,,,,,
24/03/2017 23:00,24.87768926,,,,,,
25/03/2017 0:00,24.68573148,,,,,,
25/03/2017 1:00,24.52098568,,,,,,
25/03/2017 2:00,24.39044142,,,,,,
25/03/2017 3:00,24.3012919,,,,,,
25/03/2017 4:00,24.21360831,,,,,,
25/03/2017 5:00,24.11821534,,,,,,
25/03/2017 6:00,24.02973831,,,,,,
25/03/2017 7:00,23.94575311,,,,,,
25/03/2017 8:00,23.92919977,,,,,,
25/03/2017 9:00,24.1791496,,,,,,
25/03/2017 10:00,24.59903852,,,,,,
25/03/2017 11:00,25.08727991,,,,,,
25/03/2017 12:00,25.42781329,,,,,,
25/03/2017 13:00,25.72933362,,,,,,
25/03/2017 14:00,26.11448706,,,,,,
25/03/2017 15:00,26.51797949,,,,,,
25/03/2017 16:00,26.81617917,,,,,,
25/03/2017 17:00,27.04787412,,,,,,
25/03/2017 18:00,27.13942356,,,,,,
25/03/2017 19:00,27.13416801,,,,,,
25/03/2017 20:00,27.00242169,,,,,,
25/03/2017 21:00,26.81706102,,,,,,
25/03/2017 22:00,26.65235467,,,,,,
25/03/2017 23:00,26.46804056,,,,,,
26/03/2017 0:00,26.26358859,,,,,,
26/03/2017 1:00,25.97606283,,,,,,
26/03/2017 2:00,25.72153254,,,,,,
26/03/2017 3:00,25.47120381,,,,,,
26/03/2017 4:00,25.25117659,,,,,,
26/03/2017 5:00,25.050572,,,,,,
26/03/2017 6:00,24.82944415,,,,,,
26/03/2017 7:00,24.63166704,,,,,,
26/03/2017 8:00,24.55298615,,,,,,
26/03/2017 9:00,24.03006263,,,,,,
26/03/2017 10:00,24.01090949,,,,,,
26/03/2017 11:00,24.20260463,,,,,,
26/03/2017 12:00,24.14382526,,,,,,
26/03/2017 13:00,24.23435997,,,,,,
26/03/2017 14:00,24.19574103,,,,,,
26/03/2017 15:00,24.509638,,,,,,
26/03/2017 16:00,24.6221601,,,,,,
26/03/2017 17:00,24.76774679,,,,,,
26/03/2017 18:00,24.68763803,,,,,,
26/03/2017 19:00,24.41543186,,,,,,
26/03/2017 20:00,24.14033143,,,,,,
26/03/2017 21:00,23.96563084,,,,,,
26/03/2017 22:00,23.80657256,,,,,,
26/03/2017 23:00,23.67365577,,,,,,
27/03/2017 0:00,23.56332812,,,,,,
27/03/2017 1:00,23.48441295,,,,,,
27/03/2017 2:00,23.30320515,,,,,,
27/03/2017 3:00,23.10139798,,,,,,
27/03/2017 4:00,22.94241502,,,,,,
27/03/2017 5:00,22.83193048,,,,,,
27/03/2017 6:00,22.77939296,,,,,,
27/03/2017 7:00,22.72113194,,,,,,
27/03/2017 8:00,22.90759511,,,,,,
27/03/2017 9:00,23.31922617,,,,,,
27/03/2017 10:00,23.81157946,,,,,,
27/03/2017 11:00,24.31726898,,,,,,
27/03/2017 12:00,24.77862498,,,,,,
27/03/2017 13:00,25.21674623,,,,,,
27/03/2017 14:00,25.60613858,,,,,,
27/03/2017 15:00,26.02074956,,,,,,
27/03/2017 16:00,26.18863493,,,,,,
27/03/2017 17:00,25.88706179,,,,,,
27/03/2017 18:00,26.18420552,,,,,,
27/03/2017 19:00,26.21053774,,,,,,
27/03/2017 20:00,25.99363694,,,,,,
27/03/2017 21:00,25.69967674,,,,,,
27/03/2017 22:00,25.46733124,,,,,,
27/03/2017 23:00,25.25548308,,,,,,
28/03/2017 0:00,25.12194327,,,,,,
28/03/2017 1:00,24.96608781,,,,,,
28/03/2017 2:00,24.81308367,,,,,,
28/03/2017 3:00,24.7128296,,,,,,
28/03/2017 4:00,24.59704429,,,,,,
28/03/2017 5:00,24.46383755,,,,,,
28/03/2017 6:00,24.29870165,,,,,,
28/03/2017 7:00,24.1376727,,,,,,
28/03/2017 8:00,24.01034943,,,,,,
28/03/2017 9:00,24.06452738,,,,,,
28/03/2017 10:00,24.22443478,,,,,,
28/03/2017 11:00,24.33991694,,,,,,
28/03/2017 12:00,24.35354116,,,,,,
28/03/2017 13:00,24.38083534,,,,,,
28/03/2017 14:00,24.43053947,,,,,,
28/03/2017 15:00,24.51368612,,,,,,
28/03/2017 16:00,24.19231106,,,,,,
28/03/2017 17:00,23.941263,,,,,,
28/03/2017 18:00,23.77025512,,,,,,
28/03/2017 19:00,23.63899766,,,,,,
28/03/2017 20:00,23.26860259,,,,,,
28/03/2017 21:00,23.15215621,,,,,,
28/03/2017 22:00,23.06808062,,,,,,
28/03/2017 23:00,22.89182924,,,,,,
29/03/2017 0:00,22.77348164,,,,,,
29/03/2017 1:00,22.55393162,,,,,,
29/03/2017 2:00,22.30404911,,,,,,
29/03/2017 3:00,22.14496515,,,,,,
29/03/2017 4:00,21.9385067,,,,,,
29/03/2017 5:00,21.80703747,,,,,,
29/03/2017 6:00,21.70630189,,,,,,
29/03/2017 7:00,21.53723297,,,,,,
29/03/2017 8:00,21.39468985,,,,,,
29/03/2017 9:00,21.40770342,,,,,,
29/03/2017 10:00,21.64586362,,,,,,
29/03/2017 11:00,22.11591143,,,,,,
29/03/2017 12:00,22.58196125,,,,,,
29/03/2017 13:00,23.02005439,,,,,,
29/03/2017 14:00,23.45538619,,,,,,
29/03/2017 15:00,23.82770613,,,,,,
29/03/2017 16:00,24.07955428,,,,,,
29/03/2017 17:00,24.45000422,,,,,,
29/03/2017 18:00,24.65960239,,,,,,
29/03/2017 19:00,24.51441218,,,,,,
29/03/2017 20:00,24.13936893,,,,,,
29/03/2017 21:00,23.75848314,,,,,,
29/03/2017 22:00,23.39112469,,,,,,
29/03/2017 23:00,23.0531285,,,,,,
30/03/2017 0:00,22.73565362,,,,,,
30/03/2017 1:00,22.4449218,,,,,,
30/03/2017 2:00,22.22264441,,,,,,
30/03/2017 3:00,21.97274675,,,,,,
30/03/2017 4:00,21.74604737,,,,,,
30/03/2017 5:00,21.53296666,,,,,,
30/03/2017 6:00,21.33324759,,,,,,
30/03/2017 7:00,21.15031911,,,,,,
30/03/2017 8:00,21.01300793,,,,,,
30/03/2017 9:00,20.97414613,,,,,,
30/03/2017 10:00,21.08528348,,,,,,
30/03/2017 11:00,21.29110672,,,,,,
30/03/2017 12:00,21.29673344,,,,,,
30/03/2017 13:00,21.32543055,,,,,,
30/03/2017 14:00,21.3551504,,,,,,
30/03/2017 15:00,21.53408014,,,,,,
30/03/2017 16:00,21.82516365,,,,,,
30/03/2017 17:00,21.92869776,,,,,,
30/03/2017 18:00,22.00240087,,,,,,
30/03/2017 19:00,21.96624878,,,,,,
30/03/2017 20:00,21.89310724,,,,,,
30/03/2017 21:00,21.77228903,,,,,,
30/03/2017 22:00,21.61040631,,,,,,
30/03/2017 23:00,21.49317122,,,,,,
31/03/2017 0:00,21.36768141,,,,,,
31/03/2017 1:00,21.27529079,,,,,,
31/03/2017 2:00,21.23063133,,,,,,
31/03/2017 3:00,21.22000319,,,,,,
31/03/2017 4:00,21.12425324,,,,,,
31/03/2017 5:00,20.96070455,,,,,,
31/03/2017 6:00,20.82630265,,,,,,
31/03/2017 7:00,20.7112187,,,,,,
31/03/2017 8:00,20.61898552,,,,,,
31/03/2017 9:00,20.55721934,,,,,,
31/03/2017 10:00,20.55721499,,,,,,
31/03/2017 11:00,20.66770422,,,,,,
31/03/2017 12:00,21.97281555,,,,,,
31/03/2017 13:00,22.48490427,,,,,,
31/03/2017 14:00,22.4535457,,,,,,
31/03/2017 15:00,22.42600563,,,,,,
31/03/2017 16:00,22.25058716,,,,,,
31/03/2017 17:00,22.23155591,,,,,,
31/03/2017 18:00,22.30133853,,,,,,
31/03/2017 19:00,22.3220983,,,,,,
31/03/2017 20:00,22.18364585,,,,,,
31/03/2017 21:00,21.99127722,,,,,,
31/03/2017 22:00,21.83110551,,,,,,
31/03/2017 23:00,21.63954949,,,,,,
1/04/2017 0:00,21.44126395,,,,,,
