# # iw north average temp C,iw heating energy kWh,diffuse solar w/m2,direct solar w/m2,OAH %,OAT C,Mull SWT C,Heat Mode
2.460489789999999743e+01,0.000000000000000000e+00,6.485858021999999323e+01,1.558944710999999756e+02,4.481666666999999649e+01,1.396759259000000064e+01,2.299569462919999907e+01,0.000000000000000000e+00
2.265508240999999856e+01,4.117905224999999803e+01,1.355828186999999900e+02,4.769177298999999692e+01,7.351666667000000643e+01,-9.796759258999999886e+00,5.919528606329999576e+01,1.000000000000000000e+00
2.346642233000000033e+01,0.000000000000000000e+00,3.030543688000000202e+02,4.189263509999999542e+02,5.232500000000000284e+01,1.974768518000000128e+01,1.237961072670000107e+01,0.000000000000000000e+00
2.099038503999999961e+01,2.631018326999999957e+01,0.000000000000000000e+00,0.000000000000000000e+00,7.907500000000000284e+01,-4.236111110000000401e-01,3.812402768500000150e+01,1.000000000000000000e+00
2.514897295999999827e+01,0.000000000000000000e+00,1.331406542000000002e+02,5.102884227000000124e+02,5.626666666999999933e+01,1.983333332999999854e+01,2.334384201079999954e+01,0.000000000000000000e+00
2.140471843999999990e+01,2.354753558000000169e+01,0.000000000000000000e+00,0.000000000000000000e+00,7.148333332999999357e+01,3.619907406999999910e+00,3.679102658669999926e+01,1.000000000000000000e+00
2.254708184000000060e+01,4.341867737000000282e+00,7.164698232000000644e+01,6.940723832999999843e+00,9.257500000000000284e+01,1.303240740999999936e+01,2.729135343500000133e+01,1.000000000000000000e+00
2.265508240999999856e+01,4.117905224999999803e+01,1.355828186999999900e+02,4.769177298999999692e+01,7.351666667000000643e+01,-9.796759258999999886e+00,5.919528606329999576e+01,1.000000000000000000e+00
2.241227110000000167e+01,1.132164780999999998e+01,0.000000000000000000e+00,0.000000000000000000e+00,7.879166666999999791e+01,9.735648147999999225e+00,2.824054126829999944e+01,1.000000000000000000e+00
2.194305171999999970e+01,2.229629527000000166e+01,0.000000000000000000e+00,0.000000000000000000e+00,5.857500000000000284e+01,-2.343518518999999856e+00,3.365068977250000160e+01,1.000000000000000000e+00
2.194928116999999901e+01,0.000000000000000000e+00,0.000000000000000000e+00,0.000000000000000000e+00,8.934999999999999432e+01,1.390787036999999948e+01,2.240258956579999960e+01,0.000000000000000000e+00
2.274029948000000090e+01,2.934789581000000425e+00,0.000000000000000000e+00,0.000000000000000000e+00,5.192499999999999716e+01,1.043055556000000017e+01,2.156776668999999913e+01,1.000000000000000000e+00
2.272522761999999830e+01,1.189273073999999930e+01,3.923204551999999978e+01,6.905997083999999404e+02,3.085833333000000067e+01,2.995370369999999838e+00,2.692174160579999764e+01,1.000000000000000000e+00
2.246769976999999940e+01,1.969864347000000038e+01,4.711155289999999773e+00,1.147741753999999901e+02,3.305833333000000351e+01,1.129629629999999940e+00,3.607859860330000146e+01,1.000000000000000000e+00
2.331964735000000033e+01,7.598428461000000134e+00,8.137587075999999797e+01,8.333810724999999593e+02,6.601666667000000643e+01,5.459259258999999531e+00,2.976170325420000040e+01,1.000000000000000000e+00
1.953342148000000122e+01,1.166213484999999928e+01,0.000000000000000000e+00,0.000000000000000000e+00,8.624166667000000075e+01,4.849537037000000161e+00,2.513340559579999933e+01,1.000000000000000000e+00
2.281995028000000048e+01,2.106368104999999957e+01,1.136090710000000001e+02,2.120651303000000265e+00,5.976666666999999933e+01,3.528240741000000291e+00,3.809080166580000082e+01,1.000000000000000000e+00
2.145797728000000149e+01,1.920374513999999877e+01,0.000000000000000000e+00,0.000000000000000000e+00,7.747499999999999432e+01,5.247685184999999919e+00,3.330035740830000179e+01,1.000000000000000000e+00
2.115975450000000180e+01,2.713848800999999966e+01,0.000000000000000000e+00,0.000000000000000000e+00,6.143333333000000351e+01,-4.674537036999999451e+00,3.666641226830000022e+01,1.000000000000000000e+00
2.165901566999999872e+01,2.169198335000000100e+01,0.000000000000000000e+00,0.000000000000000000e+00,8.170833333000000209e+01,9.648611111000001017e+00,3.557678718169999854e+01,1.000000000000000000e+00
2.098677600000000254e+01,2.653439331999999951e+01,0.000000000000000000e+00,0.000000000000000000e+00,7.840000000000000568e+01,-8.888888899999999871e-02,3.833788023079999618e+01,1.000000000000000000e+00
2.388366192000000154e+01,0.000000000000000000e+00,1.345599379000000040e+00,1.912125827999999927e+01,7.278333333000000493e+01,1.545324074000000003e+01,2.360738036580000099e+01,0.000000000000000000e+00
2.264217396000000093e+01,1.207523765000000004e+01,0.000000000000000000e+00,0.000000000000000000e+00,8.584166666999999507e+01,1.058009258999999957e+01,2.969055001419999940e+01,1.000000000000000000e+00
2.277286128000000076e+01,2.202607128000000003e+01,6.741839379999998982e+01,6.440649410000000019e-01,9.079166666999999791e+01,4.255092593000000534e+00,3.696868997749999863e+01,1.000000000000000000e+00
2.280748226000000045e+01,2.565712827000000118e+01,8.379180249999999219e+00,1.176373834999999923e+00,7.819166667000000359e+01,2.259722221999999725e+00,3.926326828670000424e+01,1.000000000000000000e+00
2.144993589999999983e+01,2.125844439999999835e+01,0.000000000000000000e+00,0.000000000000000000e+00,8.634999999999999432e+01,3.653703703999999775e+00,3.563238423669999833e+01,1.000000000000000000e+00
1.923745977000000096e+01,1.679157598000000107e+01,0.000000000000000000e+00,0.000000000000000000e+00,9.416190416999999968e+01,1.943650810000000062e+00,2.926851692670000205e+01,1.000000000000000000e+00
2.277348163999999997e+01,0.000000000000000000e+00,0.000000000000000000e+00,0.000000000000000000e+00,9.022499999999999432e+01,8.500462963000000371e+00,2.125769355499999946e+01,0.000000000000000000e+00
2.126854106000000044e+01,6.599691665999999657e+01,1.207876902000000001e+02,2.440893344999999925e+01,6.757500000000000284e+01,-8.130092592000000451e+00,6.553308319500000323e+01,1.000000000000000000e+00
2.240464512999999869e+01,1.169129762000000028e+01,0.000000000000000000e+00,0.000000000000000000e+00,9.055833332999999641e+01,3.260185185000000097e+00,3.172315028250000069e+01,1.000000000000000000e+00
2.124147134000000037e+01,2.311628255999999837e+01,0.000000000000000000e+00,0.000000000000000000e+00,5.606666666999999649e+01,1.288888889000000093e+00,3.479825470419999789e+01,1.000000000000000000e+00
2.127891390999999999e+01,2.454608277999999899e+01,0.000000000000000000e+00,0.000000000000000000e+00,8.811666667000000075e+01,4.217592591999999918e+00,3.726729326419999921e+01,1.000000000000000000e+00
2.088835594000000029e+01,2.504912584999999936e+01,0.000000000000000000e+00,0.000000000000000000e+00,5.729999999999999716e+01,3.201388888999999960e+00,3.659762223579999585e+01,1.000000000000000000e+00
2.414312587999999948e+01,0.000000000000000000e+00,0.000000000000000000e+00,0.000000000000000000e+00,7.695833333000000209e+01,1.688518518000000057e+01,2.331392730419999992e+01,0.000000000000000000e+00
2.279469715999999835e+01,2.844051031999999868e+00,2.212550746999999944e+02,1.900690191999999854e+02,5.859166667000000217e+01,8.840740740999999403e+00,2.132505184749999927e+01,1.000000000000000000e+00
2.247005524000000065e+01,1.442620518000000018e+01,0.000000000000000000e+00,0.000000000000000000e+00,9.985833332999999357e+01,9.650925926000001098e+00,3.104092346670000069e+01,1.000000000000000000e+00
2.272921854000000152e+01,2.453494537999999991e+01,5.547476188000000263e+01,1.306722870999999842e+00,7.144166667000000359e+01,2.664814815000000170e+00,3.913448842580000075e+01,1.000000000000000000e+00
2.079056720999999897e+01,2.518802963999999989e+01,0.000000000000000000e+00,0.000000000000000000e+00,6.865833333000000493e+01,-3.333333299999999971e-02,3.649856967080000203e+01,1.000000000000000000e+00
2.225029899000000100e+01,1.880715305000000015e+01,1.840994715000000070e+01,2.516820643999999731e+02,6.004999999999999716e+01,9.367129628999999014e+00,3.218779048169999868e+01,1.000000000000000000e+00
2.159764516999999984e+01,2.387087792999999891e+01,0.000000000000000000e+00,0.000000000000000000e+00,7.316666666999999791e+01,2.351851849999999911e-01,3.549815526420000111e+01,1.000000000000000000e+00
2.213401556000000170e+01,2.924046828999999903e+00,0.000000000000000000e+00,0.000000000000000000e+00,3.349166667000000075e+01,6.537499999999999645e+00,2.114474906919999952e+01,1.000000000000000000e+00
2.461011978000000155e+01,0.000000000000000000e+00,1.332220330000000104e+02,7.012268884000000071e+02,4.394166666999999649e+01,1.540185184999999990e+01,2.322833500000000129e+01,0.000000000000000000e+00
2.237055008999999828e+01,5.432510972000000038e+01,4.407121348999999810e+01,2.241218888000000220e+02,7.720833333000000209e+01,-4.722222200000000120e-02,6.263785685330000064e+01,1.000000000000000000e+00
2.298042232999999968e+01,2.936544841999999989e+00,0.000000000000000000e+00,0.000000000000000000e+00,6.876333293000000424e+01,1.170740741000000007e+01,2.211422196579999877e+01,1.000000000000000000e+00
2.443053946999999937e+01,0.000000000000000000e+00,2.035163374999999917e+02,5.733909389999999995e+00,9.575000000000000000e+01,1.457916666999999933e+01,2.392956759249999976e+01,0.000000000000000000e+00
2.231468667000000039e+01,3.160663723000000047e+01,1.671654290000000174e+02,2.038136393999999996e+02,5.630833333000000351e+01,-2.205092593000000267e+00,4.090544745829999584e+01,1.000000000000000000e+00
2.156943670000000068e+01,5.131587897000000176e+00,0.000000000000000000e+00,0.000000000000000000e+00,6.289999999999999858e+01,-4.382870371000000098e+00,3.238296185579999786e+01,1.000000000000000000e+00
2.288838299999999748e+01,8.002977583999999922e+00,3.921009372000000326e+01,1.623797929999999945e-01,9.345833333000000209e+01,6.105555556000000550e+00,3.915806846750000147e+01,1.000000000000000000e+00
2.288105516999999978e+01,6.471159317999999772e+00,1.623678469999999834e+02,8.600095061000000385e+01,8.810833332999999357e+01,8.751851851999999710e+00,3.247923041579999648e+01,1.000000000000000000e+00
2.036090245999999837e+01,2.924816056000000053e+00,0.000000000000000000e+00,0.000000000000000000e+00,3.912500000000000000e+01,5.998148147999999402e+00,1.907736133330000072e+01,1.000000000000000000e+00
2.146910839999999610e+01,1.911338342999999895e+01,0.000000000000000000e+00,0.000000000000000000e+00,6.187500000000000000e+01,5.716666667000000146e+00,3.302907341249999718e+01,1.000000000000000000e+00
2.233258667999999858e+01,1.275764681000000067e+01,0.000000000000000000e+00,0.000000000000000000e+00,8.254166666999999791e+01,1.172129630000000056e+01,3.081522994499999868e+01,1.000000000000000000e+00
2.274029948000000090e+01,2.934789581000000425e+00,0.000000000000000000e+00,0.000000000000000000e+00,5.192499999999999716e+01,1.043055556000000017e+01,2.156776668999999913e+01,1.000000000000000000e+00
2.269822418000000042e+01,6.201151026000000144e+01,0.000000000000000000e+00,0.000000000000000000e+00,4.527499999999999858e+01,-6.736111109999999291e-01,5.633839124920000074e+01,1.000000000000000000e+00
2.291137143999999992e+01,4.525151619999999930e+00,1.535971112000000005e+02,5.070069764999999506e+02,8.328333333000000493e+01,1.010879629999999985e+01,2.721230530080000065e+01,1.000000000000000000e+00
1.952051232000000169e+01,4.428463628000000085e+01,5.047798843999999896e+00,4.464116520000000476e-01,9.762500000000000000e+01,-5.421296300000000290e-01,5.487009851829999718e+01,1.000000000000000000e+00
2.232653107999999875e+01,1.205884518999999955e+01,1.035724783000000002e+02,7.938713892999999189e+00,7.375833332999999925e+01,8.160185184999999564e+00,3.251158881919999999e+01,1.000000000000000000e+00
2.072782687000000124e+01,3.088948408999999984e+01,0.000000000000000000e+00,0.000000000000000000e+00,8.945000000000000284e+01,-6.970370370000000371e+00,3.975213935330000226e+01,1.000000000000000000e+00
1.889240583999999856e+01,1.854666704999999993e+01,5.748939324000000184e+00,5.674041428999999859e+00,8.541666666999999791e+01,2.009722221999999725e+00,3.091159052749999958e+01,1.000000000000000000e+00
2.025094467999999992e+01,3.462848477000000003e+01,0.000000000000000000e+00,0.000000000000000000e+00,4.294166666999999649e+01,-1.317592592999999868e+00,4.313908458419999903e+01,1.000000000000000000e+00
2.224220452999999864e+01,2.833029196000000027e+00,0.000000000000000000e+00,0.000000000000000000e+00,9.078333333000000493e+01,1.348564814999999939e+01,2.272358196249999907e+01,1.000000000000000000e+00
2.356332812000000132e+01,0.000000000000000000e+00,0.000000000000000000e+00,0.000000000000000000e+00,9.465000000000000568e+01,1.166759258999999993e+01,2.334313610999999966e+01,0.000000000000000000e+00
2.066295584999999946e+01,3.984332478000000233e+00,0.000000000000000000e+00,0.000000000000000000e+00,9.145833333000000209e+01,1.022777778000000026e+01,2.058797638920000139e+01,1.000000000000000000e+00
2.223992008000000098e+01,3.657025828999999728e+00,0.000000000000000000e+00,0.000000000000000000e+00,6.344166666999999649e+01,1.067453704000000059e+01,2.628208059250000161e+01,1.000000000000000000e+00
2.426778394999999833e+01,0.000000000000000000e+00,1.381429566999999849e+02,6.908474797000000081e+02,5.996666667000000217e+01,2.119490740999999900e+01,2.381825664830000022e+01,0.000000000000000000e+00
2.653400642000000076e+01,0.000000000000000000e+00,1.575225438999999881e+02,6.049659993999999870e+02,4.614166666999999933e+01,2.462129630000000091e+01,2.491669856329999888e+01,0.000000000000000000e+00
2.389760833000000062e+01,2.842467481000000351e+00,1.362279928000000098e+02,8.266365821000000551e+02,2.960000000000000142e+01,1.341851851999999923e+01,2.318084722249999885e+01,1.000000000000000000e+00
2.064016927000000123e+01,2.611179720999999887e+01,0.000000000000000000e+00,0.000000000000000000e+00,7.028333333000000493e+01,-1.467592590000000030e-01,3.730289773580000201e+01,1.000000000000000000e+00
2.261656315999999833e+01,3.296224237999999929e+01,0.000000000000000000e+00,0.000000000000000000e+00,5.652499999999999858e+01,3.133333332999999943e+00,4.260709416579999953e+01,1.000000000000000000e+00
2.211838536999999860e+01,0.000000000000000000e+00,1.937954086999999825e+00,3.624244600000000038e-01,9.535833332999999357e+01,1.451851852000000065e+01,2.163483538330000044e+01,0.000000000000000000e+00
2.148761477000000042e+01,2.166712781000000021e+01,0.000000000000000000e+00,0.000000000000000000e+00,7.677500000000000568e+01,-3.140740741000000114e+00,3.302177894079999732e+01,1.000000000000000000e+00
2.231312463000000079e+01,9.606269599999999187e+00,8.181614776000000688e+01,1.149811684000000112e+00,9.055833332999999641e+01,9.347685184999999564e+00,3.458479483829999879e+01,1.000000000000000000e+00
2.230019726000000091e+01,6.409173262000000371e+00,0.000000000000000000e+00,0.000000000000000000e+00,6.239166666999999933e+01,-1.026944444999999995e+01,4.239021323170000244e+01,1.000000000000000000e+00
2.297426147999999912e+01,2.091950874000000127e+01,6.728658182000000210e+00,6.662623260000000158e-01,9.752500000000000568e+01,9.919444443999999805e+00,4.736765772999999768e+01,1.000000000000000000e+00
2.269877435000000077e+01,4.304238690999999761e+01,0.000000000000000000e+00,0.000000000000000000e+00,7.959999999999999432e+01,2.168055556000000106e+00,4.740629425920000273e+01,1.000000000000000000e+00
2.230470388999999898e+01,2.065347726999999978e+01,2.259267873999999949e+02,4.841709445000000187e+02,4.610000000000000142e+01,3.947222221999999725e+00,3.447725575829999656e+01,1.000000000000000000e+00
2.064964056000000170e+01,8.095114558000000216e+01,2.228795900999999802e+00,2.144761233000000100e+00,8.491666666999999791e+01,-3.253240741000000380e+00,6.249990995329999777e+01,1.000000000000000000e+00
2.287616536000000167e+01,3.222081078000000076e+01,1.123567285999999825e+02,6.231609049000000056e+01,8.178333333000000493e+01,-6.750000000000000444e-01,4.031973314830000277e+01,1.000000000000000000e+00
2.245692522999999952e+01,1.885764422999999823e+01,0.000000000000000000e+00,0.000000000000000000e+00,9.108333333000000209e+01,1.045138889000000049e+01,2.989023450830000073e+01,9.166666666999999658e-01
2.527973361999999824e+01,0.000000000000000000e+00,2.111964250999999848e+01,1.325208562000000079e+01,6.775833332999999925e+01,1.960231480999999931e+01,2.049633434169999902e+01,0.000000000000000000e+00
1.853846129000000076e+01,2.144124266000000034e+01,0.000000000000000000e+00,0.000000000000000000e+00,6.068333333000000351e+01,-4.880092593000000534e+00,3.281338473249999765e+01,1.000000000000000000e+00
2.572153253999999833e+01,0.000000000000000000e+00,0.000000000000000000e+00,0.000000000000000000e+00,7.448333332999999357e+01,1.618888889000000120e+01,2.446536132079999959e+01,0.000000000000000000e+00
2.713942356000000089e+01,0.000000000000000000e+00,5.009745111000000151e+01,1.308756832000000081e+01,5.597500000000000142e+01,2.198472221999999832e+01,2.516331083329999885e+01,0.000000000000000000e+00
2.205114803000000023e+01,1.791463216000000003e+01,0.000000000000000000e+00,0.000000000000000000e+00,8.808333333000000209e+01,6.114814814999999903e+00,3.265172199500000261e+01,1.000000000000000000e+00
2.077682837000000049e+01,8.053779590999999627e+00,1.968250364000000161e+02,2.342197000000000173e+01,8.197499999999999432e+01,3.520370370000000193e+00,3.103997823919999988e+01,1.000000000000000000e+00
2.284921861999999848e+01,1.594943360000000077e+01,1.648739476000000082e+02,6.837441165999999839e+02,5.829999999999999716e+01,2.530092593000000001e+00,3.763715490170000066e+01,1.000000000000000000e+00
2.452098567999999901e+01,0.000000000000000000e+00,0.000000000000000000e+00,0.000000000000000000e+00,6.866666666999999791e+01,1.830138888999999836e+01,2.293953425999999851e+01,0.000000000000000000e+00
1.894231789000000177e+01,4.607941498000000280e+01,0.000000000000000000e+00,0.000000000000000000e+00,7.523333332999999357e+01,-1.212500000000000000e+01,4.894164051170000107e+01,1.000000000000000000e+00
2.120130336000000071e+01,7.483258512999999823e+01,8.178093728000000340e+00,6.655130395000000476e+01,8.070000000000000284e+01,-3.865740739999999898e-01,5.868697523249999648e+01,1.000000000000000000e+00
2.284414534000000074e+01,1.062372208000000029e+01,0.000000000000000000e+00,0.000000000000000000e+00,9.679999999999999716e+01,1.022222222000000080e+01,2.841601638330000057e+01,1.000000000000000000e+00
2.165446002999999919e+01,1.982684485000000052e+01,0.000000000000000000e+00,0.000000000000000000e+00,9.704166666999999791e+01,5.854629629999999807e+00,3.519577174580000190e+01,1.000000000000000000e+00
2.069766163999999975e+01,3.316426158000000157e+01,0.000000000000000000e+00,0.000000000000000000e+00,7.184166666999999507e+01,-1.054398147999999935e+01,3.996573449169999748e+01,1.000000000000000000e+00
1.888343459000000024e+01,2.267016497999999913e+01,0.000000000000000000e+00,0.000000000000000000e+00,6.166666666999999791e+01,-4.046759258999999886e+00,3.195388455169999986e+01,1.000000000000000000e+00
1.958757887000000153e+01,3.656981206999999756e+01,0.000000000000000000e+00,0.000000000000000000e+00,7.020000000000000284e+01,-7.607870369999999660e+00,4.279474745329999763e+01,1.000000000000000000e+00
2.357487826999999925e+01,0.000000000000000000e+00,3.225974255999999940e+01,2.000738308000000032e+01,8.579999999999999716e+01,1.397037036999999948e+01,2.424407731499999841e+01,8.333333330000000649e-02
2.196535288000000108e+01,0.000000000000000000e+00,0.000000000000000000e+00,0.000000000000000000e+00,7.800000000000000000e+01,1.611435184999999848e+01,2.410877037579999893e+01,0.000000000000000000e+00
2.233471736999999990e+01,2.866732259000000127e+01,0.000000000000000000e+00,0.000000000000000000e+00,6.424166667000000075e+01,-2.411574074000000234e+00,4.509326263999999895e+01,1.000000000000000000e+00
1.975085849999999965e+01,8.281009174999999800e+01,4.157387511999999674e+00,1.118649396999999990e+00,7.109999999999999432e+01,-5.680555560000000170e-01,6.263164763830000226e+01,1.000000000000000000e+00
2.304334657000000064e+01,2.368644362999999942e+01,1.574966512999999964e+02,2.518578378999999856e+01,7.043333332999999641e+01,2.265277778000000186e+00,4.006905851670000374e+01,1.000000000000000000e+00
2.064127347999999884e+01,2.762777851999999701e+00,0.000000000000000000e+00,0.000000000000000000e+00,6.751805582999999444e+01,9.308410537000000318e+00,1.971814465750000167e+01,1.000000000000000000e+00
2.126864549000000082e+01,2.441672304000000082e+01,0.000000000000000000e+00,0.000000000000000000e+00,8.420000000000000284e+01,2.985185185000000185e+00,3.706948423499999734e+01,1.000000000000000000e+00
2.194094377000000051e+01,0.000000000000000000e+00,0.000000000000000000e+00,0.000000000000000000e+00,9.528333333000000493e+01,1.229537037000000055e+01,2.170527944000000176e+01,0.000000000000000000e+00
2.462987383000000108e+01,2.795956891999999971e+00,1.710491526999999792e+02,4.938644343999999364e+02,3.681666666999999649e+01,1.928935184999999919e+01,2.440502909829999822e+01,1.000000000000000000e+00
2.324262621000000095e+01,0.000000000000000000e+00,0.000000000000000000e+00,0.000000000000000000e+00,4.138333332999999925e+01,1.150324074000000074e+01,2.288708958420000172e+01,0.000000000000000000e+00
1.834928878999999924e+01,2.791233863000000071e+01,0.000000000000000000e+00,0.000000000000000000e+00,6.476500000000000057e+01,-6.555185185000000025e+00,3.476114371250000090e+01,1.000000000000000000e+00
2.333647566000000140e+01,9.116635495000000589e+00,1.333310467999999958e+02,8.128486431000000323e+01,9.527500000000000568e+01,1.311203704000000059e+01,3.074737665329999814e+01,1.000000000000000000e+00
2.409089731999999984e+01,0.000000000000000000e+00,1.200782425000000018e+02,8.154904659000000038e+02,5.451666666999999933e+01,1.622685184999999919e+01,2.365642453670000123e+01,0.000000000000000000e+00
2.289182923999999986e+01,0.000000000000000000e+00,0.000000000000000000e+00,0.000000000000000000e+00,8.734166666999999507e+01,9.210185185000000274e+00,2.078592757830000082e+01,0.000000000000000000e+00
2.356361228000000096e+01,2.780027233000000209e+00,4.551181591000000282e+01,6.249466152999999622e+02,1.877499999999999858e+01,1.048287037000000055e+01,2.240245812999999941e+01,1.000000000000000000e+00
2.048110403000000090e+01,3.284858076999999810e+01,0.000000000000000000e+00,0.000000000000000000e+00,6.135833333000000067e+01,-5.235648148000000113e+00,4.026907046170000370e+01,1.000000000000000000e+00
2.227504701999999881e+01,1.811484224999999881e+01,0.000000000000000000e+00,0.000000000000000000e+00,7.454166666999999791e+01,1.030046296000000083e+01,3.270665861580000211e+01,1.000000000000000000e+00
2.228767064000000175e+01,0.000000000000000000e+00,0.000000000000000000e+00,0.000000000000000000e+00,8.073333332999999357e+01,1.523287037000000055e+01,2.855571963419999904e+01,0.000000000000000000e+00
2.015667035999999968e+01,3.562427083000000039e+01,0.000000000000000000e+00,0.000000000000000000e+00,4.675000000000000000e+01,-8.430555559999999282e-01,4.374784643579999965e+01,1.000000000000000000e+00
2.300151072999999968e+01,1.002988138000000085e+01,4.762513193000000200e+01,5.321204986000000581e+00,8.789166667000000643e+01,6.595833332999999854e+00,4.185455413329999885e+01,1.000000000000000000e+00
2.068518418000000025e+01,3.187067628999999958e+00,0.000000000000000000e+00,0.000000000000000000e+00,4.817499999999999716e+01,-1.996296295999999915e+00,1.997676213420000124e+01,1.000000000000000000e+00
2.405065736999999970e+01,1.466177613000000157e+00,1.034414713999999975e+02,6.541014727999998968e+02,8.109999999999999432e+01,1.486388889000000013e+01,2.760044420999999915e+01,5.833333333000000342e-01
2.196732450000000014e+01,2.940375051999999911e+01,3.232219428000000221e+02,9.608497013000000209e+01,5.946666667000000217e+01,-1.085185185000000052e+00,4.057830832919999864e+01,1.000000000000000000e+00
2.281554371000000003e+01,2.805572909999999975e+00,2.661286171999999510e+02,1.143258344000000051e+02,5.754999999999999716e+01,9.962962962000000644e+00,2.129762500080000009e+01,1.000000000000000000e+00
2.278449061999999969e+01,0.000000000000000000e+00,9.427930641999999750e+01,1.793374507000000051e+02,7.351666667000000643e+01,1.620277778000000168e+01,2.566966428579999970e+01,0.000000000000000000e+00
2.177015130999999926e+01,2.364571010999999956e+01,0.000000000000000000e+00,0.000000000000000000e+00,6.504999999999999716e+01,2.685185184999999919e+00,3.552004371920000381e+01,1.000000000000000000e+00
2.025094467999999992e+01,3.462848477000000003e+01,0.000000000000000000e+00,0.000000000000000000e+00,4.294166666999999649e+01,-1.317592592999999868e+00,4.313908458419999903e+01,1.000000000000000000e+00
1.945141540999999918e+01,7.719306833000000267e+01,5.152981823999999733e+01,1.761905007000000012e+01,8.494166667000000359e+01,2.231018519000000033e+00,5.542934495419999763e+01,1.000000000000000000e+00
2.092759519000000168e+01,2.717945363999999842e+01,0.000000000000000000e+00,0.000000000000000000e+00,6.697499999999999432e+01,-1.578703704000000041e+00,3.842050277669999758e+01,1.000000000000000000e+00
2.357233684999999923e+01,2.732146221999999902e+00,7.450165950999999609e+01,3.915006571999999778e+02,4.368333333000000351e+01,1.199351852000000029e+01,2.269809938919999937e+01,1.000000000000000000e+00
2.294458795999999978e+01,2.842037853000000069e+01,1.768031800999999916e+02,3.922666454000000158e+02,5.815833332999999783e+01,4.892129630000000340e+00,4.324065898079999926e+01,1.000000000000000000e+00
2.086992164999999844e+01,2.753684159000000164e+01,0.000000000000000000e+00,0.000000000000000000e+00,8.269166667000000359e+01,-1.974537036999999939e+00,3.905622791580000097e+01,1.000000000000000000e+00
1.485764424000000083e+01,4.455998449999999944e-01,0.000000000000000000e+00,0.000000000000000000e+00,9.524166667000000075e+01,-3.700000000000000178e+00,1.564999046420000006e+01,0.000000000000000000e+00
2.293858660000000071e+01,1.591132730000000173e+01,1.027308569000000062e+02,3.215482352000000077e+01,7.519166667000000359e+01,1.518518519999999816e-01,4.426645680499999713e+01,1.000000000000000000e+00
2.066753777999999997e+01,2.279957548000000145e+01,7.624646948000000179e+01,4.628633540000000046e-01,9.884999999999999432e+01,3.812962962999999927e+00,3.713527578749999947e+01,1.000000000000000000e+00
2.281554371000000003e+01,2.805572909999999975e+00,2.661286171999999510e+02,1.143258344000000051e+02,5.754999999999999716e+01,9.962962962000000644e+00,2.129762500080000009e+01,1.000000000000000000e+00
2.165446002999999919e+01,1.982684485000000052e+01,0.000000000000000000e+00,0.000000000000000000e+00,9.704166666999999791e+01,5.854629629999999807e+00,3.519577174580000190e+01,1.000000000000000000e+00
2.297258357999999845e+01,2.874622508999999937e+01,1.349668417000000034e+02,1.031452156000000002e+02,4.212500000000000000e+01,-4.865740739999999676e-01,4.074380643420000325e+01,1.000000000000000000e+00
1.970219511999999895e+01,1.858719483000000139e+01,0.000000000000000000e+00,0.000000000000000000e+00,4.577499999999999858e+01,5.002777778000000453e+00,2.351213668249999955e+01,1.000000000000000000e+00
2.112425324000000160e+01,0.000000000000000000e+00,0.000000000000000000e+00,0.000000000000000000e+00,9.220000000000000284e+01,1.009537062999999968e+01,2.140745578670000171e+01,0.000000000000000000e+00
2.219957714999999965e+01,1.515770307000000017e+01,0.000000000000000000e+00,0.000000000000000000e+00,9.875833332999999925e+01,7.119907407999999549e+00,3.206600064330000066e+01,1.000000000000000000e+00
1.938558742000000024e+01,1.790029153000000051e+01,0.000000000000000000e+00,0.000000000000000000e+00,8.729999999999999716e+01,3.833333329999999428e-01,2.970574164419999974e+01,1.000000000000000000e+00
2.362604769999999732e+01,3.121210231000000057e+00,1.197915364000000125e+02,7.539395299999999907e+02,6.044166666999999649e+01,6.873611111000000662e+00,2.447899193920000016e+01,1.000000000000000000e+00
2.073412665000000032e+01,2.726910750000000050e+01,0.000000000000000000e+00,0.000000000000000000e+00,7.003333333000000493e+01,-7.347222220000000359e-01,3.953487453580000022e+01,1.000000000000000000e+00
1.965568736999999899e+01,1.449564550999999923e+01,0.000000000000000000e+00,0.000000000000000000e+00,4.714999999999999858e+01,5.107870369999999660e+00,2.806073195829999989e+01,1.000000000000000000e+00
2.139358783000000130e+01,5.454912783999999704e+01,1.318671503999999857e+02,1.358189050000000009e+01,7.389166667000000643e+01,-1.704166666999999968e+00,6.072095583419999798e+01,1.000000000000000000e+00
2.651797948999999832e+01,0.000000000000000000e+00,2.767411930000000098e+02,6.812052006000000404e+01,5.356666666999999649e+01,2.286018518999999927e+01,2.466227631829999822e+01,0.000000000000000000e+00
2.016330865999999844e+01,8.233727718999999468e+01,0.000000000000000000e+00,0.000000000000000000e+00,6.705833332999999641e+01,-6.231481481000000322e+00,6.368488726920000431e+01,1.000000000000000000e+00
2.269175458999999861e+01,4.422545004999999918e+01,9.730233189999999865e+01,5.625119419999999870e+00,8.997499999999999432e+01,3.031018518999999856e+00,4.977897023170000068e+01,1.000000000000000000e+00
1.829795920000000109e+01,2.357538047999999975e+01,0.000000000000000000e+00,0.000000000000000000e+00,7.202500000000000568e+01,-3.814814815000000081e+00,3.339344120919999881e+01,1.000000000000000000e+00
2.062219441999999958e+01,3.141388591000000119e+01,0.000000000000000000e+00,0.000000000000000000e+00,8.671666666999999507e+01,-3.760185185000000097e+00,4.090001731579999955e+01,1.000000000000000000e+00
2.286894124999999889e+01,2.804507863999999984e+01,6.947524056999999686e+01,1.248855146999999999e+00,9.073333332999999357e+01,3.469907406999999999e+00,4.773485738749999996e+01,1.000000000000000000e+00
2.129110671999999838e+01,0.000000000000000000e+00,1.456428633000000161e+02,3.016143816999999672e+00,5.954999999999999716e+01,1.031342592999999930e+01,2.117241223579999954e+01,0.000000000000000000e+00
2.228466673000000142e+01,1.992463057000000148e+01,8.574371039000000394e+01,1.920779009999999953e+00,5.859166667000000217e+01,2.380092593000000090e+00,3.588751956419999800e+01,1.000000000000000000e+00
2.118437769999999887e+01,3.009744156000000448e+00,0.000000000000000000e+00,0.000000000000000000e+00,9.154999999999999716e+01,5.780092592999999113e+00,2.047799648079999812e+01,1.000000000000000000e+00
2.226804819999999907e+01,3.553707636000000036e+01,6.204845179000000144e+01,3.061054050999999987e+01,6.427500000000000568e+01,-3.140740741000000114e+00,4.592213009169999793e+01,1.000000000000000000e+00
2.244492179999999948e+01,0.000000000000000000e+00,0.000000000000000000e+00,0.000000000000000000e+00,5.329999999999999716e+01,9.370833333000000209e+00,2.296816156079999871e+01,0.000000000000000000e+00
2.420260462999999973e+01,0.000000000000000000e+00,2.705170634999999493e+02,2.888287306999999942e+02,6.335000000000000142e+01,1.813657407000000177e+01,2.454196751829999812e+01,0.000000000000000000e+00
2.331470111000000145e+01,0.000000000000000000e+00,0.000000000000000000e+00,0.000000000000000000e+00,7.503333333000000493e+01,1.399768519000000033e+01,2.360670141670000177e+01,0.000000000000000000e+00
2.397895495999999937e+01,0.000000000000000000e+00,0.000000000000000000e+00,0.000000000000000000e+00,5.740833332999999783e+01,1.591111111000000022e+01,2.477014467749999937e+01,0.000000000000000000e+00
2.259173256000000052e+01,5.825327422000000155e+01,1.127590949000000080e+02,2.550908615999999824e+02,5.739999999999999858e+01,-2.905555554999999845e+00,5.118311398080000174e+01,1.000000000000000000e+00
2.704787411999999946e+01,0.000000000000000000e+00,1.452287308000000223e+02,6.539317114000000686e+01,5.327499999999999858e+01,2.284212962999999874e+01,2.511281738419999954e+01,0.000000000000000000e+00
2.309091519000000048e+01,2.862843723000000118e+00,1.210722154999999987e+02,1.518177359000000060e+01,9.567499999999999716e+01,1.285555556000000088e+01,2.492932360670000236e+01,1.000000000000000000e+00
2.277404555000000030e+01,2.660224223000000165e+01,1.223932795999999854e+02,2.060087577999999908e+01,5.970833333000000209e+01,9.476851849999999855e-01,3.771260415329999915e+01,1.000000000000000000e+00
2.160910767000000021e+01,2.054738479999999967e+01,0.000000000000000000e+00,0.000000000000000000e+00,5.778333332999999783e+01,1.907407410000000192e-01,3.282405578750000075e+01,1.000000000000000000e+00
2.435354115999999891e+01,0.000000000000000000e+00,8.465077986999999382e+01,4.701369799999999960e-02,9.456666667000000359e+01,1.460648147999999935e+01,2.380940797250000074e+01,0.000000000000000000e+00
2.074432151999999974e+01,2.962612315000000152e+01,0.000000000000000000e+00,0.000000000000000000e+00,8.086666667000000075e+01,-9.541666670000000794e-01,3.987807574079999995e+01,1.000000000000000000e+00
1.867009730999999917e+01,2.326695807999999843e+01,0.000000000000000000e+00,0.000000000000000000e+00,6.772499999999999432e+01,-2.573148148000000024e+00,3.205242496249999817e+01,1.000000000000000000e+00
2.104996136999999834e+01,6.385146970000000266e+01,1.210656770000000080e+02,4.333324600999999916e+02,5.734166667000000217e+01,-3.338888888999999693e+00,6.020328624999999789e+01,1.000000000000000000e+00
2.352303799999999967e+01,0.000000000000000000e+00,0.000000000000000000e+00,0.000000000000000000e+00,8.958333333000000209e+01,1.325925926000000032e+01,2.408212706500000166e+01,0.000000000000000000e+00
2.279333029000000010e+01,3.921118797999999828e+01,9.797335397999999884e+01,8.621536270999999942e+02,4.854999999999999716e+01,-1.715277778000000142e+00,4.396730999999999767e+01,1.000000000000000000e+00
2.238927130000000076e+01,1.457008536000000021e+01,0.000000000000000000e+00,0.000000000000000000e+00,9.657500000000000284e+01,8.934722222000001324e+00,3.102247661579999871e+01,1.000000000000000000e+00
2.248490427000000125e+01,8.915418536000000671e+00,1.401893539000000146e+02,2.707717279999999893e-01,9.670000000000000284e+01,1.056759259000000029e+01,3.075638958829999936e+01,1.000000000000000000e+00
2.241490613999999937e+01,6.939629109000000184e+00,0.000000000000000000e+00,0.000000000000000000e+00,6.978333333000000493e+01,1.237962963000000016e+01,2.498060969000000142e+01,4.166666667000000213e-01
1.911907147000000151e+01,1.756505470999999829e+01,0.000000000000000000e+00,0.000000000000000000e+00,9.419166667000000359e+01,1.833796296000000048e+00,2.984259939420000052e+01,1.000000000000000000e+00
2.109417652999999859e+01,2.761259563000000128e+01,0.000000000000000000e+00,0.000000000000000000e+00,7.702500000000000568e+01,-1.106481480999999878e+00,3.787548817249999900e+01,1.000000000000000000e+00
1.852083525000000108e+01,4.693689158000000106e+01,0.000000000000000000e+00,0.000000000000000000e+00,7.067499999999999716e+01,1.278703703999999997e+00,4.736445402670000249e+01,1.000000000000000000e+00
2.262909653999999904e+01,1.001240456000000023e+01,0.000000000000000000e+00,0.000000000000000000e+00,9.806666667000000359e+01,1.890277778000000186e+00,3.194489980999999901e+01,1.000000000000000000e+00
2.192672254000000009e+01,1.514066378000000057e+01,0.000000000000000000e+00,0.000000000000000000e+00,9.792499999999999716e+01,9.625462963000000371e+00,3.085106215420000098e+01,1.000000000000000000e+00
1.432519674999999992e+01,7.009973847000000546e+01,1.426292143000000046e+01,1.407152959999999897e-01,8.547499999999999432e+01,-4.141666666999999968e+00,5.057006824079999774e+01,1.000000000000000000e+00
2.213048135000000016e+01,6.589606596999999510e+01,1.759034401999999773e+02,3.329866660000000138e+02,5.962500000000000000e+01,-9.204629629999999452e+00,6.552383356500000389e+01,1.000000000000000000e+00
2.303744323000000094e+01,3.319495322000000215e+01,1.737078464000000224e+02,2.672695213000000081e+02,4.982500000000000284e+01,-3.878703703999999863e+00,4.786721060250000193e+01,1.000000000000000000e+00
2.470307134999999832e+01,0.000000000000000000e+00,0.000000000000000000e+00,0.000000000000000000e+00,4.245833333000000209e+01,1.630416667000000075e+01,2.387654994420000065e+01,0.000000000000000000e+00
2.174497434999999967e+01,2.014859444000000011e+01,0.000000000000000000e+00,0.000000000000000000e+00,9.337500000000000000e+01,2.086111111000000129e+00,3.435996518999999694e+01,1.000000000000000000e+00
2.199012541000000098e+01,1.411959127999999986e+01,1.420492216000000063e+01,1.052467681000000077e+01,8.866666666999999791e+01,8.401851852000000065e+00,2.969498469830000076e+01,1.000000000000000000e+00
2.321443372999999966e+01,2.725751023999999578e+00,2.975353678999999829e+01,6.227620682000000443e+02,2.974166667000000075e+01,1.333055556000000053e+01,2.251573212079999919e+01,1.000000000000000000e+00
2.394575310999999829e+01,0.000000000000000000e+00,8.641462919000000298e+00,4.411559784999999678e+00,6.953333333000000493e+01,1.717083333000000067e+01,2.384519196749999992e+01,0.000000000000000000e+00
2.209640491000000040e+01,1.891881808000000120e+01,0.000000000000000000e+00,0.000000000000000000e+00,7.087500000000000000e+01,4.412499999999999645e+00,3.316231131079999983e+01,1.000000000000000000e+00
2.328554348000000118e+01,1.568985733999999965e+01,7.778792162999999960e+01,8.157048409000000220e+02,6.250000000000000000e+01,6.304629629999999985e+00,2.978615093499999844e+01,1.000000000000000000e+00
2.289182923999999986e+01,0.000000000000000000e+00,0.000000000000000000e+00,0.000000000000000000e+00,8.734166666999999507e+01,9.210185185000000274e+00,2.078592757830000082e+01,0.000000000000000000e+00
2.160213166999999856e+01,3.844541501999999777e+00,0.000000000000000000e+00,0.000000000000000000e+00,8.736666667000000075e+01,7.539351852000000243e+00,2.120402723079999774e+01,1.000000000000000000e+00
1.898630288000000021e+01,1.746778089000000023e+01,0.000000000000000000e+00,0.000000000000000000e+00,9.773333332999999357e+01,1.811574074000000145e+00,3.055695113999999890e+01,1.000000000000000000e+00
1.814711575999999837e+01,3.771614050000000051e-01,0.000000000000000000e+00,0.000000000000000000e+00,9.765833333000000493e+01,-1.513888889999999987e-01,1.886232610080000072e+01,0.000000000000000000e+00
2.217736907000000102e+01,1.285865519999999940e+01,0.000000000000000000e+00,0.000000000000000000e+00,8.362500000000000000e+01,9.165277778000000097e+00,2.866691419500000038e+01,1.000000000000000000e+00
2.320966566999999969e+01,9.597147052000000400e+00,3.645374624000000097e+01,3.118783381999999715e+00,9.718333332999999641e+01,1.124120369999999980e+01,3.238324474000000208e+01,1.000000000000000000e+00
1.900503731999999957e+01,7.967327251999999760e+01,9.324571285999999404e+00,1.381133385999999952e+01,5.870000000000000284e+01,-4.530555556000000372e+00,5.450639124920000000e+01,1.000000000000000000e+00
1.927320287999999948e+01,1.806772356000000102e+01,0.000000000000000000e+00,0.000000000000000000e+00,4.870833333000000209e+01,-4.773148150000000034e-01,2.914196606499999831e+01,1.000000000000000000e+00
2.147125288999999881e+01,1.542357201000000089e+01,0.000000000000000000e+00,0.000000000000000000e+00,8.939166667000000643e+01,6.288888888999999871e+00,3.028478194579999894e+01,1.000000000000000000e+00
2.291399257000000134e+01,3.183371183999999854e+00,1.778166561999999828e+02,4.560993143999999120e+02,5.770000000000000284e+01,4.120370369999999838e+00,2.609859171169999925e+01,1.000000000000000000e+00
1.884369743999999969e+01,2.334617272999999926e+01,0.000000000000000000e+00,0.000000000000000000e+00,5.665833332999999783e+01,-4.273611111000000129e+00,3.214729890830000159e+01,1.000000000000000000e+00
2.247369241999999900e+01,1.367076227999999993e+01,0.000000000000000000e+00,0.000000000000000000e+00,9.312500000000000000e+01,1.170972221999999974e+01,3.060401203749999866e+01,1.000000000000000000e+00
2.270605323999999925e+01,2.253238005000000044e+01,9.279866583000000446e+01,8.683770532999999432e+02,3.132499999999999929e+01,4.007870370000000015e+00,2.646923594500000121e+01,1.000000000000000000e+00
1.901855679000000166e+01,2.132368165000000104e+01,0.000000000000000000e+00,0.000000000000000000e+00,7.484166666999999507e+01,-5.831018517999999595e+00,3.041104269499999901e+01,1.000000000000000000e+00
2.436107025000000093e+01,0.000000000000000000e+00,1.108391203000000047e+02,2.480892695999999944e+02,2.970833332999999854e+01,1.423750000000000071e+01,2.312043214750000075e+01,0.000000000000000000e+00
2.149128991999999982e+01,2.201291249999999877e+01,0.000000000000000000e+00,0.000000000000000000e+00,9.754166666999999791e+01,2.658796295999999781e+00,3.633423093079999688e+01,1.000000000000000000e+00
2.431726898000000148e+01,0.000000000000000000e+00,2.445401180000000068e+02,3.572521676000000639e+02,7.420833333000000209e+01,1.632777778000000168e+01,2.333806227250000020e+01,0.000000000000000000e+00
2.261656315999999833e+01,3.296224237999999929e+01,0.000000000000000000e+00,0.000000000000000000e+00,5.652499999999999858e+01,3.133333332999999943e+00,4.260709416579999953e+01,1.000000000000000000e+00
2.052594429000000176e+01,7.642036004000000560e+01,2.157672440999999885e+00,5.632625929999999226e-01,7.318333332999999641e+01,7.687500000000000000e+00,5.036335300919999725e+01,1.000000000000000000e+00
2.362604769999999732e+01,3.121210231000000057e+00,1.197915364000000125e+02,7.539395299999999907e+02,6.044166666999999649e+01,6.873611111000000662e+00,2.447899193920000016e+01,1.000000000000000000e+00
1.982062064000000134e+01,9.473787973000000306e+00,0.000000000000000000e+00,0.000000000000000000e+00,7.084166666999999507e+01,-4.837037036999999984e+00,2.064573358000000169e+01,1.000000000000000000e+00
2.478791771999999938e+01,0.000000000000000000e+00,2.035192289000000017e+02,1.834050828000000308e+02,6.849166667000000075e+01,1.812916667000000004e+01,2.577280138829999956e+01,0.000000000000000000e+00
2.066305007000000060e+01,5.671257631000000465e+00,1.197107841999999920e+02,6.690959567000001016e+02,4.277499999999999858e+01,-1.473148148000000157e+00,3.742183539330000031e+01,1.000000000000000000e+00
2.190686909000000071e+01,6.661891495000000418e+01,4.768808389999999520e+01,2.304119596999999686e+00,7.931666667000000359e+01,-1.775925925999999988e+00,6.627928634250000073e+01,1.000000000000000000e+00
2.315354986999999909e+01,1.248386831000000008e+01,8.896516701000000182e+01,2.755065206000000266e+00,9.300833332999999925e+01,1.248657406999999964e+01,3.204734419500000087e+01,1.000000000000000000e+00
2.107064661000000072e+01,2.502721498000000011e+01,0.000000000000000000e+00,0.000000000000000000e+00,8.015833333000000493e+01,-3.562962962999999927e+00,3.538043983749999910e+01,1.000000000000000000e+00
2.200305419000000029e+01,1.873321956999999927e+01,0.000000000000000000e+00,0.000000000000000000e+00,9.770000000000000284e+01,4.599999999999999645e+00,3.317294548079999572e+01,1.000000000000000000e+00
1.967144272000000171e+01,1.418258600999999963e+01,0.000000000000000000e+00,0.000000000000000000e+00,5.773333333000000067e+01,6.262500000000000178e+00,2.743490344079999943e+01,1.000000000000000000e+00
2.124455147999999838e+01,2.583109218999999968e+01,0.000000000000000000e+00,0.000000000000000000e+00,6.500833332999999925e+01,-9.884259259999998992e-01,3.737170303669999782e+01,1.000000000000000000e+00
1.927320287999999948e+01,1.806772356000000102e+01,0.000000000000000000e+00,0.000000000000000000e+00,4.870833333000000209e+01,-4.773148150000000034e-01,2.914196606499999831e+01,1.000000000000000000e+00
2.168409258000000150e+01,6.664375837999999419e+01,4.614648114999999962e+01,3.074269501999999932e+01,8.030833332999999641e+01,-3.185185184999999919e+00,6.586337180579999995e+01,1.000000000000000000e+00
2.481917732000000143e+01,0.000000000000000000e+00,8.943633597999999552e+01,7.395517197000000351e+02,4.040833332999999783e+01,1.834722221999999903e+01,2.377912879579999839e+01,0.000000000000000000e+00
2.052675569999999894e+01,3.054454617000000027e+01,0.000000000000000000e+00,0.000000000000000000e+00,8.245833333000000209e+01,-9.773148149999999479e-01,4.153279611170000152e+01,1.000000000000000000e+00
2.373695385999999985e+01,0.000000000000000000e+00,2.700786258999999632e+02,1.072086618000000016e+02,6.171666667000000217e+01,1.743564814999999868e+01,2.286195138420000106e+01,0.000000000000000000e+00
2.196248766000000074e+01,2.279626593000000057e+01,1.543935306000000018e+01,1.239052174000000051e+01,9.001666667000000643e+01,6.004629630000000162e+00,3.380856500830000044e+01,1.000000000000000000e+00
2.268025584000000094e+01,1.920634264999999985e+01,7.607772961999999950e+01,1.589883129999999944e+01,8.742499999999999716e+01,5.714814815000000436e+00,3.521902429579999705e+01,1.000000000000000000e+00
2.094299540000000093e+01,2.911128761000000065e+00,0.000000000000000000e+00,0.000000000000000000e+00,9.726666667000000643e+01,1.077731481000000002e+01,2.037597235670000018e+01,1.000000000000000000e+00
