# # iwNorthAvgTemp,heatEnergy,diffuse solar w/m2,direct solar w/m2,OAH %,OAT C,Mull SWT C,Heat Mode,mullInsulationThickness,intMass,mullSurfaceArea
1.929827794983750167e+01,8.051380189743190030e+00,0.000000000000000000e+00,0.000000000000000000e+00,9.480833332999999641e+01,8.289351852000001131e+00,3.056202963079999790e+01,1.000000000000000000e+00,2.354875166773408215e-03,5.756831223390670402e+02,1.223834014394221459e+00
1.699986162105809839e+01,1.242120583792990018e+01,3.085744516000000104e+01,3.541307370000000105e+02,5.680833333000000351e+01,-5.997222222000000436e+00,3.536571012079999576e+01,1.000000000000000000e+00,2.638878980347303220e-03,5.573555221113605285e+02,1.197008197402998686e+00
2.497888177965069900e+01,0.000000000000000000e+00,5.628304325000000219e+00,6.729633276000000386e+00,5.926666666999999933e+01,2.105740740999999971e+01,2.521727472170000084e+01,0.000000000000000000e+00,2.239642398418945426e-03,4.306281306567643696e+02,1.466384068335875090e+00
1.976912392025780107e+01,8.662691267577820042e+00,0.000000000000000000e+00,0.000000000000000000e+00,9.794166667000000359e+01,2.506018518999999944e+00,3.643944557919999738e+01,1.000000000000000000e+00,2.480751048129236930e-03,7.555436036594011284e+02,1.141296077856081226e+00
2.202722074111400019e+01,1.290831102646300010e+01,0.000000000000000000e+00,0.000000000000000000e+00,9.693333332999999641e+01,1.030370369999999980e+01,2.827779980500000079e+01,1.000000000000000000e+00,2.943479578531246060e-03,8.790179046459691108e+02,1.650103628609362438e+00
2.133245566615149968e+01,3.316392399241379962e+01,1.888726109000000122e+02,6.034455576000000292e+02,5.036666667000000075e+01,1.490277778000000053e+00,3.994113463000000053e+01,1.000000000000000000e+00,2.877325430952894919e-03,7.967255098387129237e+02,1.426726091894195747e+00
2.185096826639729883e+01,1.631676989983730053e+01,0.000000000000000000e+00,0.000000000000000000e+00,9.770000000000000284e+01,4.599999999999999645e+00,3.317294548079999572e+01,1.000000000000000000e+00,2.294321641539403406e-03,9.943723249995659899e+02,1.493929608961795719e+00
2.046844876997720064e+01,6.665108235376769663e+00,0.000000000000000000e+00,0.000000000000000000e+00,9.508333333000000209e+01,1.092916667000000075e+01,2.764536914500000009e+01,1.000000000000000000e+00,1.443689740461048332e-03,4.230357651754195558e+02,1.164483321049857079e+00
2.225200555400089897e+01,3.017283164299600084e+00,0.000000000000000000e+00,0.000000000000000000e+00,6.730833332999999641e+01,8.047685185000000629e+00,2.165921666079999852e+01,1.000000000000000000e+00,2.731975354858598003e-03,7.337823376438660716e+02,1.474929779283866038e+00
2.251650943032700170e+01,1.239226225324389929e+01,9.568176674999999420e+01,8.664193957000000523e+01,6.214166666999999933e+01,2.204166666999999968e+00,3.669189958749999647e+01,1.000000000000000000e+00,3.369379588423715606e-03,4.209020038979646756e+02,1.189592704361825293e+00
2.004128202836439954e+01,1.647144032013450143e+01,1.480851456999999982e+02,3.104982916999999887e+01,5.568333333000000351e+01,6.833333329999999872e-01,4.098308625079999956e+01,1.000000000000000000e+00,4.799365376794957096e-03,6.830928449229130592e+02,1.198996741333486771e+00
2.188814555886219892e+01,2.711551483432739929e+01,0.000000000000000000e+00,0.000000000000000000e+00,6.143333333000000351e+01,-4.674537036999999451e+00,3.666641226830000022e+01,1.000000000000000000e+00,2.132514819663017432e-03,4.737759828970771423e+02,1.594728721662770798e+00
2.041109864019919939e+01,5.022374854310810122e+01,3.784673292000000089e+01,2.180306441000000106e+01,8.182500000000000284e+01,1.296342592999999965e+01,4.892609759169999961e+01,1.000000000000000000e+00,2.899498796197193598e-03,9.871604652824584036e+02,1.558320944765660743e+00
2.071547947047060134e+01,1.825196596335609911e+01,0.000000000000000000e+00,0.000000000000000000e+00,7.729166666999999791e+01,7.684722222000000436e+00,3.990869444420000178e+01,1.000000000000000000e+00,3.710917932117214352e-03,3.006195260650690670e+02,1.254655454713203611e+00
2.155789086373989960e+01,3.284740284251559927e+01,0.000000000000000000e+00,0.000000000000000000e+00,8.245833333000000209e+01,-9.773148149999999479e-01,4.153279611170000152e+01,1.000000000000000000e+00,3.284506374220840050e-03,4.815561261445831747e+02,1.698359376720658176e+00
1.982612855369290017e+01,1.411863621343669983e+01,0.000000000000000000e+00,0.000000000000000000e+00,7.907500000000000284e+01,-4.236111110000000401e-01,3.812402768500000150e+01,1.000000000000000000e+00,2.152001034550381393e-03,9.761270200814450391e+02,1.201245144633906747e+00
2.209740484020269946e+01,0.000000000000000000e+00,6.435539393999999902e+01,2.523392657000000128e+01,6.456666667000000359e+01,1.352407408000000011e+01,2.112920950000000175e+01,0.000000000000000000e+00,2.972564108998085753e-03,3.912486511785994026e+02,1.610506882419600050e+00
1.861177762437139904e+01,0.000000000000000000e+00,1.727336740999999876e+01,1.380398961999999896e+00,5.594166666999999649e+01,1.102592592999999965e+01,2.152170370829999868e+01,0.000000000000000000e+00,2.321552299960929523e-03,4.986196617432195239e+02,1.394119944399142774e+00
2.299834669632669915e+01,2.460028251261000065e+01,1.254072388999999959e+02,5.317300911000000241e+00,8.379166666999999791e+01,5.243518518999999323e+00,3.482529022170000133e+01,1.000000000000000000e+00,1.940617265906080958e-03,8.284167791107821586e+02,1.622588531414971058e+00
2.119056855405720086e+01,2.232220481712679927e+01,2.057361176000000000e+02,4.031467400999999739e+01,5.624166667000000075e+01,-3.340740741000000291e+00,4.482964106420000405e+01,1.000000000000000000e+00,2.920587305090319857e-03,4.265904413954933716e+02,1.221166918253003830e+00
2.047383531546550017e+01,4.515033651090639921e+01,0.000000000000000000e+00,0.000000000000000000e+00,9.065000000000000568e+01,-5.298148148000000113e+00,5.863323055669999917e+01,1.000000000000000000e+00,1.250777901932716672e-03,3.572318081173453947e+02,1.211002101835702227e+00
2.375181137160830147e+01,0.000000000000000000e+00,0.000000000000000000e+00,0.000000000000000000e+00,7.450000000000000000e+01,1.612037036999999984e+01,2.440416373580000098e+01,0.000000000000000000e+00,1.268891348735498234e-03,7.098577906031889597e+02,1.526712188999138853e+00
2.412487396680100105e+01,3.507741516895919887e+01,0.000000000000000000e+00,0.000000000000000000e+00,5.874166667000000075e+01,-3.454629629999999896e+00,4.811199337829999934e+01,1.000000000000000000e+00,4.665494520230824629e-03,4.447125771220233901e+02,1.606229033684505536e+00
1.959731352075829847e+01,1.296407325126950028e+01,0.000000000000000000e+00,0.000000000000000000e+00,6.474166667000000075e+01,1.175000000000000044e+00,1.874705165170000143e+01,1.000000000000000000e+00,3.284506374220840050e-03,4.815561261445831747e+02,1.698359376720658176e+00
2.118294340621670102e+01,1.273709030402410036e+01,1.429633720000000052e-01,7.214057699999999740e-02,9.702500000000000568e+01,-3.495370370000000504e-01,3.009573935079999885e+01,1.000000000000000000e+00,2.579546970568180782e-03,9.659333362881316134e+02,1.262038947287461355e+00
1.895713508285309956e+01,1.534876991127780066e+01,4.837121917999999710e+01,3.205031888000000322e+02,5.208333333000000209e+01,-1.924074073999999968e+00,4.134172366669999832e+01,1.000000000000000000e+00,3.597401753233522934e-03,2.402638965633497605e+02,1.484864247168209861e+00
2.163866315954329878e+01,0.000000000000000000e+00,4.139266548999999884e+01,4.311691890000000082e-01,9.316666666999999791e+01,1.291111111000000022e+01,2.229842197670000203e+01,0.000000000000000000e+00,3.567085830152808695e-03,6.499836259141926575e+02,1.413904504573140652e+00
2.250409048912300136e+01,7.497348820334540420e+00,1.144648165999999918e+02,7.044084582000000410e+02,7.719166667000000359e+01,7.379861111000000307e+00,3.056707221750000159e+01,1.000000000000000000e+00,2.317829704690787043e-03,2.174135635402479068e+02,1.260408568530122508e+00
2.160618991234879971e+01,0.000000000000000000e+00,8.132915884999999889e+01,6.456659667000000269e+00,8.099166667000000075e+01,1.687962963000000016e+01,2.154001413419999977e+01,0.000000000000000000e+00,2.682690279172006420e-03,3.774058862879514891e+02,1.241241446140132654e+00
2.187101069274359944e+01,2.702026974885439969e+01,0.000000000000000000e+00,0.000000000000000000e+00,7.915833333000000493e+01,1.039351852000000020e+00,3.817358243500000015e+01,1.000000000000000000e+00,2.880634619600707519e-03,9.135368150378729979e+02,1.704580620852145678e+00
2.220747609188219940e+01,0.000000000000000000e+00,0.000000000000000000e+00,0.000000000000000000e+00,8.199166741000000513e+01,1.502685164999999934e+01,2.402094810170000017e+01,0.000000000000000000e+00,4.683350744457233025e-03,9.792170566788814767e+02,1.218074054710924781e+00
2.053377223820769970e+01,0.000000000000000000e+00,0.000000000000000000e+00,0.000000000000000000e+00,8.534166666999999507e+01,1.464490741000000007e+01,2.247460092580000079e+01,0.000000000000000000e+00,1.294166011241881364e-03,7.076930282131925196e+02,1.345192247062378721e+00
2.246896983821909899e+01,1.610938816461030143e+01,0.000000000000000000e+00,0.000000000000000000e+00,7.268333332999999641e+01,6.206018518999999678e+00,3.693344162000000352e+01,1.000000000000000000e+00,4.909706005115319419e-03,5.835556891233379702e+02,1.541761373061722340e+00
2.365169708522470060e+01,0.000000000000000000e+00,0.000000000000000000e+00,0.000000000000000000e+00,5.740833332999999783e+01,1.591111111000000022e+01,2.477014467749999937e+01,0.000000000000000000e+00,4.254241744774830969e-03,3.817085179986898993e+02,1.571338289240985731e+00
2.167172800789609965e+01,1.935949749204790038e+01,0.000000000000000000e+00,0.000000000000000000e+00,9.790833333000000493e+01,8.425462962999999306e+00,3.114876666749999856e+01,1.000000000000000000e+00,1.852686693010979421e-03,6.411891464387872475e+02,1.686011303965761599e+00
2.266262027502470033e+01,2.546071616515800073e+01,3.921009372000000326e+01,1.623797929999999945e-01,9.345833333000000209e+01,6.105555556000000550e+00,3.915806846750000147e+01,1.000000000000000000e+00,2.239642398418945426e-03,4.306281306567643696e+02,1.466384068335875090e+00
1.968660206390359946e+01,1.103244981471620001e+01,0.000000000000000000e+00,0.000000000000000000e+00,7.148333332999999357e+01,3.619907406999999910e+00,3.679102658669999926e+01,1.000000000000000000e+00,3.476891578008076480e-03,3.504444953116412762e+02,1.213779008054978847e+00
2.068725519864160134e+01,2.846060839388960062e+01,0.000000000000000000e+00,0.000000000000000000e+00,8.945000000000000284e+01,-6.970370370000000371e+00,3.975213935330000226e+01,1.000000000000000000e+00,1.892741725052383018e-03,2.947355775885553157e+02,1.480619792051133476e+00
1.755335014442470154e+01,2.455190493833439902e+01,0.000000000000000000e+00,0.000000000000000000e+00,5.895833333000000209e+01,-3.749074073999999701e+00,3.124042521830000041e+01,1.000000000000000000e+00,1.155524991515096593e-03,6.361041785742959291e+02,1.471076246946815491e+00
1.957178503102310074e+01,9.331568295546869507e+00,0.000000000000000000e+00,0.000000000000000000e+00,7.415833333000000493e+01,1.072268518999999998e+01,2.132224886999999924e+01,1.000000000000000000e+00,1.288432299563611275e-03,4.516016271971358265e+02,1.634719832448143784e+00
2.236618728949949997e+01,1.564680533852340005e+01,6.120883134000000325e+01,1.732443480000000202e-01,9.795833333000000209e+01,1.009999999999999964e+01,3.003095529670000019e+01,1.666666666999999935e-01,2.239642398418945426e-03,4.306281306567643696e+02,1.466384068335875090e+00
1.957159913167890153e+01,1.380582072927959913e+01,0.000000000000000000e+00,0.000000000000000000e+00,4.714999999999999858e+01,5.107870369999999660e+00,2.806073195829999989e+01,1.000000000000000000e+00,1.738324604510979761e-03,7.758028137834876361e+02,1.409195199586480873e+00
2.181834836588570070e+01,2.220793745974500055e+01,3.738876986999999730e+01,1.880504073000000176e+02,5.724166667000000075e+01,1.827314815000000037e+00,3.826076758749999840e+01,1.000000000000000000e+00,1.327663804944186152e-03,5.499076516943778188e+02,1.318625035845997218e+00
2.047083761010669889e+01,9.808337264706089798e+00,0.000000000000000000e+00,0.000000000000000000e+00,7.375833332999999925e+01,4.805555555999999839e+00,3.184970819420000154e+01,1.000000000000000000e+00,1.580163400962148780e-03,8.007042208993009353e+02,1.225048359971201872e+00
2.348651344111840089e+01,0.000000000000000000e+00,5.009745111000000151e+01,1.308756832000000081e+01,5.597500000000000142e+01,2.198472221999999832e+01,2.516331083329999885e+01,0.000000000000000000e+00,2.066312951128466621e-03,8.953543303189762810e+02,1.174526640518530396e+00
2.190807339314860158e+01,2.069633715301490096e+00,1.814300793000000169e+02,7.211147837999999410e+02,3.688333332999999925e+01,1.186944444999999959e+01,2.269889307249999888e+01,1.000000000000000000e+00,3.908861491466197186e-03,9.979377182271136917e+02,1.277192807617466119e+00
2.156882783761849964e+01,1.437276703526299926e+01,0.000000000000000000e+00,0.000000000000000000e+00,9.011666667000000075e+01,6.144907407999999904e+00,3.259357151249999873e+01,1.000000000000000000e+00,2.431853599958168095e-03,9.568743971592737125e+02,1.332615571477285821e+00
2.014429873075510002e+01,4.020305241406060048e+01,1.210656770000000080e+02,4.333324600999999916e+02,5.734166667000000217e+01,-3.338888888999999693e+00,6.020328624999999789e+01,1.000000000000000000e+00,4.135222790478412791e-03,7.763338961960417919e+02,1.691946201626943980e+00
2.065953408945020087e+01,8.071969023555720213e+00,0.000000000000000000e+00,0.000000000000000000e+00,8.066666666999999791e+01,1.012453703999999988e+01,3.093785213079999963e+01,1.000000000000000000e+00,2.282725696858750597e-03,9.270643952298721615e+02,1.243056781552912327e+00
2.261668233689869822e+01,1.867277652199150140e+01,0.000000000000000000e+00,0.000000000000000000e+00,5.820000000000000284e+01,2.743981481999999694e+00,4.307680661919999920e+01,1.000000000000000000e+00,4.835620806263301458e-03,3.328984368682673676e+02,1.238340919717491717e+00
2.149982774044559974e+01,3.264532792848820009e+01,0.000000000000000000e+00,0.000000000000000000e+00,7.757500000000000284e+01,3.090740741000000291e+00,4.801154854749999856e+01,1.000000000000000000e+00,4.503360906237931574e-03,5.362117092070309354e+02,1.311522479145594389e+00
2.195662872542780164e+01,1.053129917849060071e+01,0.000000000000000000e+00,0.000000000000000000e+00,9.515000000000000568e+01,1.237731482000000049e+01,3.162973305419999903e+01,1.000000000000000000e+00,2.090689657656761256e-03,5.037800246867154215e+02,1.379318467239787127e+00
2.342122227997120021e+01,8.294618895939619563e+01,6.661261801999999932e+01,1.231271966999999989e+01,8.466666666999999791e+01,3.592592589999999975e-01,6.518573930499999847e+01,1.000000000000000000e+00,1.425601904071328082e-03,5.615667024790091091e+02,1.670327271767340527e+00
2.090637971098039927e+01,2.340689593734279939e+01,0.000000000000000000e+00,0.000000000000000000e+00,6.945833333000000209e+01,-1.630092593000000090e+00,3.955070439749999878e+01,1.000000000000000000e+00,1.327663804944186152e-03,5.499076516943778188e+02,1.318625035845997218e+00
2.071601931503539973e+01,2.004362440354029928e+01,1.896228519999999946e+02,4.392235630999999785e+01,6.364999999999999858e+01,8.888888899999999871e-02,4.165328986080000107e+01,1.000000000000000000e+00,2.981578657086646298e-03,7.465731353893902451e+02,1.288537379581617515e+00
1.766593265925159884e+01,2.509034509942550173e+01,0.000000000000000000e+00,0.000000000000000000e+00,7.929999999999999716e+01,-1.259583334000000043e+01,5.155643014000000335e+01,1.000000000000000000e+00,3.088226081893813684e-03,8.801110547822885337e+02,1.235337838773462593e+00
2.287659723653609944e+01,9.295415690201059178e+00,2.162030943000000036e+02,4.445023299000000350e+01,5.469166666999999649e+01,2.862499999999999822e+00,3.132215367250000071e+01,1.000000000000000000e+00,4.715213892237987703e-03,3.046088599160056560e+02,1.152477235267045375e+00
2.039318897508560013e+01,2.147556736747900175e+01,0.000000000000000000e+00,0.000000000000000000e+00,7.131071335999999405e+01,-1.861108610000000163e-01,3.032460918920000026e+01,1.000000000000000000e+00,1.780496228207607660e-03,9.374944133014782892e+02,1.556415873671770589e+00
2.134313917486110057e+01,4.463749928427190206e+00,2.308420790000000125e+02,2.050251056999999832e+02,6.636666667000000075e+01,1.198657406999999964e+01,2.395711490749999939e+01,1.000000000000000000e+00,3.454703474673735588e-03,8.477169473337715999e+02,1.149131939313182693e+00
1.975861140858049936e+01,4.737566618703979771e+00,1.917569826999999805e+02,4.740596648000000073e+02,7.012500000000000000e+01,5.868055555999999839e+00,2.671583294499999894e+01,1.000000000000000000e+00,3.643698692283777515e-03,7.217640769115225794e+02,1.708616279850950548e+00
2.069197345527370047e+01,1.171353010012220075e+01,0.000000000000000000e+00,0.000000000000000000e+00,9.524166667000000075e+01,9.958333329999999872e-01,2.023249719500000054e+01,1.000000000000000000e+00,4.135222790478412791e-03,7.763338961960417919e+02,1.691946201626943980e+00
2.274294567406780132e+01,5.480677660988259703e+01,4.760800116000000060e+01,3.565494449999999915e+01,7.688333332999999925e+01,-6.034722222000000080e+00,5.269743078670000358e+01,1.000000000000000000e+00,2.591851139061634654e-03,2.120059135761195819e+02,1.666490609641185117e+00
1.970683605535669969e+01,4.171714274048360238e+01,4.167500236000000058e+01,3.005665048000000183e+02,8.604999999999999716e+01,-2.172685185000000185e+00,5.904772902749999730e+01,1.000000000000000000e+00,3.486938023215898578e-03,5.194071264672254529e+02,1.206570441005871519e+00
2.223253708778959847e+01,1.808679724173479997e+01,0.000000000000000000e+00,0.000000000000000000e+00,6.974166667000000075e+01,4.363425926000000565e+00,3.466508630580000272e+01,1.000000000000000000e+00,2.731975354858598003e-03,7.337823376438660716e+02,1.474929779283866038e+00
2.172659571605370132e+01,3.110806603123220171e+01,0.000000000000000000e+00,0.000000000000000000e+00,8.595000000000000284e+01,-7.550925926000000565e+00,4.183455643579999617e+01,1.000000000000000000e+00,3.545505949466145473e-03,6.545381731578654581e+02,1.626021375337415309e+00
2.251427033427500035e+01,5.401518857794089712e+01,1.211736260999999928e+02,5.711467848999999930e+00,7.806666667000000359e+01,5.727314814999999726e+00,5.830612092580000194e+01,8.333333333000000342e-01,1.960166178210964380e-03,2.562152197575966852e+02,1.500205853844600368e+00
1.789047487709260054e+01,1.515771519663299927e+01,0.000000000000000000e+00,0.000000000000000000e+00,6.751805582999999444e+01,9.308410537000000318e+00,1.971814465750000167e+01,1.000000000000000000e+00,1.343516635176804277e-03,7.657329736526241959e+02,1.508840762364811017e+00
2.154807438505359940e+01,0.000000000000000000e+00,9.676026425000000586e+01,4.498117005999999947e+02,6.755833332999999641e+01,1.721064815000000081e+01,2.372584357499999896e+01,0.000000000000000000e+00,3.033203619463916735e-03,9.918370032601150115e+02,1.275190540683623475e+00
1.992617963986830176e+01,1.422762437159510007e+01,1.003495586000000017e+01,1.419355593999999998e+00,8.732500000000000284e+01,1.076666666999999933e+01,3.354129005579999756e+01,1.000000000000000000e+00,1.533406079491022884e-03,5.760339059384623397e+02,1.182928701233807001e+00
1.851055037898720101e+01,1.994887094982700049e+01,0.000000000000000000e+00,0.000000000000000000e+00,7.298333332999999357e+01,-7.935185179999999505e-01,4.389411499919999926e+01,1.000000000000000000e+00,2.317829704690787043e-03,2.174135635402479068e+02,1.260408568530122508e+00
2.048972058037789878e+01,0.000000000000000000e+00,0.000000000000000000e+00,0.000000000000000000e+00,7.755833332999999641e+01,1.265138888999999978e+01,2.231136184580000048e+01,0.000000000000000000e+00,3.567085830152808695e-03,6.499836259141926575e+02,1.413904504573140652e+00
2.014509411257530047e+01,5.767149224961870324e+00,0.000000000000000000e+00,0.000000000000000000e+00,9.820000000000000284e+01,7.254166667000000679e+00,3.168220839250000154e+01,1.000000000000000000e+00,4.022111687339970619e-03,8.139380054557117319e+02,1.158297054060309250e+00
2.117730837846439940e+01,1.128407784842790029e+01,0.000000000000000000e+00,0.000000000000000000e+00,7.677500000000000568e+01,-3.140740741000000114e+00,3.302177894079999732e+01,1.000000000000000000e+00,4.460203800944291183e-03,5.895139265425766553e+02,1.330186267254763299e+00
2.167198514703990142e+01,2.375992328557009969e+01,0.000000000000000000e+00,0.000000000000000000e+00,9.854999999999999716e+01,2.366666667000000057e+00,3.563705087999999677e+01,1.000000000000000000e+00,2.591851139061634654e-03,2.120059135761195819e+02,1.666490609641185117e+00
2.239983338923520151e+01,1.844238364250810136e+01,0.000000000000000000e+00,0.000000000000000000e+00,8.482500000000000284e+01,3.688888888999999782e+00,3.982968643329999736e+01,1.000000000000000000e+00,4.460203800944291183e-03,5.895139265425766553e+02,1.330186267254763299e+00
2.318898764826469971e+01,2.422997766817569953e+01,9.228083635000000129e+01,2.169146266999999906e+00,8.677500000000000568e+01,4.574074073999999435e+00,3.577471944420000227e+01,1.000000000000000000e+00,2.079590990967232836e-03,5.539112855098815089e+02,1.580474169022995090e+00
2.125804129065449999e+01,7.117104087251029831e+00,0.000000000000000000e+00,0.000000000000000000e+00,8.909999999999999432e+01,7.942129629000000079e+00,3.095471521249999824e+01,1.000000000000000000e+00,3.887629580672644601e-03,7.470531451197290380e+02,1.186161581464260983e+00
2.220267594554340107e+01,0.000000000000000000e+00,9.812929076999999722e+01,3.110380746000000158e+02,8.461666667000000075e+01,1.637083332999999996e+01,2.493124334750000060e+01,0.000000000000000000e+00,3.710917932117214352e-03,3.006195260650690670e+02,1.254655454713203611e+00
1.860030316863669952e+01,1.240921936570610029e+01,2.005831014000000039e+02,5.588099053999999910e+01,4.948333333000000067e+01,-1.203240740999999892e+00,3.185425017580000073e+01,1.000000000000000000e+00,2.090689657656761256e-03,5.037800246867154215e+02,1.379318467239787127e+00
2.086079911330820025e+01,2.955026615242620114e+00,0.000000000000000000e+00,0.000000000000000000e+00,9.154999999999999716e+01,5.780092592999999113e+00,2.047799648079999812e+01,1.000000000000000000e+00,3.772487750863840437e-03,4.381615640900848803e+02,1.700204162462604973e+00
2.218553928264439890e+01,1.943418862375380129e+01,0.000000000000000000e+00,0.000000000000000000e+00,9.597499999999999432e+01,5.445370370000000015e+00,3.746833059669999955e+01,1.000000000000000000e+00,2.824110447166687694e-03,8.388655343623561293e+02,1.433418476801477270e+00
2.398220959001729824e+01,3.042045842021940061e+00,1.090657379999999819e+02,8.559136993999999277e+02,5.010000000000000142e+01,7.386574073999999435e+00,2.354307081829999859e+01,1.000000000000000000e+00,4.959133174065540745e-03,4.886642188549444086e+02,1.628542828334496928e+00
2.236497101529539933e+01,2.591455343770909892e+01,8.041502427000000353e+01,2.571973660000000383e-01,9.799166787999999428e+01,1.222546273999999933e+01,3.748767661920000194e+01,1.000000000000000000e+00,3.248533682215652522e-03,7.377847973307769962e+02,1.662041653863763013e+00
2.142179846630419959e+01,3.247705063460450248e+01,0.000000000000000000e+00,0.000000000000000000e+00,8.086666667000000075e+01,-9.541666670000000794e-01,3.987807574079999995e+01,1.000000000000000000e+00,1.666930899240154189e-03,8.297049332480183921e+02,1.561933061076365981e+00
1.921102879145540143e+01,2.177165100038719991e+00,0.000000000000000000e+00,0.000000000000000000e+00,9.726666667000000643e+01,1.062175925999999926e+01,2.080065969999999709e+01,1.000000000000000000e+00,1.702125327372088718e-03,4.120044707584809203e+02,1.165548891586128288e+00
2.207789875284089831e+01,2.846242271766540100e+01,9.797335397999999884e+01,8.621536270999999942e+02,4.854999999999999716e+01,-1.715277778000000142e+00,4.396730999999999767e+01,1.000000000000000000e+00,4.243003694845223425e-03,9.153183487950764174e+02,1.457230775489337882e+00
2.234417818490900132e+01,2.573966711436370147e+01,2.418367123999999890e+01,5.008217460000000676e-01,9.060833332999999357e+01,4.341203703999999775e+00,3.687955236250000013e+01,1.000000000000000000e+00,1.045658280172825786e-03,5.656562573422372679e+02,1.370276172487654431e+00
2.078952417441360012e+01,1.272672766913849962e+01,0.000000000000000000e+00,0.000000000000000000e+00,8.536666667000000075e+01,1.078379630000000056e+01,2.977655794000000000e+01,1.000000000000000000e+00,3.439573674811518753e-03,2.688018804583918495e+02,1.535734937083792273e+00
2.222477231716650081e+01,2.522925232927229899e+01,0.000000000000000000e+00,0.000000000000000000e+00,7.750833332999999925e+01,-9.000000000000000222e-01,3.666804393670000195e+01,1.000000000000000000e+00,2.368555520777655861e-03,8.643094881002106149e+02,1.582840108893504460e+00
1.975191883459709885e+01,2.730547176702300050e+01,2.309763086000000101e+02,3.759379424999999628e+02,5.454999999999999716e+01,-6.003703703999999419e+00,3.897356808079999979e+01,1.000000000000000000e+00,2.705965550667347938e-03,6.757060897134198285e+02,1.210257208057861522e+00
2.118215278424250059e+01,0.000000000000000000e+00,0.000000000000000000e+00,0.000000000000000000e+00,7.771666666999999507e+01,1.297083332999999961e+01,2.349632427330000084e+01,0.000000000000000000e+00,2.253506857997715149e-03,5.271708348210383974e+02,1.435298378256498086e+00
1.773473815806410059e+01,9.689079328583970252e+00,1.329480943000000082e+02,3.940918734999999629e+02,7.445833333000000209e+01,4.802777778000000275e+00,3.429533944420000324e+01,1.000000000000000000e+00,4.602793770771248898e-03,4.924284185880149494e+02,1.193103632668114811e+00
2.107472754283029914e+01,2.714935814201010089e+01,6.129036179999999945e+01,6.029269259000000147e+02,5.682500000000000284e+01,1.072453703999999952e+01,4.334047424669999771e+01,1.000000000000000000e+00,4.109290617075900612e-03,3.211616643073852515e+02,1.338098883850329379e+00
2.123558598590249957e+01,2.259356005551530089e+01,0.000000000000000000e+00,0.000000000000000000e+00,6.135833333000000067e+01,-5.235648148000000113e+00,4.026907046170000370e+01,1.000000000000000000e+00,3.358470521188682174e-03,5.425081037239119723e+02,1.421798757408140323e+00
2.352738659098190155e+01,2.660137021561660209e+00,1.327826270999999849e+02,8.381226891000000023e+02,2.875833332999999925e+01,1.151574074000000003e+01,2.388382630919999983e+01,1.000000000000000000e+00,1.174980482939764082e-03,9.588028768583311603e+02,1.503227933479006406e+00
2.241795603607310028e+01,6.889724472673430000e+01,5.281393831999999833e+01,9.105839944999999602e+00,7.439166667000000643e+01,-3.259259258999999798e+00,6.586411676000000170e+01,1.000000000000000000e+00,3.096965495274105716e-03,9.757062774438614952e+02,1.539727875265318735e+00
2.181565745312270010e+01,9.114210783013529493e+00,0.000000000000000000e+00,0.000000000000000000e+00,7.139166667000000643e+01,5.371759259000000064e+00,3.117653208750000005e+01,1.000000000000000000e+00,3.623154308066773438e-03,5.119376857313213236e+02,1.375707654096950616e+00
1.966815768225379912e+01,1.045858521110240069e+01,0.000000000000000000e+00,0.000000000000000000e+00,5.567499999999999716e+01,-4.170370371000000631e+00,3.084464427329999836e+01,1.000000000000000000e+00,2.513723456494702975e-03,4.550706166662036480e+02,1.240416988192909908e+00
2.216159079020729905e+01,1.353909056010610001e+01,1.840994715000000070e+01,2.516820643999999731e+02,6.004999999999999716e+01,9.367129628999999014e+00,3.218779048169999868e+01,1.000000000000000000e+00,2.824110447166687694e-03,8.388655343623561293e+02,1.433418476801477270e+00
2.114479943284710117e+01,7.778999479445680265e+01,8.178093728000000340e+00,6.655130395000000476e+01,8.070000000000000284e+01,-3.865740739999999898e-01,5.868697523249999648e+01,1.000000000000000000e+00,3.661348719697158239e-03,2.007194578862345793e+02,1.677204289860241948e+00
2.097840474480279838e+01,4.931773234064429801e+01,9.083426957999999729e+01,9.722265490000000510e-01,8.166666666999999791e+01,5.279166667000000146e+00,4.523948259250000348e+01,1.000000000000000000e+00,2.199737264052309751e-03,7.707639256007348649e+02,1.512836840837553432e+00
1.902864736713620175e+01,1.780415783048620071e+01,0.000000000000000000e+00,0.000000000000000000e+00,8.007500000000000284e+01,-1.038888889000000093e+00,4.431826615829999838e+01,1.000000000000000000e+00,2.354875166773408215e-03,5.756831223390670402e+02,1.223834014394221459e+00
2.329915423730519919e+01,2.826445585447979880e+01,7.365189107000000490e+01,1.968077726999999832e+00,7.715833333000000493e+01,3.065740741000000380e+00,3.917256958250000309e+01,1.000000000000000000e+00,2.132514819663017432e-03,4.737759828970771423e+02,1.594728721662770798e+00
2.189610488580429859e+01,2.398715540801149970e+01,1.112250299000000098e+02,8.060305791000000681e+02,5.504166666999999791e+01,2.446759259000000242e+00,3.691788389829999772e+01,1.000000000000000000e+00,1.376537666660290933e-03,8.962139597157832895e+02,1.399201321489152106e+00
2.381252012116739891e+01,0.000000000000000000e+00,0.000000000000000000e+00,0.000000000000000000e+00,7.530833332999999641e+01,1.556064815000000046e+01,2.460112825919999935e+01,0.000000000000000000e+00,2.239642398418945426e-03,4.306281306567643696e+02,1.466384068335875090e+00
1.928616200734460051e+01,2.223984922107170092e+01,0.000000000000000000e+00,0.000000000000000000e+00,6.068333333000000351e+01,-4.880092593000000534e+00,3.281338473249999765e+01,1.000000000000000000e+00,4.835620806263301458e-03,3.328984368682673676e+02,1.238340919717491717e+00
1.952333471034269863e+01,6.408219911382899703e+00,0.000000000000000000e+00,0.000000000000000000e+00,5.199166667000000075e+01,-2.494444443999999983e+00,2.415412078749999836e+01,1.000000000000000000e+00,3.476891578008076480e-03,3.504444953116412762e+02,1.213779008054978847e+00
1.822330793020449846e+01,5.925309843487299943e+00,0.000000000000000000e+00,0.000000000000000000e+00,6.848333332999999357e+01,9.205555556000000195e+00,1.957331500920000167e+01,1.000000000000000000e+00,4.886382991609324045e-03,2.442338427015962168e+02,1.693575374971676428e+00
2.320972880140260131e+01,2.972134440230270158e+01,2.377110468000000143e+00,5.056341054999999862e+00,8.889166667000000643e+01,2.836111111000000129e+00,3.906364588079999578e+01,1.000000000000000000e+00,3.505159181073466863e-03,8.605384899204138947e+02,1.680704205348708236e+00
2.215726692907249884e+01,1.911538830524889931e+01,0.000000000000000000e+00,0.000000000000000000e+00,8.920000000000000284e+01,5.071759258999999354e+00,3.111682551920000250e+01,1.000000000000000000e+00,1.476862556024290639e-03,9.195885932692970073e+02,1.717653100509283215e+00
2.585079628676909991e+01,0.000000000000000000e+00,2.843099846000000142e+01,2.325669408999999916e+02,4.435000000000000142e+01,2.398564814999999939e+01,2.539558657329999747e+01,0.000000000000000000e+00,4.443160572410318615e-03,2.720392648943754352e+02,1.298473705607168904e+00
2.353683664138679887e+01,1.781109580656410074e+01,5.140085578000000055e+01,7.325443909999999059e-01,9.730833332999999641e+01,7.297222222000000258e+00,3.521147451920000293e+01,1.000000000000000000e+00,4.385154505133226528e-03,3.471917213250293344e+02,1.479622074050003899e+00
2.202393573758289946e+01,1.365218924849789950e+01,0.000000000000000000e+00,0.000000000000000000e+00,8.990000000000000568e+01,6.407407407000000887e+00,2.968593724999999850e+01,1.000000000000000000e+00,3.573991216547814289e-03,9.536419673091216964e+02,1.708003011201696397e+00
2.048092093475430175e+01,5.538171269365039784e+00,0.000000000000000000e+00,0.000000000000000000e+00,8.599166667000000075e+01,8.669444444999999888e+00,2.916035479670000186e+01,1.000000000000000000e+00,3.419834369867685159e-03,9.960996952190073443e+02,1.191649221039187578e+00
1.960240849158849841e+01,4.096246207659150151e+00,0.000000000000000000e+00,0.000000000000000000e+00,5.394166666999999649e+01,3.208333333000000120e+00,2.428288973500000125e+01,1.000000000000000000e+00,3.782118074502092975e-03,2.296883770074401241e+02,1.245627664961086234e+00
2.087869338200030001e+01,1.753508457450849889e+01,0.000000000000000000e+00,0.000000000000000000e+00,9.100000000000000000e+01,4.828703703999999597e+00,3.404587432499999977e+01,1.000000000000000000e+00,4.900272834760988419e-03,2.493807912712836696e+02,1.620320053753861345e+00
2.043340176458229962e+01,2.075137789067300176e+01,0.000000000000000000e+00,0.000000000000000000e+00,5.640833332999999783e+01,7.570833332999999499e+00,3.578494153670000344e+01,1.000000000000000000e+00,1.078466896631738187e-03,4.102076842696246786e+02,1.301413238664324679e+00
2.128908497628370000e+01,7.503186744052349866e+00,0.000000000000000000e+00,0.000000000000000000e+00,9.209999999999999432e+01,7.271759258999999531e+00,2.079646712999999991e+01,1.000000000000000000e+00,1.288432299563611275e-03,4.516016271971358265e+02,1.634719832448143784e+00
2.332095134744820086e+01,2.273103617636720031e-01,8.958625213000000542e+01,8.300976960000000417e+02,2.825000000000000000e+01,1.376805556000000053e+01,2.236049192750000003e+01,1.000000000000000000e+00,4.149434484064597889e-03,8.693115801188215528e+02,1.451968266345358138e+00
2.137096770193520001e+01,7.497048539148759794e+00,0.000000000000000000e+00,0.000000000000000000e+00,9.052500000000000568e+01,4.231944443999999805e+00,3.177564213499999823e+01,1.000000000000000000e+00,3.933103681605508439e-03,2.205258736264837012e+02,1.265904262823563275e+00
2.041916181299859900e+01,7.970396324031669621e+01,4.157387511999999674e+00,1.118649396999999990e+00,7.109999999999999432e+01,-5.680555560000000170e-01,6.263164763830000226e+01,1.000000000000000000e+00,1.195941610239166335e-03,5.357811119060502278e+02,1.419012238895606792e+00
2.114413223600950076e+01,0.000000000000000000e+00,0.000000000000000000e+00,0.000000000000000000e+00,9.927500000000000568e+01,1.145092593000000036e+01,2.568054818579999932e+01,0.000000000000000000e+00,3.369379588423715606e-03,4.209020038979646756e+02,1.189592704361825293e+00
2.060775462918909895e+01,1.564917151980040089e+01,0.000000000000000000e+00,0.000000000000000000e+00,7.840833333000000493e+01,-1.526388889000000137e+00,4.119023694420000226e+01,1.000000000000000000e+00,3.908861491466197186e-03,9.979377182271136917e+02,1.277192807617466119e+00
2.161527244351649912e+01,1.866252478442099871e+01,0.000000000000000000e+00,0.000000000000000000e+00,8.475000000000000000e+01,3.951851851999999887e+00,3.935593679999999495e+01,1.000000000000000000e+00,3.273017072719731739e-03,7.128430960958590958e+02,1.299352761217367425e+00
2.228107290738039836e+01,1.717460456855209827e+01,9.549688378000000455e+01,6.876622523000000342e+01,5.670000000000000284e+01,1.891666666999999968e+00,3.758308055079999832e+01,1.000000000000000000e+00,3.040839010581259001e-03,3.636571328959160496e+02,1.319133399488835678e+00
2.205996004194410176e+01,1.144233906828539915e+01,0.000000000000000000e+00,0.000000000000000000e+00,6.276666666999999933e+01,6.106481482000000405e+00,3.363208562079999808e+01,1.000000000000000000e+00,4.341515614726502124e-03,8.726822957085345251e+02,1.389459261684068414e+00
2.022738898835450172e+01,6.791961262078380024e+00,0.000000000000000000e+00,0.000000000000000000e+00,9.169166667000000359e+01,7.768518517999999595e+00,3.412091876080000219e+01,1.000000000000000000e+00,3.454703474673735588e-03,8.477169473337715999e+02,1.149131939313182693e+00
2.144941835663929908e+01,1.048607440674430080e+01,0.000000000000000000e+00,0.000000000000000000e+00,9.118333332999999641e+01,3.947222221999999725e+00,3.355666763499999661e+01,1.000000000000000000e+00,4.765457007073345234e-03,4.168097776687697547e+02,1.350042796832348735e+00
2.235222569481840083e+01,1.706832437201810038e+01,0.000000000000000000e+00,0.000000000000000000e+00,8.355833332999999641e+01,8.952314814999999371e+00,2.704380840829999855e+01,1.000000000000000000e+00,1.476862556024290639e-03,9.195885932692970073e+02,1.717653100509283215e+00
2.247823016175809840e+01,3.994417762000330185e+01,6.647146564000000524e+01,9.555038649999999523e-01,8.188333332999999925e+01,1.835648148000000202e+00,5.291286499920000352e+01,1.000000000000000000e+00,3.226096611441297245e-03,7.806543279882041588e+02,1.426172817388929870e+00
2.178213172162540090e+01,1.407445166156550087e+01,0.000000000000000000e+00,0.000000000000000000e+00,6.364999999999999858e+01,5.245369260000000144e-01,3.016356141670000213e+01,1.000000000000000000e+00,1.738324604510979761e-03,7.758028137834876361e+02,1.409195199586480873e+00
2.121708897072949895e+01,2.270925252571320030e+01,0.000000000000000000e+00,0.000000000000000000e+00,8.668333332999999641e+01,2.548148148000000113e+00,4.746817199170000379e+01,1.000000000000000000e+00,4.397520004383441775e-03,8.217863931715179433e+02,1.155460598355732449e+00
2.297373209054509857e+01,2.453223569004450155e+01,0.000000000000000000e+00,0.000000000000000000e+00,9.429999999999999716e+01,4.604166667000000324e+00,3.958413923919999888e+01,1.000000000000000000e+00,3.812344423019213037e-03,4.872582130794578461e+02,1.569511593023965146e+00
2.267297897085209968e+01,2.751772939152110098e+01,6.100516651000000223e+01,9.908751529999999530e-01,9.855833332999999641e+01,8.000000000000000000e+00,3.982166111669999964e+01,1.000000000000000000e+00,4.011262463622973160e-03,5.475820875329512774e+02,1.550564841044687503e+00
2.080975995598459960e+01,8.712138586712349309e+00,0.000000000000000000e+00,0.000000000000000000e+00,9.549166667000000075e+01,1.029398147999999935e+01,2.728506778830000101e+01,1.000000000000000000e+00,1.633837082113818312e-03,3.406953100981203306e+02,1.455590191752436979e+00
2.250565220744149997e+01,0.000000000000000000e+00,0.000000000000000000e+00,0.000000000000000000e+00,5.163333332999999925e+01,9.883333333999999581e+00,2.315176064829999802e+01,0.000000000000000000e+00,3.305187405624265308e-03,5.958215653069219115e+02,1.452484426114364346e+00
2.330452420150509951e+01,1.876531041980430103e+01,1.232138361000000089e+02,6.586641150000000380e+02,6.335833333000000067e+01,2.848148147999999935e+00,3.639497012830000244e+01,1.000000000000000000e+00,2.796122861770969532e-03,5.840762509734695413e+02,1.486950904060672096e+00
1.852990812127499964e+01,2.063768443115050033e+01,0.000000000000000000e+00,0.000000000000000000e+00,6.068333333000000351e+01,-4.880092593000000534e+00,3.281338473249999765e+01,1.000000000000000000e+00,1.454394327502214496e-03,5.811584510184106875e+02,1.132123187129655317e+00
2.300919326716149982e+01,0.000000000000000000e+00,0.000000000000000000e+00,0.000000000000000000e+00,8.526666667000000643e+01,1.408194443999999912e+01,2.425920509330000030e+01,0.000000000000000000e+00,3.181833028628766255e-03,2.601305819553969627e+02,1.322267822010922300e+00
2.299824686979030020e+01,0.000000000000000000e+00,0.000000000000000000e+00,0.000000000000000000e+00,9.079166666999999791e+01,1.394675926000000032e+01,2.489371992919999954e+01,0.000000000000000000e+00,3.887629580672644601e-03,7.470531451197290380e+02,1.186161581464260983e+00
2.331409809461219851e+01,2.235977282619710138e+01,9.291489704999999333e+01,2.317834863999999939e+01,8.350833332999999925e+01,4.533333332999999854e+00,3.630097074169999871e+01,1.000000000000000000e+00,3.203341588206821966e-03,7.439207613291799817e+02,1.710743078791228111e+00
2.177862505609310162e+01,1.897008603615410038e+01,0.000000000000000000e+00,0.000000000000000000e+00,6.865833333000000493e+01,-3.333333299999999971e-02,3.649856967080000203e+01,1.000000000000000000e+00,3.945316321809508656e-03,7.530390381654306111e+02,1.473907293623868409e+00
2.285548257665989880e+01,2.163244595482339960e+01,0.000000000000000000e+00,0.000000000000000000e+00,8.304166666999999791e+01,4.802777778000000275e+00,3.695047866670000047e+01,1.000000000000000000e+00,3.096965495274105716e-03,9.757062774438614952e+02,1.539727875265318735e+00
1.880803333933760157e+01,3.928994011390339836e+01,1.234044513999999992e+02,2.744321276000000154e+01,8.508333333000000209e+01,-7.645833332999999676e+00,5.976176463000000183e+01,1.000000000000000000e+00,4.179620708464085350e-03,7.844667240213268542e+02,1.252096314821288026e+00
2.017963944477180149e+01,3.680582377765470170e+01,1.210656770000000080e+02,4.333324600999999916e+02,5.734166667000000217e+01,-3.338888888999999693e+00,6.020328624999999789e+01,1.000000000000000000e+00,4.226471811704234083e-03,3.129646158185116747e+02,1.555113805582919451e+00
2.175923073225850146e+01,3.359178105872879883e+01,2.780346288999999693e+00,6.561285409999999274e+01,4.921666667000000217e+01,1.323148148000000024e+00,4.066092430420000170e+01,1.000000000000000000e+00,2.132514819663017432e-03,4.737759828970771423e+02,1.594728721662770798e+00
2.152070765951960141e+01,9.305011863272179440e+00,0.000000000000000000e+00,0.000000000000000000e+00,9.515000000000000568e+01,1.237731482000000049e+01,3.162973305419999903e+01,1.000000000000000000e+00,2.431853599958168095e-03,9.568743971592737125e+02,1.332615571477285821e+00
2.258573578707899898e+01,1.142740984142380078e+01,1.537942654000000005e+02,1.444203766999999914e+02,7.230833332999999641e+01,7.740740739999999676e+00,3.398292368170000088e+01,1.000000000000000000e+00,4.560328131437231536e-03,6.326639149694990465e+02,1.373976360024162124e+00
2.322733653597629910e+01,0.000000000000000000e+00,1.771444401999999627e+02,1.078399442999999902e+00,6.561666667000000075e+01,1.067222222000000009e+01,2.112020344920000170e+01,0.000000000000000000e+00,3.710917932117214352e-03,3.006195260650690670e+02,1.254655454713203611e+00
2.131462686904249892e+01,1.576563797668019973e+01,0.000000000000000000e+00,0.000000000000000000e+00,9.367499999999999716e+01,3.994444445000000066e+00,3.744798595500000005e+01,1.000000000000000000e+00,3.040839010581259001e-03,3.636571328959160496e+02,1.319133399488835678e+00
2.421910828384530134e+01,0.000000000000000000e+00,8.787488596999999402e+01,3.204690674999999942e+02,3.620000000000000284e+01,1.919259259000000029e+01,2.476652436079999831e+01,1.000000000000000000e+00,1.960166178210964380e-03,2.562152197575966852e+02,1.500205853844600368e+00
1.857606026002800093e+01,1.556878934820979943e+01,4.837121917999999710e+01,3.205031888000000322e+02,5.208333333000000209e+01,-1.924074073999999968e+00,4.134172366669999832e+01,1.000000000000000000e+00,1.221851690142548722e-03,9.100097910920017057e+02,1.306782305084460916e+00
2.099212919726170057e+01,7.372958971604599565e-01,1.248317752000000098e+02,9.128496873999999934e+02,2.645833332999999854e+01,7.385648147999999580e+00,2.145472092079999982e+01,1.000000000000000000e+00,2.152001034550381393e-03,9.761270200814450391e+02,1.201245144633906747e+00
1.605693265493080091e+01,4.148843211659090002e+01,2.810293703000000143e+00,6.937090609000000185e+00,6.283333333000000209e+01,-5.956481482000000049e+00,5.602611402830000031e+01,1.000000000000000000e+00,3.450615567307747846e-03,2.285690446642136635e+02,1.367161517380967029e+00
2.127208035902999939e+01,1.524280461615609994e+01,0.000000000000000000e+00,0.000000000000000000e+00,7.230833332999999641e+01,1.093518519000000078e+00,3.968659113830000251e+01,1.000000000000000000e+00,4.035403111164523673e-03,9.449450227757895391e+02,1.232954553878988557e+00
2.366384110830329845e+01,0.000000000000000000e+00,0.000000000000000000e+00,0.000000000000000000e+00,6.122500000000000142e+01,1.905000000000000071e+01,2.532126805500000089e+01,0.000000000000000000e+00,4.909706005115319419e-03,5.835556891233379702e+02,1.541761373061722340e+00
2.165348821005390079e+01,0.000000000000000000e+00,4.716314606000000254e+01,8.450130095000000097e+01,6.881666667000000359e+01,1.745324073999999825e+01,2.416708039330000091e+01,0.000000000000000000e+00,1.580163400962148780e-03,8.007042208993009353e+02,1.225048359971201872e+00
2.279811486815950161e+01,0.000000000000000000e+00,1.859643794999999784e+02,3.944478371999999808e+02,7.109166666999999507e+01,1.766712963000000158e+01,2.612704450000000023e+01,0.000000000000000000e+00,3.390547143818911473e-03,9.401917604816986795e+02,1.626989994295993558e+00
2.177631126024359887e+01,6.010427541821230335e+01,1.228593470999999937e+02,4.171193028000000140e+02,5.549166667000000075e+01,-8.361111110999999596e+00,5.989674300920000150e+01,1.000000000000000000e+00,1.567285699228212949e-03,6.015545780611234932e+02,1.446428962894209302e+00
2.240151169566090061e+01,2.600493324932159922e+01,0.000000000000000000e+00,0.000000000000000000e+00,7.356666667000000359e+01,9.270370370000000193e+00,4.360372611500000062e+01,1.000000000000000000e+00,3.677223716595977299e-03,9.818076353639962690e+02,1.401634390632366278e+00
2.179178268452229972e+01,1.199605929204619947e+00,1.087720331999999956e+02,8.370744300000000067e+02,5.042499999999999716e+01,8.143055555000000112e+00,2.253575252829999798e+01,1.000000000000000000e+00,1.793874198435093216e-03,6.779810248109004078e+02,1.256827135279039664e+00
2.211758235668180106e+01,5.818452731498699571e+00,1.064754544000000038e+02,8.436474478000000090e+02,5.342499999999999716e+01,6.391666667000000857e+00,2.613745640750000021e+01,1.000000000000000000e+00,3.273017072719731739e-03,7.128430960958590958e+02,1.299352761217367425e+00
2.204284305571770020e+01,1.333707162379299938e+01,0.000000000000000000e+00,0.000000000000000000e+00,9.046666666999999507e+01,3.549999999999999822e+00,3.781142017670000399e+01,1.000000000000000000e+00,3.531738956761595275e-03,6.444642757883545983e+02,1.296108751529592817e+00
2.194598292954919927e+01,4.463223007512279850e+01,9.911801135999999701e+01,2.540014665999999863e+02,8.251666667000000643e+01,-1.054166667000000057e+00,6.509089999920000480e+01,1.000000000000000000e+00,4.783307651914193298e-03,5.322504204699995398e+02,1.294668379856303231e+00
2.051425966462209871e+01,0.000000000000000000e+00,3.593136988999999915e+01,4.154035466000000270e+02,2.789166666999999933e+01,8.194444444000000161e+00,2.061090879580000035e+01,1.000000000000000000e+00,2.098314729567837128e-03,5.991815108319680121e+02,1.631869282795824105e+00
1.762177572607869891e+01,3.057934851800200082e+00,0.000000000000000000e+00,0.000000000000000000e+00,6.848333332999999357e+01,9.205555556000000195e+00,1.957331500920000167e+01,1.000000000000000000e+00,4.704840401142247955e-03,5.223264146478286420e+02,1.281003806856355176e+00
2.366346153761750060e+01,5.354185653919530274e+00,7.168425451999999609e+01,1.502591776999999951e+01,8.789166667000000643e+01,1.379583333000000067e+01,2.541265021750000130e+01,1.000000000000000000e+00,3.626854570785204793e-03,7.056542028549665702e+02,1.656238374494611643e+00
1.971966832386319979e+01,1.847961901736260160e+01,0.000000000000000000e+00,0.000000000000000000e+00,8.652500000000000568e+01,-1.312962962999999927e+00,4.041409833419999842e+01,1.000000000000000000e+00,3.692910695747885289e-03,5.008682373641397021e+02,1.336512359000131545e+00
2.003185228582070110e+01,2.169822990216439962e+01,1.468581351999999924e+02,2.027776211000000117e+01,5.517499999999999716e+01,4.944444450000000102e-01,4.097784171420000376e+01,1.000000000000000000e+00,2.317829704690787043e-03,2.174135635402479068e+02,1.260408568530122508e+00
2.257160141366150086e+01,2.426266119684920142e+01,1.522617998000000057e+02,1.864544519000000093e+02,5.679999999999999716e+01,-2.911574073999999790e+00,4.298600148170000068e+01,1.000000000000000000e+00,3.623154308066773438e-03,5.119376857313213236e+02,1.375707654096950616e+00
2.125551662583740153e+01,3.518229382426369956e+00,1.037930349000000030e+00,2.969486808999999727e+00,5.014999999999999858e+01,6.999074074000000145e+00,2.207774380249999879e+01,1.000000000000000000e+00,1.702125327372088718e-03,4.120044707584809203e+02,1.165548891586128288e+00
2.093011840324690098e+01,1.509432176961779959e+01,6.641082312999999715e+01,1.638555919000000083e+00,7.241666666999999791e+01,3.411111111000000307e+00,3.855806263920000276e+01,1.000000000000000000e+00,1.815557168281077636e-03,9.708375236242478650e+02,1.153888587956608758e+00
2.292438853869089854e+01,3.032161561439160025e+01,1.716199600000000203e+02,2.675134063000000140e+01,6.440833333000000493e+01,5.282407410000000691e-01,4.442994833329999693e+01,1.000000000000000000e+00,2.253506857997715149e-03,5.271708348210383974e+02,1.435298378256498086e+00
2.086486712242160024e+01,1.615123386551029938e+01,1.175728089000000125e+02,1.669851574000000127e+01,7.365000000000000568e+01,4.111111110000000290e-01,4.191250291749999946e+01,1.000000000000000000e+00,4.121189688177285919e-03,4.416578051573048924e+02,1.145667148091782384e+00
1.882045232308280092e+01,0.000000000000000000e+00,0.000000000000000000e+00,0.000000000000000000e+00,9.910833332999999357e+01,-8.009259259999998992e-01,1.827562818420000212e+01,0.000000000000000000e+00,2.108638392720687919e-03,9.493781389981883194e+02,1.256638667243117125e+00
2.113182780005039874e+01,1.240801765493280051e+01,0.000000000000000000e+00,0.000000000000000000e+00,8.165833333000000493e+01,1.024907407000000070e+01,2.992727571749999882e+01,1.000000000000000000e+00,2.667803834544672792e-03,9.008788073576224633e+02,1.494960707296813407e+00
2.028692278758390088e+01,3.724136804673540269e+01,0.000000000000000000e+00,0.000000000000000000e+00,6.096666667000000217e+01,-5.838425926000000210e+00,4.154008467579999575e+01,1.000000000000000000e+00,1.108162300406241542e-03,2.147505387979392424e+02,1.438379253147594072e+00
2.090963997834809973e+01,3.260876575103399944e+01,1.648755569000000207e+02,1.850834944000000064e+02,7.851666667000000643e+01,-2.924074073999999968e+00,4.977377861080000088e+01,1.000000000000000000e+00,2.108638392720687919e-03,9.493781389981883194e+02,1.256638667243117125e+00
2.002647570332930016e+01,6.150794170465119670e+00,0.000000000000000000e+00,0.000000000000000000e+00,9.489166667000000643e+01,8.972222220000000137e-01,2.338280992170000161e+01,1.000000000000000000e+00,1.666930899240154189e-03,8.297049332480183921e+02,1.561933061076365981e+00
2.130734748956430025e+01,6.470777383108179848e+00,0.000000000000000000e+00,0.000000000000000000e+00,8.065000000000000568e+01,9.784722222999999275e+00,2.803002267079999754e+01,1.000000000000000000e+00,3.531738956761595275e-03,6.444642757883545983e+02,1.296108751529592817e+00
1.800479501152850048e+01,1.678804985115730020e+01,0.000000000000000000e+00,0.000000000000000000e+00,6.984999999999999432e+01,-5.594444443999999628e+00,3.358205279250000075e+01,1.000000000000000000e+00,2.742615218891954372e-03,9.840021728488951567e+02,1.343319074424702553e+00
1.789508073265999855e+01,1.503694378734070014e+01,2.468165584999999851e+02,3.747308594999999798e+01,5.369166666999999649e+01,-2.151851852000000065e+00,3.494485939670000363e+01,1.000000000000000000e+00,3.239433653862683945e-03,2.229393052462047820e+02,1.247188226938644950e+00
2.156163078723249882e+01,1.518225247333699990e+01,4.661091236000000038e+01,7.006527493000000106e+01,9.679999999999999716e+01,9.943055553999998963e+00,3.277606505749999855e+01,1.000000000000000000e+00,4.341515614726502124e-03,8.726822957085345251e+02,1.389459261684068414e+00
1.823383251360380086e+01,1.004843955997360005e+01,0.000000000000000000e+00,0.000000000000000000e+00,8.159999999999999432e+01,-8.236111109999999513e-01,3.998217884249999798e+01,1.000000000000000000e+00,4.121189688177285919e-03,4.416578051573048924e+02,1.145667148091782384e+00
2.190957327587279835e+01,1.451768206038150044e+00,0.000000000000000000e+00,0.000000000000000000e+00,5.669500000000000028e+01,1.317962963000000087e+01,2.247875439919999963e+01,1.000000000000000000e+00,3.710917932117214352e-03,3.006195260650690670e+02,1.254655454713203611e+00
2.434627257491219865e+01,0.000000000000000000e+00,7.081006080000000225e+01,1.802786465999999876e+01,4.895833333000000209e+01,1.869074073999999897e+01,2.361221089420000041e+01,0.000000000000000000e+00,3.062870993003629499e-03,3.923102495552407163e+02,1.250325318155250276e+00
2.162572348117560139e+01,2.191533929538499947e+01,2.454896862000000013e+01,6.023649201000000630e+02,4.210000000000000142e+01,5.407407410000000247e-01,3.505717237000000353e+01,1.000000000000000000e+00,3.745839086939295112e-03,6.804629195334800897e+02,1.696915455916919058e+00
1.862921461286209990e+01,1.257763990326269976e+01,0.000000000000000000e+00,0.000000000000000000e+00,8.790833333000000493e+01,-2.151851852000000065e+00,4.184597657420000161e+01,1.000000000000000000e+00,4.602793770771248898e-03,4.924284185880149494e+02,1.193103632668114811e+00
2.210630572593580112e+01,5.211561369892280027e+01,1.856623551999999790e+02,1.688862514999999860e+02,6.104999999999999716e+01,-4.675925926000000565e+00,5.172069930669999849e+01,1.000000000000000000e+00,1.904598578452526515e-03,8.915313820886420899e+02,1.430779351720190995e+00
2.434714480037469997e+01,2.392972193088600008e+01,2.181893386999999862e+01,4.336664853999999991e+01,9.149166667000000075e+01,5.605555556000000550e+00,3.826173486999999795e+01,1.000000000000000000e+00,4.886382991609324045e-03,2.442338427015962168e+02,1.693575374971676428e+00
2.082702665686289834e+01,2.356592932925790151e+01,2.785615808999999672e+02,1.545305050000000051e+02,6.174166667000000075e+01,-1.779166666999999924e+00,4.109307064749999938e+01,1.000000000000000000e+00,3.226096611441297245e-03,7.806543279882041588e+02,1.426172817388929870e+00
1.958048569645960058e+01,1.471558640069179980e+01,1.506469819999999848e-01,6.989841099999999363e-02,8.341666666999999791e+01,9.496296296000000581e+00,3.427188472329999769e+01,1.000000000000000000e+00,1.702125327372088718e-03,4.120044707584809203e+02,1.165548891586128288e+00
2.108707624116280144e+01,0.000000000000000000e+00,0.000000000000000000e+00,0.000000000000000000e+00,5.510833333000000067e+01,8.630555556000000905e+00,2.253178121750000074e+01,0.000000000000000000e+00,1.260321381444684877e-03,2.064861073368287236e+02,1.605995179971976716e+00
1.979925398823030136e+01,2.019702021564580008e+01,0.000000000000000000e+00,0.000000000000000000e+00,5.499166667000000075e+01,-4.217592593000000001e+00,3.089972855829999787e+01,1.000000000000000000e+00,3.040839010581259001e-03,3.636571328959160496e+02,1.319133399488835678e+00
2.460803570611519930e+01,0.000000000000000000e+00,1.704050680999999940e+02,2.639123587999999927e+02,6.453333333000000493e+01,1.896111111000000093e+01,2.372824556500000170e+01,0.000000000000000000e+00,3.661348719697158239e-03,2.007194578862345793e+02,1.677204289860241948e+00
2.031874673447759960e+01,1.084556602302719952e+01,8.330441761999999528e+01,4.642123370000000193e+00,7.047499999999999432e+01,4.025462962999999839e+00,3.692416265749999837e+01,1.000000000000000000e+00,4.331904037274719906e-03,8.503536485800256060e+02,1.125216302541091951e+00
2.198722841534069872e+01,0.000000000000000000e+00,0.000000000000000000e+00,0.000000000000000000e+00,9.803333333000000493e+01,1.290046296000000048e+01,2.299957564329999826e+01,0.000000000000000000e+00,1.768297744725728839e-03,2.256485381283634126e+02,1.140429346216620399e+00
1.930754663009879835e+01,1.138149771998659965e+01,0.000000000000000000e+00,0.000000000000000000e+00,7.604166666999999791e+01,-1.341203703999999997e+00,4.094830337999999870e+01,1.000000000000000000e+00,2.480751048129236930e-03,7.555436036594011284e+02,1.141296077856081226e+00
2.112471430211779833e+01,2.352258993625899919e+01,0.000000000000000000e+00,0.000000000000000000e+00,9.842499999999999716e+01,2.368055555000000201e+00,3.607994280580000179e+01,1.000000000000000000e+00,1.034565920248698518e-03,8.103378832081340306e+02,1.441174911472680176e+00
1.915122766500860152e+01,1.902811116488280163e+01,0.000000000000000000e+00,0.000000000000000000e+00,7.067499999999999716e+01,1.278703703999999997e+00,4.736445402670000249e+01,1.000000000000000000e+00,1.533406079491022884e-03,5.760339059384623397e+02,1.182928701233807001e+00
2.117484478904979994e+01,9.632288776735329350e+00,0.000000000000000000e+00,0.000000000000000000e+00,7.375833332999999925e+01,4.805555555999999839e+00,3.184970819420000154e+01,1.000000000000000000e+00,3.077345023309922996e-03,8.192828759718336187e+02,1.310680392296441177e+00
2.189932571039020104e+01,0.000000000000000000e+00,5.120537328999999716e+01,4.975992931999999591e+00,7.976666667000000643e+01,7.906018517999999773e+00,2.232837084670000038e+01,0.000000000000000000e+00,4.944144957036428548e-03,8.076117184463965941e+02,1.466683183709637461e+00
2.057246484091750105e+01,0.000000000000000000e+00,7.915507798000000150e+01,7.487498467999998866e+02,4.236666667000000075e+01,1.515324073999999932e+01,2.310938611170000101e+01,0.000000000000000000e+00,1.327663804944186152e-03,5.499076516943778188e+02,1.318625035845997218e+00
2.375297755177799885e+01,2.318246199336390134e+01,4.119960054999999954e+00,7.552038119999999743e-01,9.901666667000000643e+01,8.457407406999999822e+00,3.443598222250000163e+01,1.000000000000000000e+00,2.501477181317327252e-03,2.351491962964648792e+02,1.646420240953242242e+00
2.280785692461689962e+01,3.746687433067189943e+01,1.788928413000000148e+02,1.631403544000000068e+02,6.110833333000000067e+01,-2.177777778000000275e+00,4.718658131419999791e+01,1.000000000000000000e+00,4.254241744774830969e-03,3.817085179986898993e+02,1.571338289240985731e+00
2.286514740239239885e+01,5.306959887502969764e+00,0.000000000000000000e+00,0.000000000000000000e+00,3.483333333000000209e+01,1.176481481000000073e+01,2.693273679670000220e+01,1.000000000000000000e+00,2.460575587770498507e-03,6.524535328981905877e+02,1.232387122073753449e+00
1.762402821409170173e+01,1.469077482414929925e+01,0.000000000000000000e+00,0.000000000000000000e+00,5.727499999999999858e+01,-3.313888888999999782e+00,2.730047995829999863e+01,1.000000000000000000e+00,1.518824699526316862e-03,6.241053441127057795e+02,1.315056341940830986e+00
2.051651382313779948e+01,6.571801346405499622e+00,9.535974186999999347e+01,2.786481059999999843e+00,8.257500000000000284e+01,5.970370370000000371e+00,2.058782379169999999e+01,1.000000000000000000e+00,1.960166178210964380e-03,2.562152197575966852e+02,1.500205853844600368e+00
1.873276672571210000e+01,3.908098153742219694e+01,0.000000000000000000e+00,0.000000000000000000e+00,7.596666666999999507e+01,-8.590277777999999032e+00,4.431070189829999606e+01,1.000000000000000000e+00,2.785665157813519734e-03,2.514835542238776043e+02,1.567465250108300179e+00
2.131257995360110158e+01,2.659578928897370176e+01,4.012492948999999953e+01,1.014517357999999980e+00,9.890000000000000568e+01,1.374953703999999988e+01,3.930328823079999978e+01,1.000000000000000000e+00,2.033353554147745382e-03,4.949232850003434692e+02,1.460083713831677565e+00
2.198546890563209999e+01,9.469135817707730496e+00,9.248658929999999145e+01,1.132217325999999815e+02,5.520000000000000284e+01,1.047268517999999915e+01,3.053386982500000002e+01,1.000000000000000000e+00,1.702125327372088718e-03,4.120044707584809203e+02,1.165548891586128288e+00
2.003874119103669926e+01,1.011660780431540019e+01,1.778166561999999828e+02,4.560993143999999120e+02,5.770000000000000284e+01,4.120370369999999838e+00,2.609859171169999925e+01,1.000000000000000000e+00,4.522005612680179976e-03,7.010063879799633924e+02,1.138416339744978023e+00
2.074376304425760154e+01,5.565795700528550327e+01,9.475119336999999575e+01,2.141899941000000140e+01,7.461666667000000075e+01,-5.143981482000000049e+00,5.123678037079999825e+01,1.000000000000000000e+00,1.915290147531811468e-03,5.884431559217881613e+02,1.523508106763922232e+00
2.144388593297150081e+01,2.588867423704439830e+01,0.000000000000000000e+00,0.000000000000000000e+00,8.862500000000000000e+01,2.561111110999999774e+00,3.427408383000000214e+01,1.000000000000000000e+00,1.363321393642809992e-03,2.808903646085552168e+02,1.652089701443716807e+00
2.010305317493460109e+01,1.861097664536389917e+00,0.000000000000000000e+00,0.000000000000000000e+00,9.397499999999999432e+01,5.503703703999999419e+00,1.974680830000000142e+01,1.000000000000000000e+00,2.579546970568180782e-03,9.659333362881316134e+02,1.262038947287461355e+00
2.138478476067639988e+01,0.000000000000000000e+00,0.000000000000000000e+00,0.000000000000000000e+00,5.510833333000000067e+01,8.630555556000000905e+00,2.253178121750000074e+01,0.000000000000000000e+00,2.800736781478740077e-03,2.335307659587130331e+02,1.653055233590781103e+00
2.311234189655510107e+01,2.009272516504249850e+01,1.096413059000000061e+02,7.591077728999999863e+02,5.695000000000000284e+01,2.700462963000000105e+00,3.418274267670000199e+01,1.000000000000000000e+00,2.785665157813519734e-03,2.514835542238776043e+02,1.567465250108300179e+00
2.340265501494850042e+01,2.719101816304389985e+01,5.972334170999999969e+01,1.238377612000000028e+01,7.233333333000000209e+01,-1.967129630000000073e+00,4.253917787079999613e+01,1.000000000000000000e+00,4.909706005115319419e-03,5.835556891233379702e+02,1.541761373061722340e+00
2.002633850153809902e+01,4.127897741564940048e+01,1.210973695000000134e+02,7.973527129999999907e-01,8.175000000000000000e+01,-4.128703703999999419e+00,4.790181009329999995e+01,1.000000000000000000e+00,2.294321641539403406e-03,9.943723249995659899e+02,1.493929608961795719e+00
2.351313748499349998e+01,0.000000000000000000e+00,3.368918172000000055e+01,1.592915171000000019e+00,9.691666666999999791e+01,1.379074074000000039e+01,2.406893050749999929e+01,0.000000000000000000e+00,4.522005612680179976e-03,7.010063879799633924e+02,1.138416339744978023e+00
2.132918661075800060e+01,1.134055401751679959e+01,0.000000000000000000e+00,0.000000000000000000e+00,7.570833333000000209e+01,-7.090740741000000291e+00,3.628272739749999687e+01,1.000000000000000000e+00,3.988222433511556114e-03,2.383773974165409584e+02,1.702589693391369341e+00
2.372698402876740076e+01,0.000000000000000000e+00,2.233478321999999707e+02,8.494460100999999952e+01,6.102499999999999858e+01,1.585925925999999997e+01,2.265663173579999778e+01,0.000000000000000000e+00,4.226471811704234083e-03,3.129646158185116747e+02,1.555113805582919451e+00
2.065786286995420085e+01,3.336122194861749790e+01,0.000000000000000000e+00,0.000000000000000000e+00,6.900000000000000000e+01,-8.316203703999999419e+00,4.559065259169999962e+01,1.000000000000000000e+00,4.990610258181336044e-03,3.609256133945857528e+02,1.537940689518400017e+00
2.409087900287050132e+01,1.662932006356830028e+00,1.814300793000000169e+02,7.211147837999999410e+02,3.688333332999999925e+01,1.186944444999999959e+01,2.269889307249999888e+01,1.000000000000000000e+00,3.450615567307747846e-03,2.285690446642136635e+02,1.367161517380967029e+00
2.083382242048359956e+01,0.000000000000000000e+00,0.000000000000000000e+00,0.000000000000000000e+00,9.180833332999999641e+01,1.530601852000000029e+01,2.263583629249999873e+01,0.000000000000000000e+00,3.692910695747885289e-03,5.008682373641397021e+02,1.336512359000131545e+00
2.412769484184429913e+01,0.000000000000000000e+00,1.381429566999999849e+02,6.908474797000000081e+02,5.996666667000000217e+01,2.119490740999999900e+01,2.381825664830000022e+01,0.000000000000000000e+00,3.720881286215697078e-03,3.750972857699595693e+02,1.306642564461925282e+00
2.277347553143970060e+01,2.268364789253120151e+01,1.787462238000000170e+01,2.965215889999999743e-01,7.575000000000000000e+01,3.097685185000000008e+00,3.799111843000000022e+01,1.000000000000000000e+00,2.033353554147745382e-03,4.949232850003434692e+02,1.460083713831677565e+00
2.405545343830860006e+01,0.000000000000000000e+00,1.094118620000000135e+02,8.230147126000000526e+02,3.968333333000000351e+01,1.703564815000000010e+01,2.227259422250000043e+01,0.000000000000000000e+00,2.877325430952894919e-03,7.967255098387129237e+02,1.426726091894195747e+00
2.255199862310239922e+01,3.961991943214660239e+01,1.392590275999999960e+02,6.199348624000000285e+01,6.638333332999999925e+01,-5.376851852000000598e+00,5.426037888919999830e+01,1.000000000000000000e+00,3.331103440767712014e-03,3.428123272035707032e+02,1.360051205191179058e+00
2.071998210978630084e+01,0.000000000000000000e+00,0.000000000000000000e+00,0.000000000000000000e+00,9.249166667000000075e+01,1.352314815000000081e+01,2.246103287000000037e+01,0.000000000000000000e+00,1.960166178210964380e-03,2.562152197575966852e+02,1.500205853844600368e+00
2.098369360622190172e+01,1.125031608821269913e+01,0.000000000000000000e+00,0.000000000000000000e+00,8.379999999999999716e+01,-1.329629629999999896e+00,2.817194606079999986e+01,1.000000000000000000e+00,3.980989538259381393e-03,9.641097605143901319e+02,1.391527119920618061e+00
2.315602222920229991e+01,0.000000000000000000e+00,9.216009155000000064e+00,7.610859641000000408e+01,8.153333333000000493e+01,1.272824074000000039e+01,1.701185025919999916e+01,0.000000000000000000e+00,3.792452195116922161e-03,6.379550726746016380e+02,1.553924745338057134e+00
2.273080580455399868e+01,1.897078213551629844e+01,8.962813156999999364e+01,1.035470059000000020e+02,7.025833332999999925e+01,1.537500000000000089e+00,3.796042507420000334e+01,1.000000000000000000e+00,4.589211031718929724e-03,8.581439905871618521e+02,1.408068364686325902e+00
1.953413110196110125e+01,1.118418647557670020e+01,0.000000000000000000e+00,0.000000000000000000e+00,4.546666667000000217e+01,3.121296296000000137e+00,3.546911412920000117e+01,1.000000000000000000e+00,3.933103681605508439e-03,2.205258736264837012e+02,1.265904262823563275e+00
2.243405942565249944e+01,2.233978704328060161e+01,0.000000000000000000e+00,0.000000000000000000e+00,7.690833333000000493e+01,2.085648148000000202e+00,3.246196175000000039e+01,1.000000000000000000e+00,1.828957099551305112e-03,4.754374631291034348e+02,1.658845701370824210e+00
2.218015835947079850e+01,1.285993432194830000e+01,0.000000000000000000e+00,0.000000000000000000e+00,7.853333333000000493e+01,2.993981481999999694e+00,3.647477338750000087e+01,1.000000000000000000e+00,4.765457007073345234e-03,4.168097776687697547e+02,1.350042796832348735e+00
2.133617134805960092e+01,7.906824689777580240e+00,0.000000000000000000e+00,0.000000000000000000e+00,9.118333332999999641e+01,3.132407407000000088e+00,3.793949773579999629e+01,1.000000000000000000e+00,4.397520004383441775e-03,8.217863931715179433e+02,1.155460598355732449e+00
2.085998637832960156e+01,1.292675658339769917e+01,3.099395944999999983e+02,1.147163462999999979e+02,3.979166666999999791e+01,5.837037037000000872e+00,3.150666297420000106e+01,1.000000000000000000e+00,4.560328131437231536e-03,6.326639149694990465e+02,1.373976360024162124e+00
2.178286245162160029e+01,0.000000000000000000e+00,0.000000000000000000e+00,0.000000000000000000e+00,7.503333333000000493e+01,1.399768519000000033e+01,2.360670141670000177e+01,0.000000000000000000e+00,4.200573063280477193e-03,6.035620449845214353e+02,1.665077878920070864e+00
2.244491859652210053e+01,1.197057422135950056e+01,0.000000000000000000e+00,0.000000000000000000e+00,6.765833333000000493e+01,5.565740740999999936e+00,3.447552287919999969e+01,1.000000000000000000e+00,3.556983455924589421e-03,5.149064796224977272e+02,1.229745831371889420e+00
2.074378895852489890e+01,1.149347852269150039e+00,1.641496112000000096e+02,1.320268246999999917e+02,7.104999999999999716e+01,1.550370369999999909e+01,3.111456778499999842e+01,8.333333330000000649e-02,4.035403111164523673e-03,9.449450227757895391e+02,1.232954553878988557e+00
2.368370017680830131e+01,1.670980048114740102e+00,0.000000000000000000e+00,0.000000000000000000e+00,4.393333333000000351e+01,1.556851851999999958e+01,2.366210393080000074e+01,1.000000000000000000e+00,2.501477181317327252e-03,2.351491962964648792e+02,1.646420240953242242e+00
1.883095208976089907e+01,9.695575034651119140e+00,0.000000000000000000e+00,0.000000000000000000e+00,8.264166667000000643e+01,-3.526388888999999693e+00,3.855906865669999917e+01,1.000000000000000000e+00,4.022111687339970619e-03,8.139380054557117319e+02,1.158297054060309250e+00
1.978462953134309998e+01,4.385484486850930175e+00,0.000000000000000000e+00,0.000000000000000000e+00,4.481666666999999649e+01,4.729166721999999545e+00,1.998135423249999931e+01,1.000000000000000000e+00,1.904598578452526515e-03,8.915313820886420899e+02,1.430779351720190995e+00
2.299167210316209875e+01,7.605502756740909831e+01,9.780337982000000707e+00,1.049097677999999867e+00,9.641666666999999791e+01,4.805092593000000356e+00,5.713239347249999867e+01,1.000000000000000000e+00,1.098791495898551393e-03,4.687530888885591480e+02,1.599730328285910996e+00
1.762253792992610002e+01,6.987111494318050120e+00,0.000000000000000000e+00,0.000000000000000000e+00,5.773333333000000067e+01,6.262500000000000178e+00,2.743490344079999943e+01,1.000000000000000000e+00,3.933103681605508439e-03,2.205258736264837012e+02,1.265904262823563275e+00
2.307200510093040080e+01,0.000000000000000000e+00,0.000000000000000000e+00,0.000000000000000000e+00,5.361666667000000075e+01,1.455925925999999926e+01,2.381614394420000025e+01,0.000000000000000000e+00,3.626854570785204793e-03,7.056542028549665702e+02,1.656238374494611643e+00
2.251700123041110047e+01,6.396203463003470091e+01,1.140180242000000135e+02,7.410228132999999389e+02,5.349166667000000075e+01,9.236111109999999291e-01,4.000178157420000247e+01,1.000000000000000000e+00,1.521309694704948284e-03,9.619197487391453478e+02,1.688268498238188364e+00
1.945490523846070019e+01,5.372264131175769819e+01,0.000000000000000000e+00,0.000000000000000000e+00,7.700000000000000000e+01,2.629629629999999940e-01,3.781138929669999982e+01,1.000000000000000000e+00,1.155524991515096593e-03,6.361041785742959291e+02,1.471076246946815491e+00
2.107038457717940005e+01,3.722764710519719955e+01,2.780346288999999693e+00,6.561285409999999274e+01,4.921666667000000217e+01,1.323148148000000024e+00,4.066092430420000170e+01,1.000000000000000000e+00,1.780496228207607660e-03,9.374944133014782892e+02,1.556415873671770589e+00
2.192573796514560058e+01,4.537890410822660314e+00,0.000000000000000000e+00,0.000000000000000000e+00,3.766666666999999791e+01,-1.004629630000000023e-01,2.833448743079999943e+01,1.000000000000000000e+00,3.305187405624265308e-03,5.958215653069219115e+02,1.452484426114364346e+00
2.256387328754480137e+01,1.776794532499329904e+01,0.000000000000000000e+00,0.000000000000000000e+00,8.929999999999999716e+01,-2.331018519000000122e+00,3.336775805669999784e+01,1.000000000000000000e+00,3.818893360633567567e-03,4.140033219798403934e+02,1.643397411066154223e+00
2.372500428185700017e+01,4.916572587294569807e-01,2.166541700999999875e+01,2.598413949999999772e+01,4.573333333000000067e+01,1.449629630000000091e+01,2.427047653170000174e+01,1.000000000000000000e+00,2.943479578531246060e-03,8.790179046459691108e+02,1.650103628609362438e+00
2.254902414475320072e+01,7.421573861533060423e+00,1.008861029000000116e+02,9.369778185000000121e+02,5.435833333000000067e+01,3.531481481000000144e+00,2.713505649580000068e+01,1.000000000000000000e+00,3.692910695747885289e-03,5.008682373641397021e+02,1.336512359000131545e+00
2.112936165942250000e+01,7.139604541365989654e+00,0.000000000000000000e+00,0.000000000000000000e+00,8.104166666999999791e+01,1.080787036999999984e+01,3.090927404580000015e+01,1.000000000000000000e+00,3.908861491466197186e-03,9.979377182271136917e+02,1.277192807617466119e+00
2.053735569546779871e+01,5.920514777509700011e+00,1.138396429000000012e+02,8.073455512000000454e+02,4.320833333000000209e+01,1.735648148000000113e+00,2.993043190579999902e+01,1.000000000000000000e+00,2.480751048129236930e-03,7.555436036594011284e+02,1.141296077856081226e+00
1.990881246511800029e+01,2.339069055296969957e+00,0.000000000000000000e+00,0.000000000000000000e+00,9.704166666999999791e+01,1.166944443999999947e+01,2.060550601829999806e+01,1.000000000000000000e+00,3.933103681605508439e-03,2.205258736264837012e+02,1.265904262823563275e+00
2.032551278056600097e+01,2.319022234267810134e+01,0.000000000000000000e+00,0.000000000000000000e+00,8.483333333000000209e+01,-8.250925926000000743e+00,4.287625300919999916e+01,1.000000000000000000e+00,4.467911945216101327e-03,4.289573303703366491e+02,1.411238976290160929e+00
1.854749410913879970e+01,5.519252993500580295e+00,0.000000000000000000e+00,0.000000000000000000e+00,6.751805582999999444e+01,9.308410537000000318e+00,1.971814465750000167e+01,1.000000000000000000e+00,4.959133174065540745e-03,4.886642188549444086e+02,1.628542828334496928e+00
2.333462465318330104e+01,3.311194509135390263e+01,9.616885383000000331e+01,2.624529499999999871e+02,5.568333333000000351e+01,-2.465277777999999920e+00,4.352291273080000167e+01,1.000000000000000000e+00,3.545505949466145473e-03,6.545381731578654581e+02,1.626021375337415309e+00
2.629724190821579910e+01,0.000000000000000000e+00,7.520811369999999840e+01,1.964269308000000080e+02,5.608333333000000209e+01,2.024537036999999984e+01,2.465022777829999967e+01,0.000000000000000000e+00,1.768297744725728839e-03,2.256485381283634126e+02,1.140429346216620399e+00
2.438676642979610065e+01,5.038340949882430309e+00,0.000000000000000000e+00,0.000000000000000000e+00,3.483333333000000209e+01,1.176481481000000073e+01,2.693273679670000220e+01,1.000000000000000000e+00,4.725008230840157045e-03,3.022938588508441171e+02,1.398157975574927603e+00
2.038960662348990027e+01,1.331130675976809918e+01,0.000000000000000000e+00,0.000000000000000000e+00,6.621666666999999507e+01,8.096296296000000225e+00,3.354075917170000309e+01,1.000000000000000000e+00,3.382240856490635258e-03,2.031694973061784424e+02,1.403544601008325454e+00
2.369998966226529902e+01,2.731928797172890100e+01,1.107007418999999970e+02,3.967109828999999976e+00,6.737500000000000000e+01,8.861111109999999513e-01,3.866775657419999845e+01,1.000000000000000000e+00,2.442789524484144815e-03,2.896970500762353140e+02,1.563429284289268084e+00
2.086435048823119942e+01,0.000000000000000000e+00,0.000000000000000000e+00,0.000000000000000000e+00,8.756666628000000685e+01,1.020879651000000088e+01,2.140762175920000132e+01,0.000000000000000000e+00,1.090156281269222000e-03,3.532992615353094834e+02,1.160403299921872744e+00
2.481124167545160120e+01,6.116598961489780351e+01,0.000000000000000000e+00,0.000000000000000000e+00,4.498333333000000067e+01,-1.760185185000000097e+00,5.812468273079999648e+01,1.000000000000000000e+00,2.714172264656330644e-03,3.985593213029740127e+02,1.675999889173307444e+00
2.259412341649279909e+01,0.000000000000000000e+00,1.615424478000000192e+02,1.098430733000000004e+02,6.565000000000000568e+01,1.377129630000000127e+01,2.112771944500000032e+01,0.000000000000000000e+00,3.318856420965603758e-03,8.851057054898201386e+02,1.448806695914000242e+00
2.146023797147569923e+01,1.071374865993849994e+02,4.183950659999999822e+00,6.179555057000000851e+00,8.170000000000000284e+01,1.101851850000000049e-01,6.103249185079999961e+01,1.000000000000000000e+00,1.852686693010979421e-03,6.411891464387872475e+02,1.686011303965761599e+00
2.089680206659399886e+01,5.385923839263850255e+01,1.883650441999999714e+02,2.575504271000000145e+01,8.259999999999999432e+01,-7.037037037000000161e+00,6.016101601919999808e+01,1.000000000000000000e+00,3.758453000271033771e-03,4.473640411598214541e+02,1.476736912955328052e+00
2.286733200168830038e+01,3.095478185600319954e+00,1.280698399999999992e+02,7.836474392000001217e+02,7.146666666999999507e+01,1.325601851999999958e+01,2.415638717670000091e+01,1.000000000000000000e+00,2.591851139061634654e-03,2.120059135761195819e+02,1.666490609641185117e+00
2.175600532315689861e+01,1.882250380034570014e+01,0.000000000000000000e+00,0.000000000000000000e+00,6.697499999999999432e+01,-5.824074080000000153e-01,3.155699006000000040e+01,1.000000000000000000e+00,2.533280916092779493e-03,7.517561770351624091e+02,1.613388892429888255e+00
1.775405289754170113e+01,0.000000000000000000e+00,0.000000000000000000e+00,0.000000000000000000e+00,9.970000000000000284e+01,-1.254166667000000013e+00,1.775985787420000150e+01,0.000000000000000000e+00,2.785665157813519734e-03,2.514835542238776043e+02,1.567465250108300179e+00
1.814514106576190144e+01,0.000000000000000000e+00,0.000000000000000000e+00,0.000000000000000000e+00,9.956666667000000359e+01,-1.923611111000000040e+00,1.727849699500000114e+01,0.000000000000000000e+00,4.414306590662149185e-03,3.197016379205737167e+02,1.719682851744730012e+00
2.033649252794209872e+01,1.390138317696129988e+01,5.764909473000000162e+01,8.242022143999998889e+02,4.022500000000000142e+01,1.093518519000000078e+00,3.720456250499999840e+01,1.000000000000000000e+00,4.522005612680179976e-03,7.010063879799633924e+02,1.138416339744978023e+00
2.185548450434999879e+01,2.453922368093749995e+01,0.000000000000000000e+00,0.000000000000000000e+00,8.315476293000000396e+01,-2.463624389000000026e+00,3.591208836999999932e+01,1.000000000000000000e+00,2.368555520777655861e-03,8.643094881002106149e+02,1.582840108893504460e+00
1.911653898676360086e+01,7.581890970159509635e+00,0.000000000000000000e+00,0.000000000000000000e+00,5.160833333000000067e+01,3.739351851999999976e+00,3.198763791580000060e+01,1.000000000000000000e+00,3.118941268527925664e-03,5.250774763648973931e+02,1.219884274676866998e+00
1.867748208828179912e+01,1.664557396681550117e+01,0.000000000000000000e+00,0.000000000000000000e+00,8.652500000000000568e+01,-1.312962962999999927e+00,4.041409833419999842e+01,1.000000000000000000e+00,2.513723456494702975e-03,4.550706166662036480e+02,1.240416988192909908e+00
2.181286061823550071e+01,7.421367463393309549e+01,1.207876902000000001e+02,2.440893344999999925e+01,6.757500000000000284e+01,-8.130092592000000451e+00,6.553308319500000323e+01,1.000000000000000000e+00,1.615534437773148745e-03,9.285034423056571313e+02,1.491288035861017658e+00
2.040309198997389828e+01,8.700197898892360726e+00,0.000000000000000000e+00,0.000000000000000000e+00,5.508333333000000209e+01,-3.774074073999999612e+00,2.947296316750000145e+01,1.000000000000000000e+00,3.062870993003629499e-03,3.923102495552407163e+02,1.250325318155250276e+00
2.226929394760839998e+01,2.375638675174379877e+00,8.227078100999999322e+01,1.410757749999999866e-01,9.772499999999999432e+01,1.016574074000000039e+01,3.096401842499999901e+01,1.666666666999999935e-01,4.675075241475760285e-03,5.411939666486774740e+02,1.167617160498187534e+00
1.862405016023310012e+01,1.084055327070280050e+01,0.000000000000000000e+00,0.000000000000000000e+00,8.350833332999999925e+01,-2.700462963000000105e+00,4.044384694499999711e+01,1.000000000000000000e+00,4.675075241475760285e-03,5.411939666486774740e+02,1.167617160498187534e+00
2.399871956406920148e+01,5.964413660951689566e-01,1.202350017999999920e+02,8.349713665000000447e+02,4.373333333000000067e+01,1.127777777999999920e+01,2.219492731000000063e+01,1.000000000000000000e+00,4.959133174065540745e-03,4.886642188549444086e+02,1.628542828334496928e+00
2.134213151325069902e+01,2.270190890877200118e+01,8.120563117000000375e+01,9.865248370000000433e-01,7.351666667000000643e+01,1.851388814999999965e+00,3.867405717999999837e+01,1.000000000000000000e+00,4.765457007073345234e-03,4.168097776687697547e+02,1.350042796832348735e+00
2.510423361198530046e+01,1.724981927449819874e-01,6.664816627999999810e+01,7.455064022999998770e+02,2.880833332999999996e+01,1.370324074000000003e+01,2.246307453749999894e+01,1.000000000000000000e+00,4.715213892237987703e-03,3.046088599160056560e+02,1.152477235267045375e+00
2.155969834316400124e+01,6.746249356555189536e+01,4.484736568999999662e+01,5.766962329000000409e+02,6.779166666999999791e+01,-7.438425925999999855e+00,6.233992874919999849e+01,1.000000000000000000e+00,4.243003694845223425e-03,9.153183487950764174e+02,1.457230775489337882e+00
2.065301190141559928e+01,1.646906930549409953e+00,0.000000000000000000e+00,0.000000000000000000e+00,7.025833332999999925e+01,4.130555556000000017e+00,1.866258597170000044e+01,1.000000000000000000e+00,2.388823211401294895e-03,7.698197341928917012e+02,1.169725440278085671e+00
1.930144747491780066e+01,1.725226408133420009e+01,1.301425175999999908e+02,5.921010242999999491e+02,6.679999999999999716e+01,-8.416203703999999064e+00,4.253093550999999906e+01,1.000000000000000000e+00,4.022111687339970619e-03,8.139380054557117319e+02,1.158297054060309250e+00
2.150674108539429952e+01,0.000000000000000000e+00,0.000000000000000000e+00,0.000000000000000000e+00,8.850833332999999925e+01,1.343240740999999971e+01,2.390934259249999982e+01,0.000000000000000000e+00,3.062870993003629499e-03,3.923102495552407163e+02,1.250325318155250276e+00
2.341260030421920035e+01,3.021363624974570072e+01,1.896228519999999946e+02,4.392235630999999785e+01,6.364999999999999858e+01,8.888888899999999871e-02,4.165328986080000107e+01,1.000000000000000000e+00,4.414306590662149185e-03,3.197016379205737167e+02,1.719682851744730012e+00
1.742604070647540127e+01,1.317497170517740024e+01,2.564760984000000121e+02,4.576736728000000198e+01,6.481666667000000359e+01,-3.474537036999999717e+00,3.697694307500000122e+01,1.000000000000000000e+00,3.239433653862683945e-03,2.229393052462047820e+02,1.247188226938644950e+00
2.238013695972599848e+01,1.978046725077190038e+00,0.000000000000000000e+00,0.000000000000000000e+00,5.194166666999999649e+01,1.061990740999999971e+01,2.190098823170000131e+01,1.000000000000000000e+00,1.702125327372088718e-03,4.120044707584809203e+02,1.165548891586128288e+00
2.202977567232260014e+01,2.039069916292639917e+01,0.000000000000000000e+00,0.000000000000000000e+00,5.676666666999999933e+01,2.219444444000000072e+00,3.576042841169999775e+01,1.000000000000000000e+00,4.351782950096502560e-03,3.365218062226289817e+02,1.619695114264636304e+00
