# iwNorthAvgTemp,heatEnergy,diffuse solar w/m2,direct solar w/m2,OAH %,OAT C,Mull SWT C,Heat Mode,mullInsulationThickness,mullMetalConductivity,intMass,mullSurfaceArea,elecEquipDensityLow,elecEquipDensityHigh,infilRate
2.562094107741620164e+01,0.000000000000000000e+00,2.383020764000000042e+02,5.390283821999999958e+01,4.515833332999999783e+01,1.828472221999999903e+01,2.328794913329999972e+01,0.000000000000000000e+00,9.577415426658987541e-02,1.443747899671303685e+02,2.666880292711653055e+02,1.683835442926175041e+00,7.536707817508647267e+00,4.130580214837499398e+01,2.655521430510329184e-01
2.268248154196430022e+01,7.063994085237600196e+00,0.000000000000000000e+00,0.000000000000000000e+00,8.420000000000000284e+01,2.985185185000000185e+00,3.706948423499999734e+01,1.000000000000000000e+00,9.105911746781485128e-02,7.300029960346608959e+01,3.742724438159638112e+02,1.384576681619444694e+00,1.261400277394273672e+01,2.939470090606123875e+01,1.669948067052226537e-01
2.138584863819779969e+01,1.188016883764199960e+01,0.000000000000000000e+00,0.000000000000000000e+00,9.075000000000000000e+01,-2.998611111000000218e+00,4.111676694420000189e+01,1.000000000000000000e+00,8.869710130739943965e-02,1.410478959798466576e+02,2.501742219605962134e+02,1.471041423261382430e+00,1.724033209042147163e+01,2.242534020030747399e+01,1.187887882474059631e-01
2.412096799885659948e+01,4.820592590977000214e+00,0.000000000000000000e+00,0.000000000000000000e+00,9.998333332999999357e+01,9.857407408000000260e+00,3.044665766670000195e+01,1.000000000000000000e+00,9.319588734480892256e-02,3.622314591025563573e+02,2.579617562037149128e+02,1.716453494124464019e+00,1.623741040035459093e+01,2.769412117148975128e+01,8.930765425530343138e-02
2.444701893463900078e+01,4.962357399678220204e+00,0.000000000000000000e+00,0.000000000000000000e+00,7.855833332999999641e+01,9.706944444999999533e+00,3.406144488920000413e+01,1.000000000000000000e+00,5.630245448112675133e-02,3.836433862366549192e+02,6.928600535173891330e+02,1.381317841633938226e+00,1.700713816010468804e+01,4.396624093007097400e+01,1.631176106035626960e-02
2.246449435921229920e+01,0.000000000000000000e+00,0.000000000000000000e+00,0.000000000000000000e+00,9.974166667000000075e+01,1.025648147999999971e+01,2.378843424000000084e+01,0.000000000000000000e+00,1.954204750329082210e-02,3.282167090809770116e+02,6.512103974697550939e+02,1.227771807839877383e+00,6.884007517967824619e+00,3.832275828765875758e+01,9.983504774910582913e-02
2.381801882740380094e+01,1.650444195381900059e+01,2.003125406999999925e+01,2.218645228000000191e+00,6.966666666999999791e+01,8.499999999999999778e-01,4.264599671250000057e+01,1.000000000000000000e+00,6.871774376897206438e-02,3.979019144153724028e+02,2.810984453125160485e+02,1.415358131435730193e+00,6.860758004231428231e+00,3.722298735818681337e+01,2.985093768504505918e-01
2.279798912614790041e+01,7.621196613076789639e+00,0.000000000000000000e+00,0.000000000000000000e+00,6.085833333000000067e+01,8.796296295999999515e+00,2.798996893079999992e+01,1.000000000000000000e+00,7.580097972095167433e-03,1.884671618242002751e+02,5.635477606074257437e+02,1.658406166167734952e+00,1.106650650444476547e+01,3.999338831574142006e+01,2.797392348781208016e-01
2.234291830304210080e+01,4.044984267539219580e+00,0.000000000000000000e+00,0.000000000000000000e+00,7.715833333000000493e+01,2.906944443999999628e+00,3.614031637499999761e+01,1.000000000000000000e+00,4.268828951334259492e-02,6.286283089384036060e+01,8.900118344003944912e+02,1.178819946063965673e+00,7.984175007574536131e+00,3.894633440063413587e+01,1.096045520504817933e-01
2.111914979899329836e+01,3.363412664672409846e+01,0.000000000000000000e+00,0.000000000000000000e+00,9.091666666999999791e+01,-1.791203703999999952e+00,5.930681004750000085e+01,1.000000000000000000e+00,8.252295730576854338e-02,1.349596111214444250e+02,6.748222269799000514e+02,1.251059116950814509e+00,1.274629303936836067e+01,4.607975285032037505e+01,1.061922332550159637e-01
2.356010945908100140e+01,9.653853212542649942e+00,6.703989151000000390e+01,9.000874720000000551e-01,9.815000000000000568e+01,7.945833332999999499e+00,3.416957431000000156e+01,1.000000000000000000e+00,5.733483094271387553e-02,9.994595984057825433e+01,8.619057059389213009e+02,1.668103643021956906e+00,9.072407551815416582e+00,3.841114543156106720e+01,2.731079447601227339e-01
2.585625614086080049e+01,8.410471129689890191e+00,4.119960054999999954e+00,7.552038119999999743e-01,9.901666667000000643e+01,8.457407406999999822e+00,3.443598222250000163e+01,1.000000000000000000e+00,9.319588734480892256e-02,3.622314591025563573e+02,2.579617562037149128e+02,1.716453494124464019e+00,1.623741040035459093e+01,2.769412117148975128e+01,8.930765425530343138e-02
2.235420059447659824e+01,1.135882060776109981e+01,4.387961966999999674e+01,3.321112799999999948e-02,4.721666667000000217e+01,4.099074073999999790e+00,3.545858395749999659e+01,1.000000000000000000e+00,6.409382474765912274e-02,2.926576953911632017e+02,5.384985793001173988e+02,1.211161773898333349e+00,2.082838533898512878e+01,3.051750129719806992e+01,1.768313232283902636e-01
2.420743450983480116e+01,0.000000000000000000e+00,1.359628455000000145e+02,8.936793148000000429e+02,5.070833333000000209e+01,1.459398148000000006e+01,2.212031692249999892e+01,0.000000000000000000e+00,1.054416448262788034e-02,1.785824116346647656e+02,4.004654771548209737e+02,1.357070940894057554e+00,1.717482723374057940e+01,2.623937293888605993e+01,2.861558099278012635e-01
2.297234856725820151e+01,1.701423698328279954e+01,0.000000000000000000e+00,0.000000000000000000e+00,8.967499999999999716e+01,3.940277778000000009e+00,3.209895649500000303e+01,1.000000000000000000e+00,2.463125107272843423e-03,1.721491201539522251e+02,7.877339315595929747e+02,1.600044318544052935e+00,1.800555666104752817e+01,3.856346735800493519e+01,2.079543928069315373e-01
2.312404983444899997e+01,0.000000000000000000e+00,1.113270599000000232e+02,1.964786852000000010e+02,6.651666667000000643e+01,1.818425926000000103e+01,2.478004483420000170e+01,0.000000000000000000e+00,1.478745473416216445e-03,3.080300052724997499e+02,3.669938171515789804e+02,1.283775101182363709e+00,8.920755341989670129e+00,2.384672297950774222e+01,2.434643221823880668e-02
2.071168606000379953e+01,4.204027499330139861e+00,0.000000000000000000e+00,0.000000000000000000e+00,5.317499999999999716e+01,-4.225462963000000016e+00,2.268216369829999834e+01,1.000000000000000000e+00,4.021338733370220797e-02,3.963829620293230960e+02,5.583659899782452385e+02,1.222363185824097531e+00,2.007187748332129829e+01,4.011633433500955448e+01,2.106232775179704975e-01
2.433820658817539950e+01,0.000000000000000000e+00,0.000000000000000000e+00,0.000000000000000000e+00,4.245833333000000209e+01,1.630416667000000075e+01,2.387654994420000065e+01,0.000000000000000000e+00,2.903932588922067057e-02,2.353135776072170700e+02,6.372041709260838616e+02,1.230276439155143064e+00,2.088848042370910107e+01,4.498666773858160184e+01,8.656025831008733185e-02
2.258583482114629959e+01,1.546709036288769923e+01,0.000000000000000000e+00,0.000000000000000000e+00,8.483333333000000209e+01,-8.250925926000000743e+00,4.287625300919999916e+01,1.000000000000000000e+00,2.091482165130597454e-02,3.007797054996864858e+02,7.861965919554331776e+02,1.474238368517433617e+00,8.347883664123747494e+00,2.158535552966576532e+01,3.745145571091756942e-02
2.275646958700649947e+01,7.469172596973300271e-01,8.574429087000000393e+00,1.486643165000000089e+01,5.164999999999999858e+01,1.215462963000000052e+01,2.293774833830000048e+01,1.000000000000000000e+00,6.624098184551104052e-02,1.450858267058262641e+02,8.818608915831875947e+02,1.206866014956048394e+00,2.328270617664516706e+01,2.006828747070973407e+01,1.785017105842478247e-01
2.388340241580539924e+01,2.292911939218879880e+01,7.161706197000000884e+00,9.380391351000000100e+01,4.309166667000000217e+01,-7.773148149999999923e-01,5.033448939830000057e+01,1.000000000000000000e+00,6.490140295964483275e-02,3.197173422383818320e+02,6.005731767005488564e+02,1.487926493508112902e+00,2.271465531532082238e+01,4.787499678323597152e+01,9.215641292586204680e-02
2.273298169898070142e+01,8.668229550936709771e+00,9.629120629999999847e-01,1.298632475999999869e+00,4.998333333000000067e+01,4.098148147999999935e+00,4.297096555579999944e+01,1.000000000000000000e+00,8.287491879685074392e-02,2.673777722591679549e+02,3.724951032013847225e+02,1.218222087413627808e+00,2.155755576253772432e+01,3.146704521672086230e+01,4.121589724948358791e-02
2.308483063438719896e+01,0.000000000000000000e+00,0.000000000000000000e+00,0.000000000000000000e+00,7.695000000000000284e+01,1.536111110999999951e+01,2.397532936920000068e+01,0.000000000000000000e+00,9.569700866938646300e-02,2.962990637726338718e+02,7.211803147668911151e+02,1.468794617567019900e+00,1.074722250048554884e+01,2.300984278125367055e+01,9.453229648248634431e-02
2.271776970679740160e+01,8.655083531869230740e+00,0.000000000000000000e+00,0.000000000000000000e+00,9.337500000000000000e+01,2.086111111000000129e+00,3.435996518999999694e+01,1.000000000000000000e+00,9.128102271965603254e-02,1.402906870464186113e+02,4.301072272376629826e+02,1.702243628354157989e+00,2.001442681172560256e+01,2.880976278342313179e+01,1.742613531914101455e-01
2.311383354847080085e+01,1.103148663060430046e+01,8.215280717999999638e+01,5.446761347999998861e+02,9.317499999999999716e+01,1.150416667000000004e+01,3.368826867579999629e+01,1.000000000000000000e+00,2.289231385808376124e-02,3.437276263206556450e+02,8.986435891123514921e+02,1.317776957160686990e+00,7.038777429281830145e+00,4.307646791256821928e+01,6.309196594446807305e-02
2.439679457164389831e+01,1.828580080950800024e+01,7.268512735000000191e+01,6.930906780000000156e-01,8.818333332999999641e+01,3.645370371000000276e+00,4.105411356420000146e+01,1.000000000000000000e+00,2.826560797806109554e-02,3.900474872026716753e+02,4.711912775927344228e+02,1.527624290480592784e+00,5.452728127255202395e+00,2.801777534710100781e+01,2.113116482463419932e-01
2.310078666119759916e+01,1.764373780576390160e+01,1.011330130000000054e+02,1.825584003999999823e+02,7.704999999999999716e+01,1.408472221999999974e+01,4.255406837329999803e+01,1.000000000000000000e+00,2.009516730645962562e-02,1.419411502782606362e+02,9.539419409263041416e+02,1.591583037958784530e+00,2.049382960141797128e+01,3.296611862892606837e+01,4.470169664380439084e-02
2.292742193908929949e+01,1.577868498101899952e+01,0.000000000000000000e+00,0.000000000000000000e+00,6.292499999999999716e+01,-4.209259258999999531e+00,3.793073541500000090e+01,1.000000000000000000e+00,6.288861610548253205e-03,9.727638957359812366e+01,6.648686867768064985e+02,1.260942759918788569e+00,1.764252807399548573e+01,3.614950816513937326e+01,1.429484474693424323e-01
2.439103368350779988e+01,1.591749199516000068e+01,0.000000000000000000e+00,0.000000000000000000e+00,9.738333332999999925e+01,1.400462963000000061e+00,4.473503777670000403e+01,1.000000000000000000e+00,8.673399011883044241e-02,2.498413382341755664e+02,4.732355243711289177e+02,1.618278751169665020e+00,1.892485454374157783e+01,3.861676330752999320e+01,1.057900576801856611e-02
2.214653372458339931e+01,2.441416877754589987e-01,0.000000000000000000e+00,0.000000000000000000e+00,9.704166666999999791e+01,1.166944443999999947e+01,2.060550601829999806e+01,1.000000000000000000e+00,4.451791184764772313e-02,1.077477815889074293e+02,7.734330583853599137e+02,1.412556617801647540e+00,1.216279370747973232e+01,2.259524098439582573e+01,1.056790958604028469e-01
2.060802079266650111e+01,3.501387140880989790e+00,0.000000000000000000e+00,0.000000000000000000e+00,9.704999999999999716e+01,1.088749999999999929e+01,2.008544670000000210e+01,1.000000000000000000e+00,2.463125107272843423e-03,1.721491201539522251e+02,7.877339315595929747e+02,1.600044318544052935e+00,1.800555666104752817e+01,3.856346735800493519e+01,2.079543928069315373e-01
2.231318491226850043e+01,7.192600877869240072e+00,0.000000000000000000e+00,0.000000000000000000e+00,9.154166666999999791e+01,3.716203703999999775e+00,3.412195020920000132e+01,1.000000000000000000e+00,4.582534515762764354e-02,2.043573481139018213e+02,7.178046195087830483e+02,1.486094739643228912e+00,1.420614508987280544e+01,2.671063033062619851e+01,2.717503048016247647e-01
2.400650260146129966e+01,3.296488772252569976e+00,2.456932723999999979e+01,1.494318553000000049e+00,9.867499999999999716e+01,1.063009259000000029e+01,3.242569954580000058e+01,1.000000000000000000e+00,1.015053758039905635e-02,1.094507661703765109e+02,8.281794851814273670e+02,1.690613789590220684e+00,1.402920449239029743e+01,3.908181440084582903e+01,4.643016271001185191e-02
2.487403374495929853e+01,0.000000000000000000e+00,1.685296428000000049e+02,6.309478397999998833e+02,4.899166667000000075e+01,2.398888888999999836e+01,2.442485279670000153e+01,0.000000000000000000e+00,2.178089956486235074e-02,1.339545260130148563e+02,7.281333623194111624e+02,1.501309738266016325e+00,8.437548162409818531e+00,4.620471607487900201e+01,2.943746854200501306e-01
2.232173861556260164e+01,2.275529266231020031e+01,1.468581351999999924e+02,2.027776211000000117e+01,5.517499999999999716e+01,4.944444450000000102e-01,4.097784171420000376e+01,1.000000000000000000e+00,1.070402248993484323e-02,3.370463586820306432e+02,8.117556246843201961e+02,1.533732446229841839e+00,7.892352860283812888e+00,2.424875138948029019e+01,2.446146236000326379e-01
2.275311352082420058e+01,3.965737028999780089e-01,0.000000000000000000e+00,0.000000000000000000e+00,9.209999999999999432e+01,7.271759258999999531e+00,2.079646712999999991e+01,1.000000000000000000e+00,8.565033858563667057e-02,9.783105544880126558e+01,4.821878075209462509e+02,1.150460264745355010e+00,2.472930463730534356e+01,4.870209528345847616e+01,1.809703319680296685e-01
2.585586234345399959e+01,0.000000000000000000e+00,2.857599318000000039e+02,4.108589601000000471e+02,6.706666667000000359e+01,1.741481482000000014e+01,2.356162403579999776e+01,0.000000000000000000e+00,9.504368252017733609e-02,2.545687476012982415e+02,6.556988218503715871e+02,1.259202555780701394e+00,1.450602065213971592e+01,4.207677045179504205e+01,1.972220099164896934e-01
2.222616039519089881e+01,8.357813531357919601e+00,0.000000000000000000e+00,0.000000000000000000e+00,9.154166666999999791e+01,3.716203703999999775e+00,3.412195020920000132e+01,1.000000000000000000e+00,3.968754655093605088e-02,9.314931500185670643e+01,9.613140859915885130e+02,1.589155979036307675e+00,1.576748551949583366e+01,3.763815289127197872e+01,1.588663949247124951e-01
2.128521319061499995e+01,3.893571182922020313e+01,0.000000000000000000e+00,0.000000000000000000e+00,7.479999999999999716e+01,5.643981480999999967e+00,5.518039986080000148e+01,1.000000000000000000e+00,1.054416448262788034e-02,1.785824116346647656e+02,4.004654771548209737e+02,1.357070940894057554e+00,1.717482723374057940e+01,2.623937293888605993e+01,2.861558099278012635e-01
2.227563980890629836e+01,1.047588777919819947e+01,0.000000000000000000e+00,0.000000000000000000e+00,4.695833333000000209e+01,-1.465277778000000142e+00,3.778346655080000005e+01,1.000000000000000000e+00,7.369751415466663236e-02,1.722928499579633126e+02,7.445842656513451630e+02,1.246781619955513731e+00,9.404822813790355340e+00,4.692303133898644063e+01,1.879026329650580474e-01
2.319770967337939993e+01,1.400322906406920076e+01,1.115526755999999953e+00,3.476398045999999908e+01,5.289166666999999933e+01,-3.792592593000000178e+00,4.419482870329999713e+01,1.000000000000000000e+00,7.917850123717076749e-02,2.791992461192202200e+02,2.052454528092858084e+02,1.525463497899144594e+00,1.557562990021516391e+01,2.941607119077955446e+01,6.140705441438460560e-02
2.083059395826899873e+01,1.273262274654300086e+01,5.752381582999999132e+00,7.324327670000000401e-01,7.745000000000000284e+01,-2.020370370000000193e+00,3.777399711830000228e+01,1.000000000000000000e+00,5.843545922070898097e-02,3.595197858542629774e+02,2.783952633824419536e+02,1.629677686034266326e+00,1.634592905154546827e+01,3.342293205497279018e+01,2.481120771013658466e-01
2.347402875006070033e+01,7.260563273593150235e-01,0.000000000000000000e+00,0.000000000000000000e+00,6.046666667000000217e+01,6.045833332999999143e+00,2.111502327420000213e+01,1.000000000000000000e+00,6.523311912923035472e-02,2.148634922449419662e+02,9.280822422770891080e+02,1.645994509609759682e+00,6.087315163600947265e+00,4.825924302182244219e+01,2.953659615601137989e-01
2.797041921360520078e+01,5.276397932767100230e+00,0.000000000000000000e+00,0.000000000000000000e+00,6.713333332999999925e+01,1.876249999999999929e+01,2.286571990750000083e+01,0.000000000000000000e+00,8.673399011883044241e-02,2.498413382341755664e+02,4.732355243711289177e+02,1.618278751169665020e+00,1.892485454374157783e+01,3.861676330752999320e+01,1.057900576801856611e-02
2.062971710649240009e+01,3.070707226103860066e+01,2.157672440999999885e+00,5.632625929999999226e-01,7.318333332999999641e+01,7.687500000000000000e+00,5.036335300919999725e+01,1.000000000000000000e+00,5.938857041463258685e-03,2.134990027064481524e+02,3.076338556758843765e+02,1.553928925126493610e+00,2.105458485830675031e+01,3.961390267050296643e+01,1.997400458485930064e-01
2.420952050965789937e+01,0.000000000000000000e+00,2.233478321999999707e+02,8.494460100999999952e+01,6.102499999999999858e+01,1.585925925999999997e+01,2.265663173579999778e+01,0.000000000000000000e+00,2.463125107272843423e-03,1.721491201539522251e+02,7.877339315595929747e+02,1.600044318544052935e+00,1.800555666104752817e+01,3.856346735800493519e+01,2.079543928069315373e-01
2.261987079488270069e+01,7.777951867926719665e+00,0.000000000000000000e+00,0.000000000000000000e+00,8.815833333000000493e+01,7.226388888999999871e+00,2.822120387920000084e+01,1.000000000000000000e+00,8.894585349899598870e-03,1.227027707919699822e+02,6.829614891989198213e+02,1.685966219902022889e+00,7.177401380914382401e+00,4.806430060113166292e+01,1.857465057479077697e-01
2.393858234826139864e+01,1.986995568855590122e+01,1.695122925999999950e+02,6.134909435000000144e+01,6.879999999999999716e+01,-8.795370370000000548e+00,4.022398610169999955e+01,1.000000000000000000e+00,3.367865688120016965e-02,2.299311954147354129e+02,2.432538778613439376e+02,1.340487134388572255e+00,9.808785327774870666e+00,3.256296847111619996e+01,5.543410427647415400e-02
2.218164947587860070e+01,7.936371329769640326e+00,0.000000000000000000e+00,0.000000000000000000e+00,8.479999999999999716e+01,2.097222222000000080e+00,3.829729458250000107e+01,1.000000000000000000e+00,4.429256843784427217e-03,3.286153547904376637e+02,9.137689685603314729e+02,1.154606069270817104e+00,2.197498103000210889e+01,3.217946268994812442e+01,1.706724409419790589e-01
2.455840481980250090e+01,1.225642504996589999e+00,1.269127533000000057e+02,3.863302934000000164e+02,5.895000000000000284e+01,1.385787037000000055e+01,2.263579768500000000e+01,1.000000000000000000e+00,8.287491879685074392e-02,2.673777722591679549e+02,3.724951032013847225e+02,1.218222087413627808e+00,2.155755576253772432e+01,3.146704521672086230e+01,4.121589724948358791e-02
2.685139701398500023e+01,0.000000000000000000e+00,0.000000000000000000e+00,0.000000000000000000e+00,5.086666667000000075e+01,1.039444443999999912e+01,2.299980423999999957e+01,0.000000000000000000e+00,8.392094266287773718e-02,2.777726914006570951e+02,3.055614273184867784e+02,1.359222999024013667e+00,1.872793827457250160e+01,4.312182014874952074e+01,1.019615663679273310e-01
2.656793735270559864e+01,0.000000000000000000e+00,1.308742273999999952e+02,7.161678262999998879e+02,5.789166666999999933e+01,1.963101852000000136e+01,2.312182266670000175e+01,0.000000000000000000e+00,9.017675003420581870e-02,3.499189705864433222e+02,2.853480420625884335e+02,1.479575871236201490e+00,8.185596632460828914e+00,4.654029623551808470e+01,2.260592901915627340e-01
2.066303722731930037e+01,5.658373585356540225e+00,9.567705675999999926e+01,9.017307190000000139e-01,8.314166667000000643e+01,5.823148147999999580e+00,2.130249465580000034e+01,1.000000000000000000e+00,1.478745473416216445e-03,3.080300052724997499e+02,3.669938171515789804e+02,1.283775101182363709e+00,8.920755341989670129e+00,2.384672297950774222e+01,2.434643221823880668e-02
2.374766590350629869e+01,1.616417334106219883e+01,1.217879087999999967e+02,4.042167560000000037e+01,7.318333332999999641e+01,-2.118981481999999694e+00,4.309878736079999584e+01,1.000000000000000000e+00,3.477170461624532610e-02,3.930025210777232019e+02,9.560817197000250189e+02,1.311424624687250517e+00,2.333515700409902394e+01,4.236941466385829358e+01,2.237953368786586017e-01
2.244389008958560083e+01,8.361784456648420516e+00,4.200043671000000245e+01,8.627778622999999314e+00,7.397499999999999432e+01,8.441203703999999419e+00,3.387592111579999710e+01,1.000000000000000000e+00,4.354826765011315243e-02,3.813558266370421279e+02,9.872001291523611144e+02,1.188500242699969567e+00,1.563493889904569301e+01,3.046396514647616272e+01,9.544220098504788141e-02
2.275692722235280030e+01,0.000000000000000000e+00,0.000000000000000000e+00,0.000000000000000000e+00,8.159999999999999432e+01,1.183796296000000048e+01,2.334296041079999995e+01,0.000000000000000000e+00,8.328951201661881354e-02,1.942944586359782591e+02,9.753498598747484039e+02,1.306309143503565862e+00,1.692605435564292549e+01,4.961462829098122995e+01,4.987971162646564344e-02
2.332828595820580020e+01,1.614040013096279935e+01,3.738876986999999730e+01,1.880504073000000176e+02,5.724166667000000075e+01,1.827314815000000037e+00,3.826076758749999840e+01,1.000000000000000000e+00,1.942357076168656910e-02,1.916705883370163122e+02,9.485950462696770273e+02,1.570937780514877424e+00,8.235054988776919771e+00,3.635856406709815758e+01,2.547366351376310067e-01
2.363635959464360070e+01,0.000000000000000000e+00,1.850719794999999834e+01,6.054832668999999612e+00,8.250833332999999925e+01,1.590648148000000006e+01,2.355846990750000103e+01,0.000000000000000000e+00,5.067074761979323272e-02,2.622396486691727659e+02,6.197446227800742236e+02,1.601547265977033341e+00,5.516489031297015622e+00,3.411745998138248837e+01,2.265718108345370629e-01
2.755105156368750130e+01,0.000000000000000000e+00,7.424834676000000577e+00,1.579548843999999974e+02,4.118333333000000351e+01,1.472175926000000068e+01,2.250919907420000143e+01,0.000000000000000000e+00,8.617369857664682053e-02,3.504169962038569679e+02,5.147890858440287047e+02,1.569900803327681338e+00,2.214751532876351803e+01,4.142051135340761903e+01,1.232000000919925981e-01
2.567969160966519837e+01,1.083508257369559935e+01,1.648739476000000082e+02,6.837441165999999839e+02,5.829999999999999716e+01,2.530092593000000001e+00,3.763715490170000066e+01,1.000000000000000000e+00,4.092109490178406916e-02,8.181711669516825225e+01,2.544930792943736151e+02,1.711102525363011662e+00,2.308157545011795975e+01,2.979828775486045345e+01,8.198323945429544790e-02
2.456199678712509993e+01,0.000000000000000000e+00,0.000000000000000000e+00,0.000000000000000000e+00,7.254999999999999716e+01,1.645601852000000065e+01,2.389387314829999909e+01,0.000000000000000000e+00,7.615320055626796647e-02,3.317691927870245650e+02,3.865384208184302679e+02,1.275377397271153956e+00,1.258383439225960210e+01,2.554762168105963482e+01,2.721857309060342067e-01
2.294851084772280103e+01,7.330924349382119676e-01,0.000000000000000000e+00,0.000000000000000000e+00,7.700833332999999925e+01,1.046527777999999920e+01,2.198917289079999904e+01,1.000000000000000000e+00,2.243698379324969919e-02,2.184388231483130198e+02,7.431623282859450228e+02,1.203758350815120171e+00,1.737977290833993393e+01,4.129108181268188105e+01,2.198081498584992799e-01
2.236072242847840030e+01,0.000000000000000000e+00,2.422070757999999842e+02,4.157813248000000073e+01,5.508333333000000209e+01,9.988425925999999677e+00,2.126858586670000051e+01,0.000000000000000000e+00,1.070402248993484323e-02,3.370463586820306432e+02,8.117556246843201961e+02,1.533732446229841839e+00,7.892352860283812888e+00,2.424875138948029019e+01,2.446146236000326379e-01
2.455767863201809931e+01,2.140795750946730136e-01,0.000000000000000000e+00,0.000000000000000000e+00,5.406666666999999649e+01,1.088564814999999975e+01,2.269752851499999835e+01,1.000000000000000000e+00,5.580154717760445193e-02,1.642584120888103030e+02,4.438486382450139445e+02,1.576075332591445832e+00,1.748216457514576661e+01,2.235003615330964877e+01,2.284284324109979170e-01
1.903700583449019845e+01,7.749828798676370312e+00,0.000000000000000000e+00,0.000000000000000000e+00,8.729999999999999716e+01,3.833333329999999428e-01,2.970574164419999974e+01,1.000000000000000000e+00,1.574039217244423139e-02,8.629342699741140166e+01,4.083868102813959240e+02,1.420884932808945234e+00,1.311268058454128216e+01,2.515650238299966190e+01,1.434681320983667019e-01
2.225594798874340086e+01,1.628317588436160079e+01,0.000000000000000000e+00,0.000000000000000000e+00,7.230833332999999641e+01,-1.174629630000000091e+01,4.716175287000000083e+01,1.000000000000000000e+00,8.898960111354706215e-02,2.271027300764389736e+02,6.227016633934490528e+02,1.489184522773942865e+00,1.904042297968517516e+01,2.691437862931702796e+01,1.816665583963018582e-01
2.321236080894830067e+01,0.000000000000000000e+00,0.000000000000000000e+00,0.000000000000000000e+00,9.121666666999999507e+01,8.006481480999999789e+00,2.171032731500000068e+01,0.000000000000000000e+00,6.696835026741254637e-02,2.698491787836948106e+02,4.503748212198375995e+02,1.611253119505373643e+00,9.170685599707086411e+00,4.748562473557964836e+01,2.697857139168742258e-01
2.272349936980929996e+01,1.429595449654349970e+01,0.000000000000000000e+00,0.000000000000000000e+00,8.306666667000000359e+01,1.717592593000000223e+00,3.473589300919999800e+01,1.000000000000000000e+00,1.015053758039905635e-02,1.094507661703765109e+02,8.281794851814273670e+02,1.690613789590220684e+00,1.402920449239029743e+01,3.908181440084582903e+01,4.643016271001185191e-02
2.012230608244230012e+01,8.974041174192210590e+00,1.968250364000000161e+02,2.342197000000000173e+01,8.197499999999999432e+01,3.520370370000000193e+00,3.103997823919999988e+01,1.000000000000000000e+00,4.633879501210760865e-02,2.189013338040256258e+02,4.055209104161915548e+02,1.378090206315928601e+00,1.362275624805543472e+01,4.180355183053265478e+01,7.486994137747611522e-02
2.199620929226929889e+01,6.949338376141979801e+00,0.000000000000000000e+00,0.000000000000000000e+00,8.645833333000000209e+01,4.291666667000000324e+00,3.586165889749999991e+01,1.000000000000000000e+00,2.407545554042869046e-02,1.043782911799124804e+02,7.397328663773511153e+02,1.123145673506495301e+00,1.519580046963377029e+01,3.795156128727780498e+01,1.299647293975863538e-01
2.570556301248860009e+01,0.000000000000000000e+00,9.010903524999999803e+00,4.802988470000000376e+01,5.913333332999999925e+01,1.934305555999999982e+01,2.470769653829999868e+01,0.000000000000000000e+00,9.569700866938646300e-02,2.962990637726338718e+02,7.211803147668911151e+02,1.468794617567019900e+00,1.074722250048554884e+01,2.300984278125367055e+01,9.453229648248634431e-02
2.336583725361800035e+01,7.739217196268249666e+00,0.000000000000000000e+00,0.000000000000000000e+00,7.832500000000000284e+01,1.074675925999999926e+01,3.284875577670000268e+01,1.000000000000000000e+00,2.933164379366436786e-02,2.584982863852592345e+02,4.107508386952637238e+02,1.337720637600462892e+00,9.026016555869411206e+00,3.697416323463657761e+01,1.719964752254141971e-01
2.418860795477980119e+01,1.556026079989189981e+01,0.000000000000000000e+00,0.000000000000000000e+00,9.434999999999999432e+01,9.722685184999999564e+00,4.143498546250000203e+01,1.000000000000000000e+00,9.969592798672022305e-02,3.763308695305416904e+02,5.354494982229571178e+02,1.667349961985718387e+00,6.624330511379100450e+00,4.536992674804454850e+01,1.545717849139686961e-01
2.354007417727769891e+01,3.713118037837889851e+00,1.637786428000000072e+01,3.900782720000000037e+00,7.930833332999999641e+01,1.322129630000000233e+01,2.605003860669999938e+01,1.000000000000000000e+00,1.361442754509606043e-02,1.134089511514873436e+02,5.511563463714247746e+02,1.165930806617986093e+00,1.879099741003996726e+01,4.330548995878287144e+01,1.094905727318424560e-01
2.319221322320619905e+01,1.174329298095980079e+01,1.714212146999999788e+02,2.900053896999999665e+02,5.804166666999999791e+01,1.016249999999999964e+01,3.409607806079999648e+01,1.000000000000000000e+00,8.484108372320520175e-02,3.120972698731286528e+02,7.164903343718171982e+02,1.493071033170335182e+00,2.446230681523985950e+01,2.224204123697881030e+01,1.176148942191034968e-01
2.332150606074419841e+01,1.888267299115799958e+01,1.363503746000000092e+02,2.445710834000000133e+01,7.303333333000000493e+01,-5.188425925999999855e+00,4.774548212919999912e+01,1.000000000000000000e+00,8.694681889604907732e-02,1.037480316464761501e+02,5.852647504133553866e+02,1.403983369242113088e+00,6.216754725131195869e+00,4.326825052170772778e+01,2.425508515573477908e-01
1.865281296026120117e+01,2.463068577401620107e+00,0.000000000000000000e+00,0.000000000000000000e+00,8.865000000000000568e+01,1.982870370000000104e+00,3.072060503249999996e+01,1.000000000000000000e+00,7.348683972730819802e-02,1.802676862772753452e+02,7.369558169765963385e+02,1.129745585108126171e+00,1.955059386482046335e+01,2.992784361007295146e+01,5.786924353675508559e-02
2.131433656618279926e+01,1.788318794824440161e+01,7.339292590000000871e+01,7.027493319000000156e+02,7.250833332999999925e+01,7.006084482000000335e+00,4.872395935000000122e+01,1.000000000000000000e+00,3.211402597897987377e-02,1.821817074057698562e+02,8.798595293982826888e+02,1.125117540373752556e+00,5.273009225446863901e+00,2.181360659746615482e+01,5.092893295873917453e-02
2.554780482246099993e+01,1.289386793624479921e+01,9.568176674999999420e+01,8.664193957000000523e+01,6.214166666999999933e+01,2.204166666999999968e+00,3.669189958749999647e+01,1.000000000000000000e+00,1.412851734541071061e-02,3.679932845433312423e+02,3.372419324206801434e+02,1.445472649677279398e+00,9.574184878705420232e+00,3.739769593962358840e+01,1.865052923540188867e-01
2.202915954351470162e+01,2.937824895360510169e+00,0.000000000000000000e+00,0.000000000000000000e+00,9.340000000000000568e+01,6.409259258999999709e+00,3.331905111580000067e+01,1.000000000000000000e+00,6.134441540622944528e-02,3.378665799338421607e+02,2.620519046511171268e+02,1.169972374905155599e+00,2.123415775827050567e+01,3.829526342278415996e+01,7.424177469254758521e-02
1.764879880165170078e+01,6.441802167665110268e+00,0.000000000000000000e+00,0.000000000000000000e+00,9.409166666999999507e+01,1.858796295999999959e+00,3.019388472250000177e+01,1.000000000000000000e+00,4.410297237286729677e-02,1.668695555907426069e+02,6.581657541997865337e+02,1.390626536973249783e+00,6.944848480265275015e+00,2.208768792600942277e+01,1.905867506473591100e-01
2.394834086193930034e+01,1.660607373645219909e+01,9.797335397999999884e+01,8.621536270999999942e+02,4.854999999999999716e+01,-1.715277778000000142e+00,4.396730999999999767e+01,1.000000000000000000e+00,8.014279054504262756e-02,2.418681235228666537e+02,3.234415808431274399e+02,1.429147112818892396e+00,7.223833314615807133e+00,2.149192562354885183e+01,5.195610145153320425e-02
2.259052730187680069e+01,9.491784303079880303e+00,1.211403532000000070e+02,9.106141072000000349e+02,4.175000000000000000e+01,1.367592593000000134e+00,2.337110666829999772e+01,1.000000000000000000e+00,4.607396861460768406e-02,1.433664109893774707e+02,6.410054224366633662e+02,1.557819049615853935e+00,1.780389000876837713e+01,4.086480549544380381e+01,2.451176104180906312e-01
2.381642052884659932e+01,0.000000000000000000e+00,1.859643794999999784e+02,3.944478371999999808e+02,7.109166666999999507e+01,1.766712963000000158e+01,2.612704450000000023e+01,0.000000000000000000e+00,7.170617640773085943e-02,2.525766138203089213e+02,3.957584185003819925e+02,1.566089335857135723e+00,2.278973535476365697e+01,2.839869006361418613e+01,3.060675615038982444e-02
2.108781841383600053e+01,8.688752394710569149e+00,1.253431465999999883e+00,4.509243103000000197e+00,5.418333333000000351e+01,-2.874074073999999701e+00,2.959195917919999985e+01,1.000000000000000000e+00,6.490140295964483275e-02,3.197173422383818320e+02,6.005731767005488564e+02,1.487926493508112902e+00,2.271465531532082238e+01,4.787499678323597152e+01,9.215641292586204680e-02
2.254713252601980145e+01,6.847199259196200316e+00,0.000000000000000000e+00,0.000000000000000000e+00,8.264166667000000643e+01,-3.526388888999999693e+00,3.855906865669999917e+01,1.000000000000000000e+00,8.328951201661881354e-02,1.942944586359782591e+02,9.753498598747484039e+02,1.306309143503565862e+00,1.692605435564292549e+01,4.961462829098122995e+01,4.987971162646564344e-02
2.076450576393580150e+01,9.943736356541689858e+00,0.000000000000000000e+00,0.000000000000000000e+00,7.362500000000000000e+01,-3.966666666999999702e+00,3.400711713999999830e+01,1.000000000000000000e+00,9.969592798672022305e-02,3.763308695305416904e+02,5.354494982229571178e+02,1.667349961985718387e+00,6.624330511379100450e+00,4.536992674804454850e+01,1.545717849139686961e-01
2.191151685564300067e+01,5.426746466634550181e+00,0.000000000000000000e+00,0.000000000000000000e+00,9.117499999999999716e+01,8.196296295999999870e+00,3.028044447999999988e+01,1.000000000000000000e+00,1.734480985107631976e-02,1.361233048306749538e+02,7.981206033850787662e+02,1.408598766945606817e+00,2.116592251430687455e+01,2.724341653101277316e+01,1.924345966175934064e-01
2.411753061777589835e+01,0.000000000000000000e+00,0.000000000000000000e+00,0.000000000000000000e+00,5.906666666999999649e+01,7.712037037000000872e+00,2.186302175920000224e+01,0.000000000000000000e+00,7.210153235617824952e-02,2.469844132475115828e+02,4.792977616427855878e+02,1.148702562862315091e+00,1.206065600722171105e+01,4.270389775172360203e+01,1.143914319462513429e-01
2.323295440558090164e+01,8.449877759761470486e+00,1.606985175000000083e+02,7.518548366999999644e+01,8.099166667000000075e+01,5.534259258999999709e+00,3.516222900420000030e+01,1.000000000000000000e+00,7.457666275796050182e-02,3.544780518902019821e+02,2.311120864609082730e+02,1.333491544702348763e+00,8.049573347987548644e+00,2.274986944047003590e+01,2.324721833431931950e-01
2.406867464614699870e+01,2.815226210854110178e+00,1.424413443000000257e+02,6.035275162999999665e+00,9.254166666999999791e+01,1.006157407000000070e+01,2.329617337499999863e+01,1.000000000000000000e+00,7.281078259334360092e-02,2.765155127855941828e+02,3.357836439922796217e+02,1.344281688062365587e+00,2.323337511418456813e+01,4.172443669846308723e+01,1.363509482464638281e-02
2.325474647677659945e+01,0.000000000000000000e+00,3.036525550000000067e+02,3.684562166000000047e+02,6.516666666999999791e+01,1.147777778000000026e+01,2.424611947749999885e+01,8.333333330000000649e-02,7.974247216731693289e-02,9.540969436378172475e+01,8.253630458030781938e+02,1.626601624654935074e+00,2.344138418443340299e+01,3.177443597247317086e+01,3.471537667573214997e-02
2.648916472443719883e+01,0.000000000000000000e+00,0.000000000000000000e+00,0.000000000000000000e+00,7.068333332999999641e+01,1.885648147999999935e+01,2.148765483669999909e+01,0.000000000000000000e+00,9.355432438904555392e-02,2.119595169277190791e+02,2.065039208430732174e+02,1.208970649810570341e+00,2.348694107875880732e+01,2.508723873980614627e+01,1.105944263270186440e-01
2.507655362766699980e+01,1.160072752094590065e+01,8.041502427000000353e+01,2.571973660000000383e-01,9.799166787999999428e+01,1.222546273999999933e+01,3.748767661920000194e+01,1.000000000000000000e+00,5.177302119432232452e-02,3.047549746873858112e+02,3.456705181430573930e+02,1.541738145886566880e+00,1.185979301296952215e+01,4.661839298249874020e+01,5.346971658446685732e-02
2.616730813504570108e+01,0.000000000000000000e+00,0.000000000000000000e+00,0.000000000000000000e+00,6.241666666999999791e+01,2.016250000000000142e+01,2.287570833330000042e+01,0.000000000000000000e+00,8.484108372320520175e-02,3.120972698731286528e+02,7.164903343718171982e+02,1.493071033170335182e+00,2.446230681523985950e+01,2.224204123697881030e+01,1.176148942191034968e-01
2.314698797978410028e+01,1.310083413125689944e+01,0.000000000000000000e+00,0.000000000000000000e+00,9.854999999999999716e+01,2.366666667000000057e+00,3.563705087999999677e+01,1.000000000000000000e+00,1.100763562578160534e-02,1.382443749699862110e+02,3.130681333669001560e+02,1.602281515540839196e+00,2.108850053645804579e+01,3.956524184599125959e+01,2.488520435218371241e-01
2.337650231167179982e+01,6.840801647282120257e+00,0.000000000000000000e+00,0.000000000000000000e+00,6.765833333000000493e+01,5.565740740999999936e+00,3.447552287919999969e+01,1.000000000000000000e+00,6.317574524003144454e-02,1.797235491593708048e+02,4.889004436555159714e+02,1.216557632179173787e+00,1.033890053972806733e+01,3.027406991018963112e+01,1.446087194702308232e-01
2.142357728249389837e+01,1.310758358447380090e+00,0.000000000000000000e+00,0.000000000000000000e+00,9.154999999999999716e+01,5.780092592999999113e+00,2.047799648079999812e+01,1.000000000000000000e+00,6.928878597734583478e-02,2.761432184740251614e+02,3.837318474152998533e+02,1.511228397864558204e+00,6.669978506544699037e+00,2.403926286467643436e+01,1.774525516088833188e-01
2.196812278430279974e+01,2.065595248691100139e+01,0.000000000000000000e+00,0.000000000000000000e+00,9.686666667000000075e+01,6.606944443999999805e+00,3.303461437499999676e+01,1.000000000000000000e+00,2.246990908287361914e-03,2.060617330807406518e+02,4.281363648933214563e+02,1.615610939425847326e+00,1.439063919677378678e+01,4.866357433630543028e+01,1.456534661335187331e-01
2.512216588917370075e+01,0.000000000000000000e+00,0.000000000000000000e+00,0.000000000000000000e+00,7.254999999999999716e+01,1.645601852000000065e+01,2.389387314829999909e+01,0.000000000000000000e+00,7.748358780415531832e-02,2.036558876674518785e+02,4.028478526215699276e+02,1.375204142599410151e+00,1.631947535468290766e+01,2.060397024133377641e+01,7.352784347119904751e-02
2.376527556934329866e+01,5.566823458134540203e+01,3.910594310000000462e+01,4.958176239000000152e+00,7.084999999999999432e+01,-3.689814810000000000e-01,6.608853944499999500e+01,1.000000000000000000e+00,1.540189314559856082e-02,8.281230837678367607e+01,7.135839032224263292e+02,1.676488532971122547e+00,1.128276799316111934e+01,4.285468400122647381e+01,2.702607382100211120e-01
2.524550433040279884e+01,0.000000000000000000e+00,0.000000000000000000e+00,0.000000000000000000e+00,8.175833332999999925e+01,1.505879630000000091e+01,2.431422196749999998e+01,0.000000000000000000e+00,6.543178349506217906e-02,6.557286323185859089e+01,7.641590748242446125e+02,1.347231839510871776e+00,2.040903127484811463e+01,3.359376416010957911e+01,1.687684064755335389e-01
2.038213153823859969e+01,1.402047985690959919e+01,5.961226680000000222e-01,2.238346739999999835e-01,8.069166667000000359e+01,-1.996759259000000064e+00,4.127794953749999962e+01,1.000000000000000000e+00,1.054416448262788034e-02,1.785824116346647656e+02,4.004654771548209737e+02,1.357070940894057554e+00,1.717482723374057940e+01,2.623937293888605993e+01,2.861558099278012635e-01
2.369083638461109942e+01,0.000000000000000000e+00,0.000000000000000000e+00,0.000000000000000000e+00,5.329999999999999716e+01,9.370833333000000209e+00,2.296816156079999871e+01,0.000000000000000000e+00,2.246990908287361914e-03,2.060617330807406518e+02,4.281363648933214563e+02,1.615610939425847326e+00,1.439063919677378678e+01,4.866357433630543028e+01,1.456534661335187331e-01
1.886123151402869880e+01,1.803430184005230075e+01,2.929441381999999976e+02,1.499253694000000223e+02,6.319166666999999649e+01,-3.987499999999999822e+00,4.739713837829999932e+01,1.000000000000000000e+00,5.700333404416409872e-02,2.639378268617465437e+02,4.465105196999193140e+02,1.252844003513414073e+00,8.748239025521284518e+00,2.479912345639315419e+01,2.910228351022809967e-01
2.272741903618349824e+01,6.452662032324529839e+00,0.000000000000000000e+00,0.000000000000000000e+00,6.881666667000000359e+01,-5.031018518999999856e+00,3.143190371420000062e+01,1.000000000000000000e+00,7.481440260010999155e-02,2.977065375683846469e+02,7.542892937300629228e+02,1.633954376071788506e+00,2.412673909244671933e+01,3.537196841354580812e+01,1.744293114246537046e-01
2.123227974942599872e+01,2.089161515724530016e+00,0.000000000000000000e+00,0.000000000000000000e+00,9.445833333000000209e+01,7.396296296000000048e+00,3.178331530499999857e+01,1.000000000000000000e+00,9.811357555707096723e-02,2.472855945118759848e+02,4.642471007900790596e+02,1.132351541302151876e+00,1.611169110061666032e+01,2.466393247365397912e+01,7.230782016735652629e-02
2.447133622453599955e+01,3.218646909135839707e+01,1.648755569000000207e+02,1.850834944000000064e+02,7.851666667000000643e+01,-2.924074073999999968e+00,4.977377861080000088e+01,1.000000000000000000e+00,6.820783506337207980e-02,2.710285628579072750e+02,9.151497214233901332e+02,1.637124849564624451e+00,1.222189693828674351e+01,3.753517310897025538e+01,2.226334342778283626e-01
2.307685461729679943e+01,0.000000000000000000e+00,1.726743810000000323e+01,9.266577748000000270e+01,7.728333333000000493e+01,1.424305554999999934e+01,2.447916620420000200e+01,0.000000000000000000e+00,8.150026454617396998e-03,3.332554654156145375e+02,7.604501881477726783e+02,1.300549655187263731e+00,1.164815130198359938e+01,2.139230788458356258e+01,2.585245635294740052e-01
2.253698637582279929e+01,6.929317049904329728e+00,0.000000000000000000e+00,0.000000000000000000e+00,9.657500000000000284e+01,8.934722222000001324e+00,3.102247661579999871e+01,1.000000000000000000e+00,2.543721985432643648e-02,3.872121280852414316e+02,2.981529630477569413e+02,1.642210435997192963e+00,1.042397219942097841e+01,3.880268759562582659e+01,2.009353324292050269e-01
2.330570627999239974e+01,0.000000000000000000e+00,5.120537328999999716e+01,4.975992931999999591e+00,7.976666667000000643e+01,7.906018517999999773e+00,2.232837084670000038e+01,0.000000000000000000e+00,8.869710130739943965e-02,1.410478959798466576e+02,2.501742219605962134e+02,1.471041423261382430e+00,1.724033209042147163e+01,2.242534020030747399e+01,1.187887882474059631e-01
2.237401837361489854e+01,7.349949060359239894e+00,0.000000000000000000e+00,0.000000000000000000e+00,6.170833333000000209e+01,-4.352314814999999726e+00,3.427210325330000273e+01,1.000000000000000000e+00,6.058752768580773912e-02,1.208490493882666499e+02,8.473563588504396193e+02,1.460884002574327489e+00,2.031243536228725688e+01,3.811041942130786708e+01,7.670012195938773203e-02
2.290148125286449954e+01,8.470957579328510789e+00,0.000000000000000000e+00,0.000000000000000000e+00,9.151666667000000643e+01,3.635185185000000097e+00,3.445057615329999834e+01,1.000000000000000000e+00,8.936631196582874026e-02,7.992560198507241864e+01,8.079712919162574281e+02,1.654643168644910567e+00,1.842570974423380292e+01,2.325677246467424908e+01,1.635445943136890068e-01
2.346291064349529876e+01,4.547609613307289855e+00,1.983963350000000219e+02,2.465657988999999972e+01,6.335000000000000142e+01,1.358333333000000032e+00,3.753767611579999652e+01,1.000000000000000000e+00,4.659757958135819778e-02,3.532604845327200564e+02,9.852445528951891447e+02,1.213873667442267212e+00,1.860593577755848216e+01,4.438331939767394374e+01,2.839918897659111097e-01
2.293578756227649862e+01,1.960398768038909889e+00,0.000000000000000000e+00,0.000000000000000000e+00,8.695000000000000284e+01,1.073240741000000043e+01,3.101273018499999878e+01,1.000000000000000000e+00,5.789609755646910050e-02,2.369348516428845244e+02,6.704946138610750950e+02,1.161914232959142534e+00,1.418309886687908516e+01,4.718060655573541595e+01,1.312429110740406524e-01
2.329373579273849870e+01,1.453538711134000072e-01,0.000000000000000000e+00,0.000000000000000000e+00,7.577500000000000568e+01,1.140000000000000036e+01,2.147675947999999835e+01,1.000000000000000000e+00,5.630245448112675133e-02,3.836433862366549192e+02,6.928600535173891330e+02,1.381317841633938226e+00,1.700713816010468804e+01,4.396624093007097400e+01,1.631176106035626960e-02
2.090138669946319894e+01,4.425245873560729737e-01,0.000000000000000000e+00,0.000000000000000000e+00,4.393333333000000351e+01,1.556851851999999958e+01,2.366210393080000074e+01,1.000000000000000000e+00,6.089158579761615869e-02,2.391088793171165605e+02,9.077504531013332780e+02,1.175682834768745799e+00,9.982413633634259043e+00,2.099520924985775139e+01,2.814433214987305254e-01
2.337220381482359954e+01,2.460504088364319841e+01,2.977426053000000294e+00,5.956168259999999881e-01,8.094166667000000359e+01,2.186111110999999774e+00,5.564285129670000174e+01,1.000000000000000000e+00,6.490140295964483275e-02,3.197173422383818320e+02,6.005731767005488564e+02,1.487926493508112902e+00,2.271465531532082238e+01,4.787499678323597152e+01,9.215641292586204680e-02
2.438167523909010015e+01,1.649186653571370087e+01,6.887739295000000084e+01,9.118209969000000115e+01,4.195833333000000209e+01,-5.916666670000000350e-01,4.251982157329999978e+01,1.000000000000000000e+00,8.898960111354706215e-02,2.271027300764389736e+02,6.227016633934490528e+02,1.489184522773942865e+00,1.904042297968517516e+01,2.691437862931702796e+01,1.816665583963018582e-01
2.288205693650209938e+01,5.128136563243890222e+00,0.000000000000000000e+00,0.000000000000000000e+00,5.089999999999999858e+01,6.740740740000000786e-01,3.059102621170000091e+01,1.000000000000000000e+00,9.228792748026343196e-02,2.674691946300300742e+02,6.451107621131227461e+02,1.520186348558507206e+00,1.972852517548151852e+01,3.470176495489340596e+01,2.167981913162335961e-01
2.202441511517690031e+01,2.459547879002489879e+01,1.561349378000000065e+01,3.348684736999999689e+00,8.433333333000000209e+01,3.544444444999999888e+00,4.340917914829999802e+01,1.000000000000000000e+00,8.150026454617396998e-03,3.332554654156145375e+02,7.604501881477726783e+02,1.300549655187263731e+00,1.164815130198359938e+01,2.139230788458356258e+01,2.585245635294740052e-01
2.571452987849189853e+01,2.435659324235169976e+01,6.088715932000000208e+01,6.664038202999999605e+00,7.799166667000000075e+01,-1.027314814999999992e+00,5.475118384249999792e+01,1.000000000000000000e+00,7.917850123717076749e-02,2.791992461192202200e+02,2.052454528092858084e+02,1.525463497899144594e+00,1.557562990021516391e+01,2.941607119077955446e+01,6.140705441438460560e-02
2.277084587241530045e+01,6.767687440668010090e+00,0.000000000000000000e+00,0.000000000000000000e+00,5.850833332999999925e+01,3.747222221999999991e+00,3.689905556920000151e+01,1.000000000000000000e+00,5.114657301354062074e-02,2.901358548116169231e+02,7.565542042219450423e+02,1.342594092083911228e+00,2.490164893909071253e+01,4.528731731750887235e+01,2.848192105466338941e-01
2.007255962596260090e+01,3.505266873298780173e-01,0.000000000000000000e+00,0.000000000000000000e+00,8.475833332999999925e+01,1.248148147999999935e+01,1.955492546329999826e+01,1.000000000000000000e+00,2.537831630685201054e-02,8.827164296881230143e+01,6.140277169644946298e+02,1.561057048382332280e+00,6.040808703099958876e+00,3.189276953039725271e+01,1.558404504555707115e-01
2.268536050303600149e+01,5.508546664982030272e+00,1.138396429000000012e+02,8.073455512000000454e+02,4.320833333000000209e+01,1.735648148000000113e+00,2.993043190579999902e+01,1.000000000000000000e+00,4.429256843784427217e-03,3.286153547904376637e+02,9.137689685603314729e+02,1.154606069270817104e+00,2.197498103000210889e+01,3.217946268994812442e+01,1.706724409419790589e-01
2.197352898247260100e+01,0.000000000000000000e+00,0.000000000000000000e+00,0.000000000000000000e+00,7.659999999999999432e+01,1.694675926000000032e+01,2.165458766080000075e+01,0.000000000000000000e+00,7.369751415466663236e-02,1.722928499579633126e+02,7.445842656513451630e+02,1.246781619955513731e+00,9.404822813790355340e+00,4.692303133898644063e+01,1.879026329650580474e-01
2.116421775938569994e+01,8.404592658083460677e+00,4.200043671000000245e+01,8.627778622999999314e+00,7.397499999999999432e+01,8.441203703999999419e+00,3.387592111579999710e+01,1.000000000000000000e+00,2.407545554042869046e-02,1.043782911799124804e+02,7.397328663773511153e+02,1.123145673506495301e+00,1.519580046963377029e+01,3.795156128727780498e+01,1.299647293975863538e-01
2.554793117208129871e+01,0.000000000000000000e+00,1.461349938000000179e+02,1.021248864000000083e+02,6.621666666999999507e+01,2.049351851999999852e+01,1.762136051419999916e+01,0.000000000000000000e+00,8.431670239832837754e-02,2.834855690226879688e+02,8.051836738194911050e+02,1.254826452973826667e+00,1.695215884034351816e+01,3.912559372630174437e+01,2.228226173780890607e-01
2.347002524477749930e+01,0.000000000000000000e+00,5.543259729999999763e+01,1.889901374000000134e+00,6.790000000000000568e+01,1.783703703999999846e+01,2.175194240249999922e+01,0.000000000000000000e+00,7.580097972095167433e-03,1.884671618242002751e+02,5.635477606074257437e+02,1.658406166167734952e+00,1.106650650444476547e+01,3.999338831574142006e+01,2.797392348781208016e-01
2.351944882486240118e+01,1.479916365694380076e+01,1.096413059000000061e+02,7.591077728999999863e+02,5.695000000000000284e+01,2.700462963000000105e+00,3.418274267670000199e+01,1.000000000000000000e+00,6.998295394094276173e-03,2.321879522634328339e+02,8.651346007708184516e+02,1.699681309432143461e+00,2.485102814873850718e+01,4.615772623429528920e+01,1.289550346719098295e-01
2.272585125662419969e+01,9.700566950805290745e+00,0.000000000000000000e+00,0.000000000000000000e+00,9.306666667000000359e+01,2.076851851999999887e+00,3.544349611079999818e+01,1.000000000000000000e+00,9.319588734480892256e-02,3.622314591025563573e+02,2.579617562037149128e+02,1.716453494124464019e+00,1.623741040035459093e+01,2.769412117148975128e+01,8.930765425530343138e-02
2.161801311655539948e+01,3.048956386984249889e+01,1.244978224000000182e+02,1.527493771999999979e+02,6.393333333000000351e+01,-5.264351851999999887e+00,6.529286453749999453e+01,1.000000000000000000e+00,7.158002952114479733e-02,3.402846369819545203e+02,5.733866829755487515e+02,1.233484160302913191e+00,5.159736127033251130e+00,2.534500565080092116e+01,1.039412313960541845e-01
2.232081037886230135e+01,0.000000000000000000e+00,0.000000000000000000e+00,0.000000000000000000e+00,8.159999999999999432e+01,1.183796296000000048e+01,2.334296041079999995e+01,0.000000000000000000e+00,4.508747968336382361e-02,2.236828044548226160e+02,4.922061612207089070e+02,1.268760648762617071e+00,1.811165906097849287e+01,3.249450975788761298e+01,8.888178630458262730e-02
2.254843956193629850e+01,1.606983045569689850e+01,1.129721290000000096e+02,6.806567069999999831e+02,5.976666666999999933e+01,-2.734722221999999814e+00,3.760325631330000107e+01,1.000000000000000000e+00,2.424229758017033484e-02,1.734414574789769290e+02,8.582985964992127492e+02,1.537254407355406194e+00,2.370241661176100934e+01,3.206446430959199034e+01,1.342214040922126428e-01
2.278882172219159941e+01,0.000000000000000000e+00,0.000000000000000000e+00,0.000000000000000000e+00,8.257500000000000284e+01,1.292268518999999927e+01,2.288099446749999899e+01,0.000000000000000000e+00,8.469222898682084166e-02,1.995964976760087666e+02,9.012337025625516844e+02,1.550875346028524504e+00,1.679582907249350399e+01,2.118671981689842099e+01,2.477619373585507323e-01
2.258946729874019965e+01,1.893746243051690037e+00,0.000000000000000000e+00,0.000000000000000000e+00,9.233333333000000209e+01,1.308657406999999928e+01,2.612377384670000069e+01,1.000000000000000000e+00,9.504368252017733609e-02,2.545687476012982415e+02,6.556988218503715871e+02,1.259202555780701394e+00,1.450602065213971592e+01,4.207677045179504205e+01,1.972220099164896934e-01
2.308238844407529911e+01,2.751313822569870027e+01,1.392590275999999960e+02,6.199348624000000285e+01,6.638333332999999925e+01,-5.376851852000000598e+00,5.426037888919999830e+01,1.000000000000000000e+00,3.344489715721984946e-02,2.733465735290586736e+02,8.370065545779513059e+02,1.322719130793552189e+00,2.293587456812607783e+01,3.430414885466255726e+01,2.666755826650665240e-01
2.435872226184019951e+01,1.203494383722780015e+01,0.000000000000000000e+00,0.000000000000000000e+00,6.288333332999999925e+01,6.824074079999999931e-01,4.399197949170000044e+01,1.000000000000000000e+00,4.149929061890888365e-02,2.596787078011678886e+02,9.652936511619310522e+02,1.432130623372363187e+00,2.291392045464383642e+01,2.851842044847138169e+01,7.035076725297467748e-02
2.014686424331789993e+01,2.921481131620680127e+00,0.000000000000000000e+00,0.000000000000000000e+00,8.012500000000000000e+01,-6.194444444000000161e+00,3.153018933330000095e+01,1.000000000000000000e+00,1.895034321990922074e-02,2.914676723150474800e+02,2.372047102471660480e+02,1.127789666277599023e+00,2.426599131327981240e+01,3.396648390587672850e+01,1.603814454796015088e-01
1.971969935900660076e+01,1.081443920750590060e+01,2.177531549999999925e+02,1.078474946999999950e+01,7.946666666999999507e+01,4.147222221999999903e+00,2.642386050329999847e+01,1.000000000000000000e+00,8.171251769505011309e-02,2.437949682276713190e+02,7.918122031855009482e+02,1.451318147949366644e+00,1.154458059010382698e+01,4.518731495121025432e+01,1.839221738186792021e-01
2.172252467780110052e+01,0.000000000000000000e+00,4.922879754000000219e+01,1.136251305999999914e+02,6.898333332999999357e+01,1.637222222000000116e+01,2.352953148079999934e+01,0.000000000000000000e+00,8.201470650302733478e-02,2.693222214785894835e+02,6.324728047840400222e+02,1.139551894105784946e+00,8.614202493346230227e+00,4.043548822872345738e+01,2.622155994009295887e-01
2.187742754900390096e+01,3.035389950205280130e+00,0.000000000000000000e+00,0.000000000000000000e+00,8.865000000000000568e+01,3.240277778000000275e+00,3.725278023330000110e+01,1.000000000000000000e+00,9.888957628566091840e-02,1.510465250686078775e+02,6.614617196610715837e+02,1.121509890771336559e+00,1.772951650829070402e+01,4.509282079559061174e+01,4.190381444885221685e-02
2.670718625102569987e+01,0.000000000000000000e+00,0.000000000000000000e+00,0.000000000000000000e+00,6.792499999999999716e+01,1.837500005000000058e+01,2.306445138999999855e+01,0.000000000000000000e+00,6.379375517894211867e-02,3.559536730190615117e+02,2.230090518623935338e+02,1.361287314880304189e+00,7.661819363053766097e+00,4.258785819811231477e+01,3.126824907213730798e-02
2.258236911813260051e+01,4.789560050234710431e+00,0.000000000000000000e+00,0.000000000000000000e+00,9.597499999999999432e+01,5.445370370000000015e+00,3.746833059669999955e+01,1.000000000000000000e+00,9.305088330303422361e-02,2.407441168892227097e+02,6.166480398945409434e+02,1.226463958105225682e+00,1.464759032344045764e+01,3.289598949678355666e+01,4.017207974287925754e-02
2.354556264806619836e+01,2.002774317513929958e+01,4.629005766999999771e+00,2.630195277999999970e+00,5.477499999999999858e+01,7.798148147999999225e+00,4.383229430499999779e+01,1.000000000000000000e+00,7.302812265430821959e-02,3.889608501662818867e+02,3.404238596918880262e+02,1.443017707361989199e+00,1.301525268484613562e+01,4.952818861873291212e+01,2.566756265243592128e-01
2.244190969443630124e+01,4.286217438927820034e+00,0.000000000000000000e+00,0.000000000000000000e+00,6.978333333000000493e+01,1.237962963000000016e+01,2.498060969000000142e+01,4.166666667000000213e-01,4.877271210919142258e-02,1.330449277981706189e+02,4.554968306471056394e+02,1.547175440877975650e+00,1.208533528383089717e+01,2.392626969914874380e+01,2.400505464105392728e-01
2.214549290635209999e+01,1.844693245106250146e+01,0.000000000000000000e+00,0.000000000000000000e+00,6.424166667000000075e+01,-2.411574074000000234e+00,4.509326263999999895e+01,1.000000000000000000e+00,4.410297237286729677e-02,1.668695555907426069e+02,6.581657541997865337e+02,1.390626536973249783e+00,6.944848480265275015e+00,2.208768792600942277e+01,1.905867506473591100e-01
2.086926257430609866e+01,1.415694594133490014e+01,0.000000000000000000e+00,0.000000000000000000e+00,7.156666667000000359e+01,-1.142731481999999943e+01,4.956087106500000061e+01,1.000000000000000000e+00,8.528496575729312135e-02,2.957015214650550661e+02,9.776559902242862563e+02,1.331556336330413259e+00,1.980102402962580754e+01,2.779875370410436730e+01,2.020443028017441245e-01
2.156613686664280038e+01,8.507139977632709460e+00,1.506469819999999848e-01,6.989841099999999363e-02,8.341666666999999791e+01,9.496296296000000581e+00,3.427188472329999769e+01,1.000000000000000000e+00,4.463516939739139988e-02,3.138497487994353037e+02,7.240594712084342746e+02,1.155639121986812068e+00,1.928424871420019571e+01,4.347012790213874922e+01,2.973804476038838240e-01
2.197134526021280010e+01,1.921784741651850092e+00,1.104837815999999862e+02,1.181313959999999996e+00,8.363333332999999925e+01,5.333333332999999676e+00,2.219063543829999929e+01,1.000000000000000000e+00,1.182358671680681581e-02,3.668472557451883631e+02,9.503503167402121790e+02,1.566648922120882581e+00,9.291419671510599443e+00,3.654894968039720027e+01,2.293128864647832332e-01
2.391033103972240070e+01,5.866570290608730254e+00,0.000000000000000000e+00,0.000000000000000000e+00,9.768333332999999641e+01,2.112037036999999895e+00,3.269539355669999736e+01,1.000000000000000000e+00,8.979942672721343000e-02,3.321878862775535026e+02,4.425130096366376051e+02,1.514993986572787055e+00,2.023978705731991568e+01,2.343623679624960943e+01,1.728856055850871709e-01
1.896114474360139823e+01,2.109407356277570145e+01,1.210656770000000080e+02,4.333324600999999916e+02,5.734166667000000217e+01,-3.338888888999999693e+00,6.020328624999999789e+01,1.000000000000000000e+00,2.243698379324969919e-02,2.184388231483130198e+02,7.431623282859450228e+02,1.203758350815120171e+00,1.737977290833993393e+01,4.129108181268188105e+01,2.198081498584992799e-01
2.315498569710250010e+01,2.961760690949209973e+01,8.034808569000000489e+01,4.034965449999999976e+01,7.620833333000000209e+01,2.142592593000000267e+00,6.037998523329999756e+01,1.000000000000000000e+00,6.100600306866402374e-03,2.814169453306708419e+02,8.959466629189452078e+02,1.184535606447736811e+00,1.775418211314464401e+01,3.277020891431811833e+01,4.735692990721206141e-02
2.429725933191440035e+01,1.957084616888170103e+01,1.574966512999999964e+02,2.518578378999999856e+01,7.043333332999999641e+01,2.265277778000000186e+00,4.006905851670000374e+01,1.000000000000000000e+00,1.540189314559856082e-02,8.281230837678367607e+01,7.135839032224263292e+02,1.676488532971122547e+00,1.128276799316111934e+01,4.285468400122647381e+01,2.702607382100211120e-01
2.163993022279089828e+01,4.421499546186709928e+00,0.000000000000000000e+00,0.000000000000000000e+00,9.630833332999999641e+01,6.773148147999999757e+00,3.228206150079999759e+01,1.000000000000000000e+00,1.697001413123874758e-02,1.490106516508499226e+02,3.313936849925075308e+02,1.243320870459952321e+00,2.172769985618676003e+01,2.575262516819411829e+01,1.320137124048813559e-01
2.360167537235890123e+01,0.000000000000000000e+00,1.035709104999999930e+01,3.074842076000000368e+00,5.984166667000000217e+01,7.650925926000000210e+00,2.166891876000000039e+01,0.000000000000000000e+00,2.254880216652552227e-02,3.516219747627394554e+02,8.500050902358954090e+02,1.267658775757926959e+00,9.612125031853757662e+00,2.128372303283372702e+01,1.196085395718749292e-02
2.158420970578359999e+01,2.444954455214039868e+01,4.407121348999999810e+01,2.241218888000000220e+02,7.720833333000000209e+01,-4.722222200000000120e-02,6.263785685330000064e+01,1.000000000000000000e+00,8.813222475588133875e-02,8.041042368143995134e+01,9.707844341400665371e+02,1.162980091642952019e+00,7.480535458842899388e+00,3.920019688918721101e+01,9.243933419184600930e-02
2.414366873185970164e+01,1.341966954627389974e+01,0.000000000000000000e+00,0.000000000000000000e+00,7.317499999999999716e+01,9.975925925000000305e+00,4.252826289330000264e+01,1.000000000000000000e+00,8.392094266287773718e-02,2.777726914006570951e+02,3.055614273184867784e+02,1.359222999024013667e+00,1.872793827457250160e+01,4.312182014874952074e+01,1.019615663679273310e-01
2.022699508692430115e+01,8.890376817916090246e+00,2.399663341000000116e+01,2.391511819000000205e+00,7.648333332999999357e+01,4.319907406999999644e+00,3.441699579170000334e+01,1.000000000000000000e+00,9.666735109692334293e-03,3.994868476451511583e+02,9.102471426961903944e+02,1.706700546980817190e+00,1.659456340407430375e+01,4.997176410489525011e+01,1.485274409657821038e-01
1.567509012039699989e+01,1.055949760540299920e+01,0.000000000000000000e+00,0.000000000000000000e+00,7.929999999999999716e+01,-1.259583334000000043e+01,5.155643014000000335e+01,1.000000000000000000e+00,9.783829592623548288e-02,2.938173926048838211e+02,4.510553067499953954e+02,1.168172577227847286e+00,5.686406894711024229e+00,4.915518050218308588e+01,2.891114030245365285e-01
2.033334249435559826e+01,1.090602014623589966e+01,0.000000000000000000e+00,0.000000000000000000e+00,8.248333332999999357e+01,-9.763425924999999950e+00,4.443388763829999988e+01,1.000000000000000000e+00,7.551834552458372429e-02,2.650851566128592367e+02,3.094587858132272231e+02,1.313139685107767907e+00,6.184630812045375237e+00,3.082812335683413352e+01,7.098425006438499607e-02
2.103900254488900146e+01,2.913696791516440143e+01,1.665400336999999809e+02,4.052608676999999915e+01,6.267499999999999716e+01,-7.028703703999999775e+00,6.548593958329999509e+01,1.000000000000000000e+00,2.980801892964504360e-02,1.593814193649187700e+02,7.014658495781751526e+02,1.190647018709697136e+00,8.072668785925653623e+00,4.228739541146750014e+01,7.993752355970158707e-02
2.367851052965970027e+01,6.332943326245920046e-01,2.212550746999999944e+02,1.900690191999999854e+02,5.859166667000000217e+01,8.840740740999999403e+00,2.132505184749999927e+01,1.000000000000000000e+00,5.512167289218980470e-02,6.191957449785408585e+01,5.306173193062013524e+02,1.308420192031285900e+00,7.373522808357317437e+00,3.580935130900891750e+01,1.172889260177134990e-01
2.294400265408859951e+01,9.378842338828320635e+00,4.104914802999999779e+01,7.164362500000000245e-02,9.200000000000000000e+01,8.118981481000000500e+00,2.977494791670000041e+01,1.000000000000000000e+00,3.296263006255906874e-02,1.657702430015363575e+02,5.657688354452517387e+02,1.701319880756399172e+00,1.268731216462497891e+01,4.260138675477228531e+01,3.853663928521026266e-02
2.426879458584830118e+01,1.495253520996119967e+00,4.093914273000000037e+01,4.401676400000000267e-01,7.884999999999999432e+01,9.350462963000000016e+00,2.227700196670000210e+01,1.000000000000000000e+00,5.843545922070898097e-02,3.595197858542629774e+02,2.783952633824419536e+02,1.629677686034266326e+00,1.634592905154546827e+01,3.342293205497279018e+01,2.481120771013658466e-01
2.333649794157069834e+01,1.864105785012129957e+01,1.203915035999999787e+02,5.626726244999999693e+01,8.311666667000000075e+01,-3.569444444999999799e+00,4.507513972329999774e+01,1.000000000000000000e+00,3.704927208159316393e-02,1.707945117967209967e+02,3.992926119131223004e+02,1.291237982925562466e+00,1.296370780002279943e+01,3.300934173133230587e+01,1.504295501750829156e-01
2.373894665507780033e+01,0.000000000000000000e+00,0.000000000000000000e+00,0.000000000000000000e+00,9.529999999999999716e+01,1.009398148000000006e+01,2.132864371750000032e+01,0.000000000000000000e+00,4.633879501210760865e-02,2.189013338040256258e+02,4.055209104161915548e+02,1.378090206315928601e+00,1.362275624805543472e+01,4.180355183053265478e+01,7.486994137747611522e-02
2.385766573932469825e+01,1.038478594101080077e+01,8.962813156999999364e+01,1.035470059000000020e+02,7.025833332999999925e+01,1.537500000000000089e+00,3.796042507420000334e+01,1.000000000000000000e+00,1.954204750329082210e-02,3.282167090809770116e+02,6.512103974697550939e+02,1.227771807839877383e+00,6.884007517967824619e+00,3.832275828765875758e+01,9.983504774910582913e-02
2.102923071869890137e+01,2.111013702195219999e+00,0.000000000000000000e+00,0.000000000000000000e+00,5.773333333000000067e+01,6.262500000000000178e+00,2.743490344079999943e+01,1.000000000000000000e+00,8.287491879685074392e-02,2.673777722591679549e+02,3.724951032013847225e+02,1.218222087413627808e+00,2.155755576253772432e+01,3.146704521672086230e+01,4.121589724948358791e-02
2.606429522012589928e+01,5.687891779863000430e+00,0.000000000000000000e+00,0.000000000000000000e+00,6.713333332999999925e+01,1.876249999999999929e+01,2.286571990750000083e+01,0.000000000000000000e+00,7.628619124995264685e-03,1.562719064230487902e+02,4.343598923553078066e+02,1.250236229204578775e+00,2.179867154954754227e+01,4.564237280446988620e+01,1.224537866213005199e-01
2.276151046440379844e+01,4.687167587947789826e+01,1.052946378999999979e+02,3.465215919999999983e+01,7.871666666999999507e+01,-7.115740740000000564e-01,6.597992435170000647e+01,1.000000000000000000e+00,4.607396861460768406e-02,1.433664109893774707e+02,6.410054224366633662e+02,1.557819049615853935e+00,1.780389000876837713e+01,4.086480549544380381e+01,2.451176104180906312e-01
2.170016746701369925e+01,2.654628328358730016e+01,6.647146564000000524e+01,9.555038649999999523e-01,8.188333332999999925e+01,1.835648148000000202e+00,5.291286499920000352e+01,1.000000000000000000e+00,2.776406569051850098e-02,1.472675945298637430e+02,9.182456444630421402e+02,1.293543683107304609e+00,5.754022054519328577e+00,4.854466230449962438e+01,2.320002079979882614e-01
2.237621905075999962e+01,2.457908590887900147e+01,9.780337982000000707e+00,1.049097677999999867e+00,9.641666666999999791e+01,4.805092593000000356e+00,5.713239347249999867e+01,1.000000000000000000e+00,7.158002952114479733e-02,3.402846369819545203e+02,5.733866829755487515e+02,1.233484160302913191e+00,5.159736127033251130e+00,2.534500565080092116e+01,1.039412313960541845e-01
2.265293973472779854e+01,2.689530445547160031e+00,0.000000000000000000e+00,0.000000000000000000e+00,8.139166667000000643e+01,1.248148147999999935e+01,2.688300207920000062e+01,4.166666667000000213e-01,1.361442754509606043e-02,1.134089511514873436e+02,5.511563463714247746e+02,1.165930806617986093e+00,1.879099741003996726e+01,4.330548995878287144e+01,1.094905727318424560e-01
2.196347723943100050e+01,1.133526842738259965e+01,0.000000000000000000e+00,0.000000000000000000e+00,6.127499999999999858e+01,-5.537037037000000161e+00,4.163566060080000142e+01,1.000000000000000000e+00,8.014279054504262756e-02,2.418681235228666537e+02,3.234415808431274399e+02,1.429147112818892396e+00,7.223833314615807133e+00,2.149192562354885183e+01,5.195610145153320425e-02
2.266178391178819851e+01,1.669903132667160151e+01,0.000000000000000000e+00,0.000000000000000000e+00,6.713333332999999925e+01,-1.196342592999999965e+01,4.737915310079999642e+01,1.000000000000000000e+00,9.862161299215421728e-02,3.653760636933355386e+02,9.954670713271347040e+02,1.532165520009517667e+00,1.054417953970580690e+01,2.966385905571801374e+01,2.762745749350732360e-01
2.003618819731520162e+01,1.119370631845760045e+01,0.000000000000000000e+00,0.000000000000000000e+00,7.900833332999999925e+01,-8.187037036999999629e+00,3.223048521169999958e+01,1.000000000000000000e+00,5.733483094271387553e-02,9.994595984057825433e+01,8.619057059389213009e+02,1.668103643021956906e+00,9.072407551815416582e+00,3.841114543156106720e+01,2.731079447601227339e-01
2.359731062804949886e+01,7.706404086573609646e+00,5.925618243000000263e+01,1.116744705999999976e+00,8.805833332999999641e+01,4.268981482000000049e+00,3.696695134670000016e+01,1.000000000000000000e+00,8.484108372320520175e-02,3.120972698731286528e+02,7.164903343718171982e+02,1.493071033170335182e+00,2.446230681523985950e+01,2.224204123697881030e+01,1.176148942191034968e-01
2.548358757227750004e+01,3.250974852053810338e+01,6.903467967999999644e+01,2.962912201000000412e+00,7.682500000000000284e+01,1.651388889000000137e+00,5.195154930420000028e+01,1.000000000000000000e+00,3.160061497864369989e-02,3.953872695502973329e+02,2.468269364141365543e+02,1.534836306311142540e+00,7.440901593873153530e+00,3.466038427944954492e+01,2.878083605520826427e-01
2.001048655967460022e+01,8.773750859173759409e+00,0.000000000000000000e+00,0.000000000000000000e+00,7.946666666999999507e+01,-3.412037039999999966e-01,3.871712226919999722e+01,1.000000000000000000e+00,2.776406569051850098e-02,1.472675945298637430e+02,9.182456444630421402e+02,1.293543683107304609e+00,5.754022054519328577e+00,4.854466230449962438e+01,2.320002079979882614e-01
2.607911724119979979e+01,1.298793005331650008e+01,9.631288465000000087e+01,1.569874141000000023e+01,5.900833332999999925e+01,-3.418518518999999589e+00,4.526221569500000186e+01,1.000000000000000000e+00,4.992037906121132157e-02,2.389124425689329598e+02,3.276605190762361985e+02,1.517305953989654732e+00,1.898452722522648628e+01,4.035034962295958394e+01,2.799080516716757200e-02
2.153487420269809860e+01,1.069688621092499936e+01,1.049364304000000061e+02,5.501580787999999167e+00,6.979999999999999716e+01,3.625925926000000299e+00,3.724646426079999628e+01,1.000000000000000000e+00,5.700333404416409872e-02,2.639378268617465437e+02,4.465105196999193140e+02,1.252844003513414073e+00,8.748239025521284518e+00,2.479912345639315419e+01,2.910228351022809967e-01
2.096255623470860030e+01,1.141228653277190030e+00,0.000000000000000000e+00,0.000000000000000000e+00,9.154999999999999716e+01,5.780092592999999113e+00,2.047799648079999812e+01,1.000000000000000000e+00,8.789872914676725990e-02,1.607293556704784123e+02,9.667776799639686942e+02,1.263656367320914242e+00,1.793790455335406975e+01,3.683312383801046508e+01,2.608592538832936736e-01
2.215781261302469929e+01,3.590785451354289726e-01,0.000000000000000000e+00,0.000000000000000000e+00,9.145833333000000209e+01,1.022777778000000026e+01,2.058797638920000139e+01,1.000000000000000000e+00,7.784930965277944703e-02,3.107371010176141795e+02,4.562739299622138560e+02,1.258247716865786847e+00,1.062523908786797300e+01,3.003174851859824912e+01,1.115793449079811456e-01
2.150819803273699904e+01,8.118926107938630565e+00,0.000000000000000000e+00,0.000000000000000000e+00,8.973333332999999357e+01,6.099537037000000161e+00,3.059439218170000174e+01,1.000000000000000000e+00,1.775459934215746494e-02,3.300423003990018174e+02,4.368516356671012204e+02,1.607572075428696845e+00,5.915496659764633236e+00,2.592139410848031744e+01,1.517695743507431125e-02
2.549089731831670136e+01,3.500720319045459661e+01,0.000000000000000000e+00,0.000000000000000000e+00,6.391666666999999791e+01,-3.111574073999999968e+00,5.485354199079999660e+01,1.000000000000000000e+00,7.481440260010999155e-02,2.977065375683846469e+02,7.542892937300629228e+02,1.633954376071788506e+00,2.412673909244671933e+01,3.537196841354580812e+01,1.744293114246537046e-01
2.343135079374729912e+01,8.469123143694899269e+00,5.189531310999999647e+01,8.932645613000000040e+00,7.623333332999999357e+01,7.984722222000000258e+00,5.399900393419999745e+01,1.000000000000000000e+00,9.910513756444289113e-02,1.311558680008503188e+02,8.851316994663206970e+02,1.202724699052238666e+00,1.532131985105781524e+01,4.108889888831919279e+01,1.194788267718753794e-01
2.425748493693529895e+01,5.803938023999079654e+00,8.137587075999999797e+01,8.333810724999999593e+02,6.601666667000000643e+01,5.459259258999999531e+00,2.976170325420000040e+01,1.000000000000000000e+00,9.105911746781485128e-02,7.300029960346608959e+01,3.742724438159638112e+02,1.384576681619444694e+00,1.261400277394273672e+01,2.939470090606123875e+01,1.669948067052226537e-01
2.435470415420650170e+01,8.763886172880079428e+00,2.780346288999999693e+00,6.561285409999999274e+01,4.921666667000000217e+01,1.323148148000000024e+00,4.066092430420000170e+01,1.000000000000000000e+00,4.693306012560429646e-02,2.104737822824957902e+02,2.082827851355486075e+02,1.370663621697736367e+00,1.250105124312509552e+01,3.261961170385193753e+01,9.314945846105164573e-02
2.284496077918170087e+01,2.536462960637589958e+01,1.244731215999999918e+01,2.641727944000000150e+01,6.446666666999999507e+01,-2.781481481000000144e+00,5.170607009169999913e+01,1.000000000000000000e+00,3.344489715721984946e-02,2.733465735290586736e+02,8.370065545779513059e+02,1.322719130793552189e+00,2.293587456812607783e+01,3.430414885466255726e+01,2.666755826650665240e-01
2.611935591869670148e+01,0.000000000000000000e+00,0.000000000000000000e+00,0.000000000000000000e+00,7.886666667000000075e+01,1.521990740999999936e+01,2.433183101670000070e+01,0.000000000000000000e+00,5.421329668885158798e-02,2.485260460778646348e+02,7.581284133492803221e+02,1.405302578155211535e+00,2.061398734117491927e+01,2.313291328987700268e+01,6.043333922850071399e-02
2.231717081649529888e+01,5.796942057891370403e+00,0.000000000000000000e+00,0.000000000000000000e+00,9.062500000000000000e+01,4.442592593000000534e+00,3.467128177669999900e+01,1.000000000000000000e+00,6.792782870804893458e-02,1.059787101269480019e+02,4.144817288141667859e+02,1.368705516134806954e+00,2.096266551325755856e+01,3.403052155491360509e+01,2.465176389408733626e-01
2.319349286588819936e+01,1.233781850931860014e+01,0.000000000000000000e+00,0.000000000000000000e+00,9.629166666999999791e+01,4.555555555999999839e+00,3.480291537080000097e+01,1.000000000000000000e+00,4.607396861460768406e-02,1.433664109893774707e+02,6.410054224366633662e+02,1.557819049615853935e+00,1.780389000876837713e+01,4.086480549544380381e+01,2.451176104180906312e-01
2.198242287194399935e+01,7.303579863924119842e+00,0.000000000000000000e+00,0.000000000000000000e+00,5.729999999999999716e+01,3.201388888999999960e+00,3.659762223579999585e+01,1.000000000000000000e+00,9.105911746781485128e-02,7.300029960346608959e+01,3.742724438159638112e+02,1.384576681619444694e+00,1.261400277394273672e+01,2.939470090606123875e+01,1.669948067052226537e-01
2.539478988354170141e+01,0.000000000000000000e+00,4.105337481999999483e+00,3.708631958000000228e+00,5.466666666999999791e+01,2.168194443999999876e+01,2.285952361080000017e+01,0.000000000000000000e+00,9.251779572828625064e-02,3.789916353444978654e+02,8.597007386150049797e+02,1.327251764554073343e+00,2.038492153695440834e+01,3.480036580431867321e+01,1.624904878448069356e-01
2.217799313886920132e+01,1.847866880751849905e+00,0.000000000000000000e+00,0.000000000000000000e+00,9.348333332999999357e+01,6.939351852000000598e+00,2.156221687580000079e+01,1.000000000000000000e+00,6.100600306866402374e-03,2.814169453306708419e+02,8.959466629189452078e+02,1.184535606447736811e+00,1.775418211314464401e+01,3.277020891431811833e+01,4.735692990721206141e-02
2.197493633653600043e+01,2.610648187202520010e+00,0.000000000000000000e+00,0.000000000000000000e+00,8.624166667000000075e+01,4.849537037000000161e+00,2.513340559579999933e+01,1.000000000000000000e+00,4.633879501210760865e-02,2.189013338040256258e+02,4.055209104161915548e+02,1.378090206315928601e+00,1.362275624805543472e+01,4.180355183053265478e+01,7.486994137747611522e-02
2.313394067937489851e+01,2.172717735755500090e+00,0.000000000000000000e+00,0.000000000000000000e+00,1.000000000000000000e+02,9.926388889000000049e+00,2.970150377250000062e+01,1.000000000000000000e+00,5.930484486154719709e-02,6.110470253838536792e+01,6.669478838993479712e+02,1.143371474183392467e+00,1.962547022899935456e+01,4.543729911694456547e+01,1.740422520156599540e-02
2.033596516170630153e+01,7.199189629991719741e+00,7.624646948000000179e+01,4.628633540000000046e-01,9.884999999999999432e+01,3.812962962999999927e+00,3.713527578749999947e+01,1.000000000000000000e+00,6.153271122921816216e-02,3.173329587979548592e+02,9.579397028079655456e+02,1.436571979727533144e+00,2.429348696895338477e+01,3.361022346041205111e+01,2.830118262983690181e-01
2.488782425948560117e+01,0.000000000000000000e+00,2.700786258999999632e+02,1.072086618000000016e+02,6.171666667000000217e+01,1.743564814999999868e+01,2.286195138420000106e+01,0.000000000000000000e+00,1.329453777889255325e-02,9.469481312632089498e+01,5.870638790300278060e+02,1.686490901116524332e+00,2.136391354214613969e+01,2.363582629736654184e+01,1.249713255740328155e-01
2.479155065874919828e+01,1.794763158330979991e+01,0.000000000000000000e+00,0.000000000000000000e+00,5.768333333000000351e+01,-2.710648148000000202e+00,5.711793481499999814e+01,1.000000000000000000e+00,7.281078259334360092e-02,2.765155127855941828e+02,3.357836439922796217e+02,1.344281688062365587e+00,2.323337511418456813e+01,4.172443669846308723e+01,1.363509482464638281e-02
2.220953327165450020e+01,1.670738547449539979e+01,1.244118886999999951e+01,1.240225893000000079e+00,8.424166667000000075e+01,8.928240740999999758e+00,3.697503193920000086e+01,1.000000000000000000e+00,4.771063580984789138e-02,3.697987223670160120e+02,6.086053931009741973e+02,1.585040787608562152e+00,1.605612248488188243e+01,2.296729211976424168e+01,2.769300717207659468e-01
2.000362481924729963e+01,9.003021559553870290e+00,0.000000000000000000e+00,0.000000000000000000e+00,8.954999999999999716e+01,1.964351851999999843e+00,3.082628976750000049e+01,1.000000000000000000e+00,3.296263006255906874e-02,1.657702430015363575e+02,5.657688354452517387e+02,1.701319880756399172e+00,1.268731216462497891e+01,4.260138675477228531e+01,3.853663928521026266e-02
2.318719250194349968e+01,2.639083073772269916e+00,0.000000000000000000e+00,0.000000000000000000e+00,9.379999999999999716e+01,1.147314815000000010e+01,2.730352868079999951e+01,1.000000000000000000e+00,9.305088330303422361e-02,2.407441168892227097e+02,6.166480398945409434e+02,1.226463958105225682e+00,1.464759032344045764e+01,3.289598949678355666e+01,4.017207974287925754e-02
2.359121407509249835e+01,1.573597869699890062e+01,0.000000000000000000e+00,0.000000000000000000e+00,7.250000000000000000e+01,-1.150231482000000049e+01,4.592354698999999840e+01,1.000000000000000000e+00,4.992037906121132157e-02,2.389124425689329598e+02,3.276605190762361985e+02,1.517305953989654732e+00,1.898452722522648628e+01,4.035034962295958394e+01,2.799080516716757200e-02
2.406655104579980176e+01,3.427323231489180166e+00,9.810363775000000430e+01,6.708012940999999785e+01,7.970833333000000209e+01,6.031481481000000144e+00,2.721227963079999768e+01,1.000000000000000000e+00,7.044470684353393297e-02,1.469194841325573293e+02,5.789239766242121732e+02,1.336184197005007901e+00,1.617915724598488580e+01,3.151309219293611363e+01,5.526101399280986676e-02
2.317867350443529872e+01,6.343879876632350090e+00,3.178632663000000136e+01,6.450183130000000098e-01,7.734166666999999507e+01,1.186527777999999955e+01,2.807640069500000024e+01,4.166666667000000213e-01,9.577415426658987541e-02,1.443747899671303685e+02,2.666880292711653055e+02,1.683835442926175041e+00,7.536707817508647267e+00,4.130580214837499398e+01,2.655521430510329184e-01
2.217041814950070133e+01,4.202200701645599779e+00,0.000000000000000000e+00,0.000000000000000000e+00,9.657500000000000284e+01,8.934722222000001324e+00,3.102247661579999871e+01,1.000000000000000000e+00,7.879433130125103324e-02,1.862127467356250179e+02,6.775355451036334671e+02,1.398934073791168631e+00,1.732323015941433653e+01,2.013547841955066176e+01,1.279213662176665323e-01
2.162092133801720095e+01,3.035685140364579926e+00,0.000000000000000000e+00,0.000000000000000000e+00,6.621666666999999507e+01,8.096296296000000225e+00,3.354075917170000309e+01,1.000000000000000000e+00,6.762917579484706287e-02,3.390138278823389442e+02,6.974379149062583565e+02,1.172736462172099259e+00,1.143995641176210754e+01,3.800306357597798979e+01,7.941831001016777525e-02
2.323641256914559960e+01,3.280413352955979889e+01,2.177303208000000012e+01,5.970943935000000202e+00,8.928333333000000493e+01,-6.787037040000000188e-01,6.591746814830000289e+01,1.000000000000000000e+00,9.164168661828370199e-02,1.613217618115650112e+02,8.305726110147222698e+02,1.285129248368547250e+00,1.332985646880008268e+01,4.370518545746013217e+01,4.874753731339918905e-02
2.540440082057060067e+01,0.000000000000000000e+00,2.053400428000000204e+02,4.155360621000000378e+02,5.931666666999999649e+01,2.043101851999999852e+01,2.367320120420000151e+01,0.000000000000000000e+00,1.412851734541071061e-02,3.679932845433312423e+02,3.372419324206801434e+02,1.445472649677279398e+00,9.574184878705420232e+00,3.739769593962358840e+01,1.865052923540188867e-01
2.295776238375169953e+01,9.812924895898600397e+00,0.000000000000000000e+00,0.000000000000000000e+00,7.925833332999999925e+01,1.079722222000000009e+01,3.309043685329999818e+01,1.000000000000000000e+00,1.054416448262788034e-02,1.785824116346647656e+02,4.004654771548209737e+02,1.357070940894057554e+00,1.717482723374057940e+01,2.623937293888605993e+01,2.861558099278012635e-01
2.469155548652850030e+01,1.074544613448570018e+01,9.228083635000000129e+01,2.169146266999999906e+00,8.677500000000000568e+01,4.574074073999999435e+00,3.577471944420000227e+01,1.000000000000000000e+00,3.160061497864369989e-02,3.953872695502973329e+02,2.468269364141365543e+02,1.534836306311142540e+00,7.440901593873153530e+00,3.466038427944954492e+01,2.878083605520826427e-01
2.441571520686940033e+01,8.260325053634050008e+00,1.808572386999999821e+02,1.279526047000000091e+02,6.418333332999999641e+01,-9.587962959999999368e-01,4.107225958250000275e+01,1.000000000000000000e+00,7.084590953619629428e-02,1.161105886776153966e+02,6.257145164992895161e+02,1.365267076991469208e+00,1.596325893180039657e+01,4.472691659222337535e+01,2.094858923048211474e-01
2.343875197989209980e+01,6.756724466323370315e+00,0.000000000000000000e+00,0.000000000000000000e+00,9.834999999999999432e+01,2.313888889000000226e+00,3.522463400830000069e+01,1.000000000000000000e+00,8.065439376371233426e-02,8.530980868712042309e+01,3.909278251679068035e+02,1.452978717102912931e+00,1.324107140740249555e+01,3.628038377051132102e+01,4.828355032893231341e-02
2.512286803536580138e+01,2.302561376130600124e+01,1.825110670999999840e+01,5.994594158999999536e+02,5.380833333000000351e+01,-7.060185190000000111e-01,4.755876097080000164e+01,1.000000000000000000e+00,2.543721985432643648e-02,3.872121280852414316e+02,2.981529630477569413e+02,1.642210435997192963e+00,1.042397219942097841e+01,3.880268759562582659e+01,2.009353324292050269e-01
2.039251650746370004e+01,1.013206604021939938e+01,0.000000000000000000e+00,0.000000000000000000e+00,8.409166666999999507e+01,-8.425925925999999677e+00,3.784703190750000346e+01,1.000000000000000000e+00,5.421329668885158798e-02,2.485260460778646348e+02,7.581284133492803221e+02,1.405302578155211535e+00,2.061398734117491927e+01,2.313291328987700268e+01,6.043333922850071399e-02
2.347859822832090160e+01,0.000000000000000000e+00,1.771444401999999627e+02,1.078399442999999902e+00,6.561666667000000075e+01,1.067222222000000009e+01,2.112020344920000170e+01,0.000000000000000000e+00,2.776406569051850098e-02,1.472675945298637430e+02,9.182456444630421402e+02,1.293543683107304609e+00,5.754022054519328577e+00,4.854466230449962438e+01,2.320002079979882614e-01
2.201631370823839973e+01,2.097420129452479998e+01,0.000000000000000000e+00,0.000000000000000000e+00,6.262500000000000000e+01,-6.781018518999999856e+00,4.365219611170000036e+01,1.000000000000000000e+00,1.300364649474524195e-02,2.654920581742428567e+02,7.263343975052040378e+02,1.597671346217352628e+00,1.346698312166014588e+01,2.053590293554913870e+01,9.721322458596010074e-02
2.296156087674599888e+01,9.891096273898890345e+00,0.000000000000000000e+00,0.000000000000000000e+00,6.831666705000000661e+01,5.227623337999999897e+00,3.390364045919999825e+01,1.000000000000000000e+00,1.265182072350861525e-02,3.690011327196021398e+02,8.402519847125346359e+02,1.548773185715700329e+00,1.917353697405982160e+01,3.327698299022326722e+01,1.160933880019816324e-02
2.476539748029140142e+01,1.921666848561149976e+01,4.217488003999999790e+00,5.059697765000000125e+00,7.159166666999999507e+01,3.267592593000000267e+00,4.796266944500000307e+01,1.000000000000000000e+00,4.992037906121132157e-02,2.389124425689329598e+02,3.276605190762361985e+02,1.517305953989654732e+00,1.898452722522648628e+01,4.035034962295958394e+01,2.799080516716757200e-02
2.361821662457219873e+01,3.973302987033790146e+00,0.000000000000000000e+00,0.000000000000000000e+00,7.377500000000000568e+01,1.077407408000000011e+01,2.683921889750000034e+01,1.000000000000000000e+00,6.997834870684135899e-02,2.095349650543933819e+02,6.048223760351939973e+02,1.507438213230785529e+00,1.907756398766698425e+01,4.353739481046689264e+01,1.367172747187333781e-01
2.183095332419249957e+01,6.884740778783790205e+00,0.000000000000000000e+00,0.000000000000000000e+00,9.175000000000000000e+01,2.623148148000000290e+00,3.594592781419999739e+01,1.000000000000000000e+00,7.574657988431381106e-02,3.086738990194212420e+02,7.838914135721546472e+02,1.388013099305438480e+00,1.399551913561105998e+01,2.707513972234120914e+01,2.140424837378515077e-01
2.084019581302599988e+01,6.040968701002550345e-01,3.593136988999999915e+01,4.154035466000000270e+02,2.789166666999999933e+01,8.194444444000000161e+00,2.061090879580000035e+01,1.000000000000000000e+00,1.942357076168656910e-02,1.916705883370163122e+02,9.485950462696770273e+02,1.570937780514877424e+00,8.235054988776919771e+00,3.635856406709815758e+01,2.547366351376310067e-01
2.020030985761989939e+01,1.237623718228939929e+01,0.000000000000000000e+00,0.000000000000000000e+00,8.116666666999999791e+01,-1.062268519000000033e+01,4.513603634420000077e+01,1.000000000000000000e+00,2.776406569051850098e-02,1.472675945298637430e+02,9.182456444630421402e+02,1.293543683107304609e+00,5.754022054519328577e+00,4.854466230449962438e+01,2.320002079979882614e-01
2.014724945068390127e+01,2.628928382548300036e+01,1.161104212000000047e+02,3.797063861999999972e+02,4.895000000000000284e+01,-1.066666667000000013e+00,2.720546178580000074e+01,1.000000000000000000e+00,6.932913003775606486e-02,2.227031466540765905e+02,5.177866181415990923e+02,1.652996874561954765e+00,1.976043502902501459e+01,2.748877180539810894e+01,2.647692998229461692e-01
2.312733079029689875e+01,0.000000000000000000e+00,1.780289530999999954e+02,4.915973554999999884e+00,7.506666497000000504e+01,1.506574099000000011e+01,2.627294788420000060e+01,0.000000000000000000e+00,3.547626177986536872e-02,1.072614220071855300e+02,2.518499008532978110e+02,1.274200643518152543e+00,1.342731448643723446e+01,4.408236248649745903e+01,2.820432278202098519e-01
2.532550888682839840e+01,0.000000000000000000e+00,8.354066858000000195e+01,2.711041605999999859e+01,7.404807787000000019e+01,1.671371049000000042e+01,2.376673240750000105e+01,0.000000000000000000e+00,3.818725909963858328e-02,2.844445594091038174e+02,5.018964497287317386e+02,1.623751189720151533e+00,2.304212171324742187e+01,3.445136634543330700e+01,1.251442739532624415e-01
2.288651925264990084e+01,8.189264973356310762e+00,1.828201521000000014e+02,3.953008371999999895e+02,5.349166667000000075e+01,6.275462962999999839e+00,3.325648764329999807e+01,1.000000000000000000e+00,6.792782870804893458e-02,1.059787101269480019e+02,4.144817288141667859e+02,1.368705516134806954e+00,2.096266551325755856e+01,3.403052155491360509e+01,2.465176389408733626e-01
2.431450558391989958e+01,2.689728331214390167e+01,3.622397448000000253e+01,9.610844885000000559e+00,9.364166667000000643e+01,1.806944445000000066e+00,6.287271273079999645e+01,1.000000000000000000e+00,2.128224090673734581e-02,3.253163273988020023e+02,2.387449550199985993e+02,1.424708486423512888e+00,2.378420164180331398e+01,3.973461630991904769e+01,2.364714813895162360e-01
2.401713625884989867e+01,4.372127584770310271e+00,7.220453994000000364e+01,1.798263181000000088e+01,7.462500000000000000e+01,1.342638889000000013e+01,2.740463718920000247e+01,1.000000000000000000e+00,2.243698379324969919e-02,2.184388231483130198e+02,7.431623282859450228e+02,1.203758350815120171e+00,1.737977290833993393e+01,4.129108181268188105e+01,2.198081498584992799e-01
2.198521479912680121e+01,1.094095211818819990e+01,0.000000000000000000e+00,0.000000000000000000e+00,4.372500000000000142e+01,-1.398148150000000089e-01,4.035189675920000241e+01,1.000000000000000000e+00,9.569700866938646300e-02,2.962990637726338718e+02,7.211803147668911151e+02,1.468794617567019900e+00,1.074722250048554884e+01,2.300984278125367055e+01,9.453229648248634431e-02
2.499883418474840013e+01,3.465188966479439969e-01,9.458780086999999526e+01,8.460080444999999827e+01,5.152499999999999858e+01,5.501851852000000598e+00,2.094123722169999979e+01,1.000000000000000000e+00,6.379375517894211867e-02,3.559536730190615117e+02,2.230090518623935338e+02,1.361287314880304189e+00,7.661819363053766097e+00,4.258785819811231477e+01,3.126824907213730798e-02
2.294732337574719949e+01,2.881789276097989827e+01,2.709838005999999950e+02,9.329155608000000655e+01,5.500000000000000000e+01,-3.392592593000000267e+00,4.586302277829999952e+01,1.000000000000000000e+00,1.880903694966641268e-02,2.430140013505503020e+02,9.263012057538713862e+02,1.621584727331519149e+00,6.338455184252985930e+00,3.233406980549609955e+01,1.379294848480235869e-01
1.968495662533819868e+01,1.003124047710960021e+01,0.000000000000000000e+00,0.000000000000000000e+00,6.090833332999999783e+01,-6.094907407000000887e+00,3.197341137420000123e+01,1.000000000000000000e+00,2.537831630685201054e-02,8.827164296881230143e+01,6.140277169644946298e+02,1.561057048382332280e+00,6.040808703099958876e+00,3.189276953039725271e+01,1.558404504555707115e-01
2.470690009375340068e+01,1.658079469776960124e+01,2.085037619000000007e+02,6.182384454999999690e+01,6.981666667000000359e+01,1.333333329999999983e-01,4.266966884170000185e+01,1.000000000000000000e+00,2.128224090673734581e-02,3.253163273988020023e+02,2.387449550199985993e+02,1.424708486423512888e+00,2.378420164180331398e+01,3.973461630991904769e+01,2.364714813895162360e-01
1.963586716829980006e+01,1.044232363815240028e+01,0.000000000000000000e+00,0.000000000000000000e+00,7.650000000000000000e+01,3.951388888999999960e+00,2.650713044079999747e+01,1.000000000000000000e+00,8.975289966403603853e-03,1.876735754118443822e+02,8.930184689821246593e+02,1.678627753179147808e+00,1.022533783709252830e+01,2.915742085226185054e+01,5.694152520664155087e-02
2.119552819785030096e+01,1.094040328847700083e+00,0.000000000000000000e+00,0.000000000000000000e+00,6.029166666999999791e+01,1.020185185000000061e+01,2.133521620420000175e+01,0.000000000000000000e+00,8.484108372320520175e-02,3.120972698731286528e+02,7.164903343718171982e+02,1.493071033170335182e+00,2.446230681523985950e+01,2.224204123697881030e+01,1.176148942191034968e-01
2.469418441721510149e+01,6.075874285366420491e-01,0.000000000000000000e+00,0.000000000000000000e+00,4.763333332999999925e+01,1.492175925999999997e+01,2.321058362500000172e+01,1.000000000000000000e+00,1.819901466007314492e-02,6.396691388407221979e+01,2.753425295601029461e+02,1.578351156986988801e+00,2.184451876396081005e+01,4.389532896881425472e+01,2.301274469492584629e-01
2.340856516080729932e+01,4.471225100847020073e+00,0.000000000000000000e+00,0.000000000000000000e+00,8.695000000000000284e+01,1.073240741000000043e+01,3.101273018499999878e+01,1.000000000000000000e+00,9.228792748026343196e-02,2.674691946300300742e+02,6.451107621131227461e+02,1.520186348558507206e+00,1.972852517548151852e+01,3.470176495489340596e+01,2.167981913162335961e-01
2.125183475769820163e+01,6.282031914366269731e+00,0.000000000000000000e+00,0.000000000000000000e+00,9.220000000000000284e+01,5.509259258999999354e+00,3.372763637919999979e+01,1.000000000000000000e+00,2.933164379366436786e-02,2.584982863852592345e+02,4.107508386952637238e+02,1.337720637600462892e+00,9.026016555869411206e+00,3.697416323463657761e+01,1.719964752254141971e-01
2.374278837804870079e+01,7.280287639852540238e+00,0.000000000000000000e+00,0.000000000000000000e+00,7.832500000000000284e+01,1.074675925999999926e+01,3.284875577670000268e+01,1.000000000000000000e+00,5.114657301354062074e-02,2.901358548116169231e+02,7.565542042219450423e+02,1.342594092083911228e+00,2.490164893909071253e+01,4.528731731750887235e+01,2.848192105466338941e-01
2.092286129008219930e+01,0.000000000000000000e+00,1.671695178000000226e+00,7.724118659999998915e-01,5.681666666999999649e+01,1.067129629999999985e+01,2.148101759249999887e+01,0.000000000000000000e+00,1.804272917065218029e-02,1.577434600494538017e+02,8.875652844167443618e+02,1.584167749284490556e+00,1.374624852680519638e+01,3.706164698586495376e+01,8.543849461063494910e-02
1.803736064879489831e+01,3.272109764396879683e+01,6.654231753999999910e+01,1.096570086000000011e+01,7.156666667000000359e+01,-9.408333332999999854e+00,6.559897342669999887e+01,1.000000000000000000e+00,7.403992565602275644e-02,7.708431406286509002e+01,7.043608407574614603e+02,1.238909426405674585e+00,5.123860483833588830e+00,2.631974990595942998e+01,2.788319595440054699e-01
2.548726574119870136e+01,1.516183149483549997e+01,6.100516651000000223e+01,9.908751529999999530e-01,9.855833332999999641e+01,8.000000000000000000e+00,3.982166111669999964e+01,1.000000000000000000e+00,2.128224090673734581e-02,3.253163273988020023e+02,2.387449550199985993e+02,1.424708486423512888e+00,2.378420164180331398e+01,3.973461630991904769e+01,2.364714813895162360e-01
2.209745685265760073e+01,4.887147109183249682e+00,1.875649233000000038e+02,4.070443142000000236e+00,6.179999999999999716e+01,1.193194444000000054e+01,2.772627815170000076e+01,1.000000000000000000e+00,8.119660425189252628e-02,3.883844733590773330e+02,4.987137082697278743e+02,1.134117219720587988e+00,1.004657505608434320e+01,4.768240484513520272e+01,1.876893991987230725e-01
2.010084721630270010e+01,3.026999207236719869e+01,5.922498967000000114e+00,2.093747133999999832e+01,7.682500000000000284e+01,-3.824537036999999806e+00,5.667744041579999958e+01,1.000000000000000000e+00,4.877271210919142258e-02,1.330449277981706189e+02,4.554968306471056394e+02,1.547175440877975650e+00,1.208533528383089717e+01,2.392626969914874380e+01,2.400505464105392728e-01
2.316009258611540034e+01,4.390976086196520356e+00,0.000000000000000000e+00,0.000000000000000000e+00,8.920833333000000209e+01,6.497222222000000436e+00,3.005448634249999884e+01,1.000000000000000000e+00,8.673399011883044241e-02,2.498413382341755664e+02,4.732355243711289177e+02,1.618278751169665020e+00,1.892485454374157783e+01,3.861676330752999320e+01,1.057900576801856611e-02
2.433935630346099899e+01,1.615316397609339916e+01,3.921009372000000326e+01,1.623797929999999945e-01,9.345833333000000209e+01,6.105555556000000550e+00,3.915806846750000147e+01,1.000000000000000000e+00,6.696835026741254637e-02,2.698491787836948106e+02,4.503748212198375995e+02,1.611253119505373643e+00,9.170685599707086411e+00,4.748562473557964836e+01,2.697857139168742258e-01
2.246808541196260123e+01,6.796635572761419830e+00,0.000000000000000000e+00,0.000000000000000000e+00,9.177500000000000568e+01,5.005092593000000534e+00,3.106476320750000042e+01,1.000000000000000000e+00,5.306316170138770938e-02,3.547507571560344672e+02,3.285862877342519823e+02,1.675067009342913193e+00,1.828358846340802302e+01,2.822202289094961714e+01,2.051699075778609660e-02
2.320842788389130007e+01,2.848598113790770014e+01,6.481970891999999651e+01,4.888890348000000330e+00,6.828333333000000493e+01,7.703703699999999710e-01,4.961848842580000252e+01,1.000000000000000000e+00,2.091482165130597454e-02,3.007797054996864858e+02,7.861965919554331776e+02,1.474238368517433617e+00,8.347883664123747494e+00,2.158535552966576532e+01,3.745145571091756942e-02
2.396994195127269833e+01,5.975387038560629804e+01,2.441598519999999795e+01,4.134369023000000531e+00,8.404999999999999716e+01,-9.814814800000000450e-02,6.497891245419999962e+01,1.000000000000000000e+00,7.580097972095167433e-03,1.884671618242002751e+02,5.635477606074257437e+02,1.658406166167734952e+00,1.106650650444476547e+01,3.999338831574142006e+01,2.797392348781208016e-01
2.276236196342119911e+01,3.378575378310380017e+00,0.000000000000000000e+00,0.000000000000000000e+00,8.410833332999999357e+01,1.122870370000000051e+01,3.058259292580000022e+01,1.000000000000000000e+00,9.426627698555294088e-02,1.371736557171880690e+02,8.704030768101417834e+02,1.388696536443357665e+00,1.992168676923515491e+01,2.860770518428437015e+01,1.537530508870826873e-01
2.368086704078400118e+01,1.177287293957589931e+01,0.000000000000000000e+00,0.000000000000000000e+00,9.118333332999999641e+01,3.132407407000000088e+00,3.793949773579999629e+01,1.000000000000000000e+00,2.869373346881124928e-02,3.853866584926353767e+02,7.767982384108805718e+02,1.636047185358021405e+00,1.316519523168282113e+01,3.490700060015858952e+01,1.446467756418347295e-02
1.959855325730639919e+01,1.571160361237899927e+01,0.000000000000000000e+00,0.000000000000000000e+00,7.243333332999999641e+01,-1.152685184999999990e+01,4.972100777829999885e+01,1.000000000000000000e+00,2.325600023505648012e-02,2.260964526392460812e+02,6.987466093780706160e+02,1.303220901772758733e+00,1.683301887868543290e+01,3.989520452757944469e+01,2.513046666522477657e-01
2.185445498395510100e+01,6.986689401601330118e+00,0.000000000000000000e+00,0.000000000000000000e+00,6.213333332999999925e+01,5.143981480999999967e+00,3.518216882499999798e+01,1.000000000000000000e+00,6.570604881459900237e-02,1.315476494371762044e+02,6.379748465932993895e+02,1.418722506740525136e+00,1.178465121797544057e+01,2.525161893397439172e+01,1.946239941125389450e-01
2.227002312512119886e+01,3.676094093755879921e+00,0.000000000000000000e+00,0.000000000000000000e+00,7.320833333000000209e+01,-5.426851852000000420e+00,2.920059515670000039e+01,1.000000000000000000e+00,2.933164379366436786e-02,2.584982863852592345e+02,4.107508386952637238e+02,1.337720637600462892e+00,9.026016555869411206e+00,3.697416323463657761e+01,1.719964752254141971e-01
2.475032979477539996e+01,2.318572059720399992e+01,2.929441381999999976e+02,1.499253694000000223e+02,6.319166666999999649e+01,-3.987499999999999822e+00,4.739713837829999932e+01,1.000000000000000000e+00,6.855150571949561455e-02,1.536589562666595441e+02,5.058881392437985483e+02,1.697594565131493649e+00,2.382816118642987391e+01,4.298058880278145466e+01,2.436691302250956481e-01
2.143022379062140104e+01,6.391677134166950047e+00,0.000000000000000000e+00,0.000000000000000000e+00,9.685833332999999357e+01,2.867592592999999912e+00,3.615109489000000309e+01,1.000000000000000000e+00,3.704927208159316393e-02,1.707945117967209967e+02,3.992926119131223004e+02,1.291237982925562466e+00,1.296370780002279943e+01,3.300934173133230587e+01,1.504295501750829156e-01
