EST,iw north average temp C,iw heating energy J,,,,
1/01/2017 1:00,21.27891391,88365898.008,,,,
1/01/2017 2:00,21.2373823,88637605.596,,,,
1/01/2017 3:00,21.14239322,93337930.908,,,,
1/01/2017 4:00,21.08577301,90778416.228,,,,
1/01/2017 5:00,21.06812094,92821474.332,,,,
1/01/2017 6:00,21.00549489,93924134.64,,,,
1/01/2017 7:00,20.96402965,96646003.92, ,,,
1/01/2017 8:00,20.91073933,95324851.188,,,,
1/01/2017 9:00,21.28490417,284734642.428,,,,
1/01/2017 10:00,22.51812037,163358294.328,,,,
1/01/2017 11:00,23.28362317,18197803.8648,,,,
1/01/2017 12:00,23.31123003,39759938.136,,,,
1/01/2017 13:00,23.31964735,27354342.4596,,,,
1/01/2017 14:00,23.28554348,56483486.424,,, ,
1/01/2017 15:00,23.30071129,34394256.7848,,,,
1/01/2017 16:00,23.21388019,52720317.648,,,,
1/01/2017 17:00,23.03971114,61413368.58,,,,
1/01/2017 18:00,22.66002581,76906373.796,,,,
1/01/2017 19:00,22.69840432,136943078.436,,,,
1/01/2017 20:00,22.64044736,31135290.9444,,,,
1/01/2017 21:00,22.14263956,66673001.988,,,,
1/01/2017 22:00,21.84698209,72372664.584,,,,
1/01/2017 23:00,21.67080814,79132914.108,,,,
2/01/2017 0:00,21.52832546,77831042.76,,,,
2/01/2017 1:00,21.42907733,80776423.728,,,,
2/01/2017 2:00,21.3724752,84372479.388,,,,
2/01/2017 3:00,21.26864549,87900202.944,,,,
2/01/2017 4:00,21.22657691,85887365.4,,,,
2/01/2017 5:00,21.20619483,86819966.928,,,,
2/01/2017 6:00,21.21245165,88679481.048,,,,
2/01/2017 7:00,21.23112614,86429013.444,,,,
2/01/2017 8:00,21.59571631,247168247.688,,,,
2/01/2017 9:00,22.62881582,151045756.092,,,,
2/01/2017 10:00,22.96680526,35281339.7832,,,, 
2/01/2017 11:00,22.69308737,143063081.784,,,,
2/01/2017 12:00,22.876631,30754381.2804,,,,
2/01/2017 13:00,22.7779377,61677492.408,,,,
2/01/2017 14:00,22.71340608,66427182.648,,,,
2/01/2017 15:00,22.69104629,61982309.952,,,,
2/01/2017 16:00,22.70942311,61009206.768,,,,
2/01/2017 17:00,22.66588199,67449902.256,,,,
2/01/2017 18:00,22.65412484,65371706.208,,,,
2/01/2017 19:00,22.59602806,61557097.752,,,,
2/01/2017 20:00,22.55422906,139040277.948,,,,
2/01/2017 21:00,22.67839816,14012607.7332,,,,
2/01/2017 22:00,22.50757888,54373949.352,,,,
2/01/2017 23:00,22.3341661,54037675.332,,,,
3/01/2017 0:00,22.15760728,61849069.668,,,,
3/01/2017 1:00,22.02918487,65485220.472,,,,
3/01/2017 2:00,22.03615898,62954723.988,,,,
3/01/2017 3:00,21.93746759,66779173.98,,,,
3/01/2017 4:00,21.90030701,65830147.56,,,,
3/01/2017 5:00,21.91138176,63974182.428,,,,
3/01/2017 6:00,21.85749829,69365612.34,,,,
3/01/2017 7:00,21.81376241,65418694.056,,,,
3/01/2017 8:00,22.10175872,231841031.508,,,,
3/01/2017 9:00,22.89831613,66062686.5,,,,
3/01/2017 10:00,22.79905922,49518827.064,,,,
3/01/2017 11:00,22.63539285,158677572.564,,,,
3/01/2017 12:00,22.88617205,35458355.2572,,,,
3/01/2017 13:00,22.69900643,64955004.516,,,,
3/01/2017 14:00,22.64515056,138930224.796,,,,
3/01/2017 15:00,22.89769577,25372059.7356,,,,
3/01/2017 16:00,22.79120127,62849751.948,,,,
3/01/2017 17:00,22.67620835,66775196.304,,,,
3/01/2017 18:00,22.68571419,119932928.028,,,,
3/01/2017 19:00,22.89110942,41645721.6,,,,
3/01/2017 20:00,22.86512659,59343205.608,,,,
3/01/2017 21:00,22.76419172,31365548.5248,,,,
3/01/2017 22:00,22.58294053,48631316.976,,,,
3/01/2017 23:00,22.47005524,51934338.648,,,,
4/01/2017 0:00,22.40431159,52603387.272,,,,
4/01/2017 1:00,22.26666625,55796238.756,,,,
4/01/2017 2:00,22.24933666,57019850.748,,,,
4/01/2017 3:00,22.11571997,65399190.372,,,,
4/01/2017 4:00,21.99562137,66218852.448,,,,
4/01/2017 5:00,21.91568607,65017678.392,,,,
4/01/2017 6:00,21.82864622,65851928.748,,,,
4/01/2017 7:00,21.78149237,69157624.284,,,,
4/01/2017 8:00,21.92918466,269869736.052,,,,
4/01/2017 9:00,22.72245613,103265253.468,,,,
4/01/2017 10:00,22.74129604,78503452.164,,,,
4/01/2017 11:00,22.60573722,65482837.848,,,,
4/01/2017 12:00,22.73539843,76706151.768,,,,
4/01/2017 13:00,22.84002149,77979123.54,,,,
4/01/2017 14:00,22.77404555,95768072.028,,,,
4/01/2017 15:00,22.60101685,103794201.936,,,,
4/01/2017 16:00,22.55887944,106894207.044,,,,
4/01/2017 17:00,22.56106043,194058660.42,,,,
4/01/2017 18:00,22.68522323,123148273.176,,,,
4/01/2017 19:00,22.59707786,236390336.208,,,,
4/01/2017 20:00,22.69579745,131855790.78,,,,
4/01/2017 21:00,22.36776864,20297308.8204,,,,
4/01/2017 22:00,21.67902939,93054147.444,,,,
4/01/2017 23:00,21.1597545,97698556.836,,,,
5/01/2017 0:00,20.7640393,106863307.308,,,,
5/01/2017 1:00,20.48110403,118254890.772,,,,
5/01/2017 2:00,20.29895023,115815878.712,,,,
5/01/2017 3:00,20.22487258,118607835.204,,,,
5/01/2017 4:00,20.07946874,125310595.716,,,,
5/01/2017 5:00,19.98743715,124894513.656,,,,
5/01/2017 6:00,19.90839689,128426422.104,,,,
5/01/2017 7:00,19.81405692,130631088.096,,,,
5/01/2017 8:00,20.16330866,296414197.884,,,,
5/01/2017 9:00,21.20688336,238381866.9,,,,
5/01/2017 10:00,22.13286358,230498838.648,,,,
5/01/2017 11:00,22.83412297,113631230.736,,,,
5/01/2017 12:00,22.68471652,138519575.028,,,,
5/01/2017 13:00,22.59709478,200153399.832,,,,
5/01/2017 14:00,22.78259764,106918106.472,,,,
5/01/2017 15:00,22.62260625,216917613.468,,,,
5/01/2017 16:00,22.80287428,127771018.344,,,,
5/01/2017 17:00,22.70393622,226571914.98,,,,
5/01/2017 18:00,22.77143124,165248382.996,,,,
5/01/2017 19:00,22.86518659,134451784.044,,,,
5/01/2017 20:00,22.77799986,202096099.116,,,,
5/01/2017 21:00,22.65885176,19397269.422,,,,
5/01/2017 22:00,21.76592837,88070662.656,,,,
5/01/2017 23:00,21.14020222,101358400.392,,,,
6/01/2017 0:00,20.72782687,111202142.724,,,,
6/01/2017 1:00,20.42947028,120096750.888,,,,
6/01/2017 2:00,20.30235301,119347091.712,,,,
6/01/2017 3:00,20.1003529,127055896.848,,,,
6/01/2017 4:00,19.93443888,131544069.552,,,,
6/01/2017 5:00,19.79059927,137099671.308,,,,
6/01/2017 6:00,19.61946809,137472676.668,,,,
6/01/2017 7:00,19.49449496,145124825.508,,,,
6/01/2017 8:00,19.63645181,276451851.888,,,,
6/01/2017 9:00,20.50265179,257708399.364,,,,
6/01/2017 10:00,21.62065358,229099909.824,,,,
6/01/2017 11:00,22.65508241,148244588.1,,,,
6/01/2017 12:00,22.65048747,108669938.22,,,,
6/01/2017 13:00,22.64421272,88371340.092,,,,
6/01/2017 14:00,22.64031409,186413727.672,,,,
6/01/2017 15:00,22.91983646,159231072.456,,,,
6/01/2017 16:00,22.81664524,149333880.852,,,,
6/01/2017 17:00,22.62269262,256527602.28,,,,
6/01/2017 18:00,22.76964146,175283720.964,,,,
6/01/2017 19:00,22.78640657,226636021.008,,,,
6/01/2017 20:00,22.7900603,201754059.372,,,,
6/01/2017 21:00,22.49237002,21166339.518,,,,
6/01/2017 22:00,21.42847052,99006488.388,,,,
6/01/2017 23:00,20.69766164,119391341.688,,,,
7/01/2017 0:00,20.21183592,127199106.9,,,,
7/01/2017 1:00,19.90202523,139087295.64,,,,
7/01/2017 2:00,19.70890022,143977902.696,,,,
7/01/2017 3:00,19.55530601,146861435.808,,,,
7/01/2017 4:00,19.44563531,146615484.564,,,,
7/01/2017 5:00,19.34035139,151875880.596,,,,
7/01/2017 6:00,19.2543313,154902661.344,,,,
7/01/2017 7:00,19.21837716,152318669.976,,,,
7/01/2017 8:00,19.18627364,161589798.648,,,,
7/01/2017 9:00,19.49686436,288707895.648,,,,
7/01/2017 10:00,20.53785634,248395552.848,,,,
7/01/2017 11:00,21.72874611,232457420.808,,,,
7/01/2017 12:00,22.82107201,131609794.932,,,,
7/01/2017 13:00,22.83829382,129585234.6,,,,
7/01/2017 14:00,22.64840548,243361680.588,,,,
7/01/2017 15:00,22.75329829,168733209.528,,,,
7/01/2017 16:00,22.83242969,164593513.008,,,,
7/01/2017 17:00,22.70255184,271342556.964,,,,
7/01/2017 18:00,22.79599772,182761517.628,,,,
7/01/2017 19:00,22.57611732,262928118.168,,,,
7/01/2017 20:00,22.30019726,23073023.7432,,,,
7/01/2017 21:00,21.04683442,124109634.312,,,,
7/01/2017 22:00,20.25042934,132555606.66,,,,
7/01/2017 23:00,19.77315032,144812148.408,,,,
8/01/2017 0:00,19.52608204,147644911.152,,,,
8/01/2017 1:00,19.31772898,154228810.824,,,,
8/01/2017 2:00,19.12807569,159946290.144,,,,
8/01/2017 3:00,18.94231789,165885893.928,,,,
8/01/2017 4:00,18.78690998,174961875.456,,,,
8/01/2017 5:00,18.66043365,172664079.156,,,,
8/01/2017 6:00,18.57297175,173482692.012,,,,
8/01/2017 7:00,18.47883768,186291446.868,,,,
8/01/2017 8:00,18.41052125,178341182.388,,,,
8/01/2017 9:00,18.72143736,289286287.524,,,,
8/01/2017 10:00,19.84164619,245546467.056,,,,
8/01/2017 11:00,20.85397372,239123336.148,,,,
8/01/2017 12:00,21.59869626,236087421.588,,,,
8/01/2017 13:00,22.13048135,237225837.492,,,,
8/01/2017 14:00,22.57731642,238824837.432,,,,
8/01/2017 15:00,22.78524115,197079445.368,,,,
8/01/2017 16:00,22.74297818,198470142.684,,,,
8/01/2017 17:00,22.73659955,207614781.432,,,,
8/01/2017 18:00,22.56245791,256988693.376,,,,
8/01/2017 19:00,22.58940708,231962576.796,,,,
8/01/2017 20:00,22.09975315,33879568.0788,,,,
8/01/2017 21:00,20.87487562,117040437.828,,,,
8/01/2017 22:00,20.20225495,132710851.404,,,,
8/01/2017 23:00,19.75834172,142270018.704,,,,
9/01/2017 0:00,19.47139928,151392259.188,,,,
9/01/2017 1:00,19.30699359,157309628.148,,,,
9/01/2017 2:00,19.15459024,155902458.312,,,,
9/01/2017 3:00,19.03073529,168516093.564,,,,
9/01/2017 4:00,18.95471278,161443048.284,,,,
9/01/2017 5:00,18.92712208,168779301.372,,,,
9/01/2017 6:00,18.90261033,161611637.544,,,,
9/01/2017 7:00,18.84214922,173074023.036,,,,
9/01/2017 8:00,19.16870563,287250984.9,,,,
9/01/2017 9:00,20.00113609,251183321.568,,,,
9/01/2017 10:00,20.65579018,241380725.832,,,,
9/01/2017 11:00,21.26854106,237588899.976,,,,
9/01/2017 12:00,22.05010843,232382413.296,,,,
9/01/2017 13:00,22.77721643,178720203.564,,,,
9/01/2017 14:00,23.03744323,119501831.592,,,,
9/01/2017 15:00,23.05668175,116839370.88,,,,
9/01/2017 16:00,22.84538099,157991129.388,,,,
9/01/2017 17:00,22.84962237,138477779.856,,,,
9/01/2017 18:00,22.71694111,260158077.684,,,,
9/01/2017 19:00,22.9248455,113844300.264,,,,
9/01/2017 20:00,22.81076343,216310607.46,,,,
9/01/2017 21:00,22.71108618,19234757.9952,,,,
9/01/2017 22:00,21.75740014,94628173.068,,,,
9/01/2017 23:00,21.21859744,102097678.932,,,,
10/01/2017 0:00,20.88184524,105715176.912,,,,
10/01/2017 1:00,20.64877919,114437091.888,,,,
10/01/2017 2:00,20.42912578,121453335.792,,,,
10/01/2017 3:00,20.25094468,124662545.172,,,,
10/01/2017 4:00,20.14813548,128519344.656,,,,
10/01/2017 5:00,20.15667036,128247374.988,,,,
10/01/2017 6:00,20.06976168,121856481.288,,,,
10/01/2017 7:00,19.9521312,132110743.86,,,,
10/01/2017 8:00,20.21675715,267901779.204,,,,
10/01/2017 9:00,21.22601586,241015715.604,,,,
10/01/2017 10:00,22.23723924,232120582.416,,,,
10/01/2017 11:00,23.00777465,82512060.732,,,,
10/01/2017 12:00,22.80065844,215659880.244,,,,
10/01/2017 13:00,22.94602385,78906800.988,,,,
10/01/2017 14:00,22.88611668,139307307.624,,,,
10/01/2017 15:00,22.85088212,192104463.78,,,,
10/01/2017 16:00,23.00151073,36107572.968,,,,
10/01/2017 17:00,22.81234467,137611958.94,,,,
10/01/2017 18:00,22.79078513,148458051.504,,,,
10/01/2017 19:00,23.01336189,43440525.252,,,,
10/01/2017 20:00,22.76826045,147848347.368,,,,
10/01/2017 21:00,22.65872017,16680483.2628,,,,
10/01/2017 22:00,22.27504702,65213432.1,,,,
10/01/2017 23:00,21.95911486,69068708.172,,,,
11/01/2017 0:00,21.65901567,78091140.06,,,,
11/01/2017 1:00,21.53465492,80096594.508,,,,
11/01/2017 2:00,21.57202487,75509650.512,,,,
11/01/2017 3:00,21.69801906,74084948.784,,,,
11/01/2017 4:00,21.65071713,76527742.788,,,,
11/01/2017 5:00,21.54054226,75991022.1,,,,
11/01/2017 6:00,21.44179655,80244879.228,,,,
11/01/2017 7:00,21.35788596,83576685.492,,,,
11/01/2017 8:00,21.5264415,244776362.796,,,,
11/01/2017 9:00,22.52006194,155565434.952,,,,
11/01/2017 10:00,23.11337601,25513343.9928,,,,
11/01/2017 11:00,22.98719524,61939881.468,,,,
11/01/2017 12:00,23.05372323,48817864.296,,,,
11/01/2017 13:00,23.24630882,44547840.396,,,,
11/01/2017 14:00,23.40528808,21596262.9588,,,,
11/01/2017 15:00,23.33580078,58900317.336,,,,
11/01/2017 16:00,23.28533112,47737708.596,,,,
11/01/2017 17:00,23.12152148,55210496.508,,,,
11/01/2017 18:00,22.94575442,58822786.98,,,,
11/01/2017 19:00,22.69346752,63402807.672,,,,
11/01/2017 20:00,22.62648592,125372938.536,,,,
11/01/2017 21:00,22.75049689,22214662.5888,,,,
11/01/2017 22:00,22.46633303,55278447.48,,,,
11/01/2017 23:00,22.37616508,54303812.136,,,,
12/01/2017 0:00,22.36827573,49374802.8,,,,
12/01/2017 1:00,22.37624363,26339675.49,,,,
12/01/2017 2:00,22.28767064,0,,,,
12/01/2017 3:00,22.13386242,0,,,,
12/01/2017 4:00,21.96535288,0,,,,
12/01/2017 5:00,21.84206427,0,,,,
12/01/2017 6:00,21.74938177,0,,,,
12/01/2017 7:00,21.68302225,0,,,,
12/01/2017 8:00,21.63507779,0,,,,
12/01/2017 9:00,21.61222651,0,,,,
12/01/2017 10:00,21.59849007,0,,,,
12/01/2017 11:00,21.66601073,0,,,,
12/01/2017 12:00,21.77417488,0,,,,
12/01/2017 13:00,21.99214651,0,,,,
12/01/2017 14:00,22.112921,0,,,,
12/01/2017 15:00,22.25479839,0,,,,
12/01/2017 16:00,22.21890335,0,,,,
12/01/2017 17:00,22.11838537,0,,,,
12/01/2017 18:00,21.94294833,0,,,,
12/01/2017 19:00,21.94094377,0,,,,
12/01/2017 20:00,22.18447329,217336938.588,,,,
12/01/2017 21:00,22.91624493,19004002.5744,,,,
12/01/2017 22:00,22.68876124,36342089.208,,,,
12/01/2017 23:00,22.30849176,59498719.308,,,,
13/01/2017 0:00,22.00259094,66089118.852,,,,
13/01/2017 1:00,21.75525087,70944626.952,,,,
13/01/2017 2:00,21.64026469,73043819.568,,,,
13/01/2017 3:00,21.47943539,77548964.004,,,,
13/01/2017 4:00,21.33488599,82498221.288,,,,
13/01/2017 5:00,21.26485552,84948242.544,,,,
13/01/2017 6:00,21.19642238,86694470.856,,,,
13/01/2017 7:00,21.10400198,90143258.076,,,,
13/01/2017 8:00,21.3332552,279136403.352,,,,
13/01/2017 9:00,22.37055009,195570394.992,,,,
13/01/2017 10:00,23.07137033,20007402.1884,,,,
13/01/2017 11:00,22.94179051,72942186.852,,,,
13/01/2017 12:00,22.98624412,28813216.0248,,,,
13/01/2017 13:00,23.10733046,89590741.056,,,,
13/01/2017 14:00,23.17814634,63723770.352,,,,
13/01/2017 15:00,23.22259047,44135508.096,,,,
13/01/2017 16:00,23.01339712,89300204.748,,,,
13/01/2017 17:00,22.79375684,95547491.28,,,,
13/01/2017 18:00,22.53482926,164242700.028,,,,
13/01/2017 19:00,22.68899194,100607996.916,,,,
13/01/2017 20:00,22.60132579,168512225.76,,,,
13/01/2017 21:00,22.68549532,19382551.8732,,,,
13/01/2017 22:00,22.10300243,70011508.14,,,,
13/01/2017 23:00,21.69829896,79823310.48,,,,
14/01/2017 0:00,21.455002,82778601.528,,,,
14/01/2017 1:00,21.27516438,87306578.676,,,,
14/01/2017 2:00,21.09733757,94646786.436,,,,
14/01/2017 3:00,20.92759519,97846033.104,,,,
14/01/2017 4:00,20.80737989,99793608.696,,,,
14/01/2017 5:00,20.73518584,102712503.276,,,,
14/01/2017 6:00,20.6993456,106227491.508,,,,
14/01/2017 7:00,20.71887255,103400459.424,,,,
14/01/2017 8:00,20.73412665,98168787,,,,
14/01/2017 9:00,21.16407686,297185532.984,,,,
14/01/2017 10:00,22.31949718,219732068.088,,,,
14/01/2017 11:00,23.010198,61778922.948,,,,
14/01/2017 12:00,22.85911621,89999821.764,,,,
14/01/2017 13:00,22.80939937,89465026.32,,,,
14/01/2017 14:00,22.80298385,85171072.248,,,,
14/01/2017 15:00,22.72921854,88325803.368,,,,
14/01/2017 16:00,22.74439051,126441795.492,,,,
14/01/2017 17:00,22.80748226,92365661.772,,,,
14/01/2017 18:00,22.69877435,154952592.876,,,,
14/01/2017 19:00,22.82548126,72236012.796,,,,
14/01/2017 20:00,22.51091312,37274804.388,,,,
14/01/2017 21:00,22.13231003,65235022.128,,,,
14/01/2017 22:00,21.85654285,72674786.916,,,,
14/01/2017 23:00,21.65719355,75405530.808,,,,
15/01/2017 0:00,21.491446,80396637.264,,,,
15/01/2017 1:00,21.37731313,82339617.672,,,,
15/01/2017 2:00,21.2794368,86016257.424,,,,
15/01/2017 3:00,21.13625582,91409713.236,,,,
15/01/2017 4:00,20.99038504,94716659.772,,,,
15/01/2017 5:00,20.84855873,98829835.524,,,,
15/01/2017 6:00,20.72453167,106416304.74,,,,
15/01/2017 7:00,20.62600995,104330724.588,,,,
15/01/2017 8:00,20.56718312,104879186.568,,,,
15/01/2017 9:00,20.91994249,277298226.468,,,,
15/01/2017 10:00,22.28596906,214646316.156,,,,
15/01/2017 11:00,23.3277396,21374805.9168,,,,
15/01/2017 12:00,23.2691229,60941871.072,,,,
15/01/2017 13:00,23.29726976,72427022.496,,,,
15/01/2017 14:00,23.28825588,75825661.5,,,,
15/01/2017 15:00,23.26306401,71789570.784,,,,
15/01/2017 16:00,23.15623675,82441890.144,,,,
15/01/2017 17:00,23.01869884,86215560.984,,,,
15/01/2017 18:00,22.80673176,94758976.08,,,,
15/01/2017 19:00,22.6411305,98648875.116,,,,
15/01/2017 20:00,22.4055355,36709933.464,,,,
15/01/2017 21:00,21.95930977,71493887.556,,,,
15/01/2017 22:00,21.67459529,80851699.116,,,,
15/01/2017 23:00,21.43715056,83390874.48,,,,
16/01/2017 0:00,21.23254652,93260384.352,,,,
16/01/2017 1:00,21.10833889,91781411.04,,,,
16/01/2017 2:00,21.02824234,93477967.956,,,,
16/01/2017 3:00,20.96255423,95656694.004,,,,
16/01/2017 4:00,20.86992165,99132629.724,,,,
16/01/2017 5:00,20.77025459,102092435.352,,,,
16/01/2017 6:00,20.67522075,104684518.368,,,,
16/01/2017 7:00,20.61238494,106669286.46,,,,
16/01/2017 8:00,20.93941395,275202844.128,,,,
16/01/2017 9:00,22.06271529,236661934.284,,,,
16/01/2017 10:00,22.99628036,98954130.024,,,,
16/01/2017 11:00,23.04479675,100627551.072,,,,
16/01/2017 12:00,23.04334657,85271197.068,,,,
16/01/2017 13:00,23.08774473,76811764.212,,,,
16/01/2017 14:00,23.02011489,74167223.184,,,,
16/01/2017 15:00,22.98483625,73897083.936,,,,
16/01/2017 16:00,22.88143562,79989195.456,,,,
16/01/2017 17:00,22.68629726,152529032.916,,,,
16/01/2017 18:00,22.8592697,52874730.54,,,,
16/01/2017 19:00,22.71611518,106754233.464,,,,
16/01/2017 20:00,22.75899819,67571881.128,,,,
16/01/2017 21:00,22.58527718,33610736.0808,,,,
16/01/2017 22:00,22.31381809,61557666.336,,,,
16/01/2017 23:00,22.12985094,64102326.912,,,,
17/01/2017 0:00,21.99934757,66279850.812,,,,
17/01/2017 1:00,21.91464584,67316298.264,,,,
17/01/2017 2:00,21.89439877,66672952.812,,,,
17/01/2017 3:00,21.93698518,66858021.864,,,,
17/01/2017 4:00,21.78204419,71335346.292,,,,
17/01/2017 5:00,21.68599655,75197938.428,,,,
17/01/2017 6:00,21.65446003,71376641.46,,,,
17/01/2017 7:00,21.66560724,75092377.608,,,,
17/01/2017 8:00,21.98067816,235211584.428,,,,
17/01/2017 9:00,22.97426148,75310231.464,,,,
17/01/2017 10:00,23.20966567,34549729.3872,,,,
17/01/2017 11:00,23.33647566,32819887.782,,,,
17/01/2017 12:00,23.48408691,4809429.4608,,,,
17/01/2017 13:00,23.46563226,0,,,,
17/01/2017 14:00,23.47063787,0,,,,
17/01/2017 15:00,23.80399306,0,,,,
17/01/2017 16:00,23.91110797,0,,,,
17/01/2017 17:00,23.76993564,0,,,,
17/01/2017 18:00,23.39688761,0,,,,
17/01/2017 19:00,23.1465679,0,,,,
17/01/2017 20:00,22.89381922,0,,,,
17/01/2017 21:00,22.67011154,0,,,,
17/01/2017 22:00,22.43009641,0,,,,
17/01/2017 23:00,22.27314008,48416216.328,,,,
18/01/2017 0:00,22.33258668,45927528.516,,,,
18/01/2017 1:00,22.32113066,50437290.636,,,,
18/01/2017 2:00,22.28279527,47283592.428,,,,
18/01/2017 3:00,22.29689689,50183400.42,,,,
18/01/2017 4:00,22.23536409,51828553.368,,,,
18/01/2017 5:00,22.12961269,51539046.84,,,,
18/01/2017 6:00,22.10084424,57222741.744,,,,
18/01/2017 7:00,21.94781105,61695069.156,,,,
18/01/2017 8:00,22.20868268,236931109.092,,,,
18/01/2017 9:00,22.82082353,33750928.332,,,,
18/01/2017 10:00,22.68025584,69142833.54,,,,
18/01/2017 11:00,22.67972838,69858966.6,,,,
18/01/2017 12:00,22.74565086,70449357.888,,,,
18/01/2017 13:00,22.69981404,76870521.108,,,,
18/01/2017 14:00,22.64600906,78496535.628,,,,
18/01/2017 15:00,22.5895965,77467079.088,,,,
18/01/2017 16:00,22.59657772,79500895.704,,,,
18/01/2017 17:00,22.64571818,76159611.828,,,,
18/01/2017 18:00,22.56881736,80963560.224,,,,
18/01/2017 19:00,22.52940437,81212071.68,,,,
18/01/2017 20:00,22.56160642,155848258.152,,,,
18/01/2017 21:00,22.87532722,17837795.6136,,,,
18/01/2017 22:00,22.53253332,45116577.288,,,,
18/01/2017 23:00,22.21144245,60217421.724,,,,
19/01/2017 0:00,21.99813299,66947850.828,,,,
19/01/2017 1:00,21.85443269,70580996.136,,,,
19/01/2017 2:00,21.76089001,69872758.2,,,,
19/01/2017 3:00,21.74952499,68363630.928,,,,
19/01/2017 4:00,21.6847649,71300026.008,,,,
19/01/2017 5:00,21.61560804,74010786.408,,,,
19/01/2017 6:00,21.57828689,73061360.892,,,,
19/01/2017 7:00,21.54838421,77339812.176,,,,
19/01/2017 8:00,21.85918741,268103981.016,,,,
19/01/2017 9:00,22.82639911,79931884.428,,,,
19/01/2017 10:00,22.85845261,68692290.156,,,,
19/01/2017 11:00,22.77728003,77365348.74,,,,
19/01/2017 12:00,22.9470856,65593342.26,,,,
19/01/2017 13:00,23.02932857,62076921.48,,,,
19/01/2017 14:00,23.1198622,60942629.988,,,,
19/01/2017 15:00,23.28214902,45624694.644,,,,
19/01/2017 16:00,23.40573695,18175113.882,,,,
19/01/2017 17:00,23.28589834,62710959.888,,,,
19/01/2017 18:00,23.01778994,66038547.708,,,,
19/01/2017 19:00,22.79723872,79675347.348,,,,
19/01/2017 20:00,22.62968168,85537977.696,,,,
19/01/2017 21:00,22.40464513,42088671.432,,,,
19/01/2017 22:00,22.07848452,62000353.584,,,,
19/01/2017 23:00,21.92455811,69800135.22,,,,
20/01/2017 0:00,21.74497435,72534939.984,,,,
20/01/2017 1:00,21.63876797,74822508.504,,,,
20/01/2017 2:00,21.56059246,78339471.228,,,,
20/01/2017 3:00,21.5643309,76132309.248,,,,
20/01/2017 4:00,21.49294532,77995197.288,,,,
20/01/2017 5:00,21.46242381,80635114.548,,,,
20/01/2017 6:00,21.44103325,78442347.996,,,,
20/01/2017 7:00,21.40807948,79700413.608,,,,
20/01/2017 8:00,21.69693858,266685704.316,,,,
20/01/2017 9:00,22.69706808,139432578.3,,,,
20/01/2017 10:00,23.00050242,36196599.456,,,,
20/01/2017 11:00,22.73076163,65185472.52,,,,
20/01/2017 12:00,22.80308136,58591316.124,,,,
20/01/2017 13:00,22.95528573,51537329.568,,,,
20/01/2017 14:00,23.15354987,44941925.916,,,,
20/01/2017 15:00,23.43200279,28040573.2644,,,,
20/01/2017 16:00,23.61295429,11066216.9004,,,,
20/01/2017 17:00,23.57487827,0,,,,
20/01/2017 18:00,23.23308325,0,,,,
20/01/2017 19:00,22.94504955,0,,,,
20/01/2017 20:00,22.70200333,0,,,,
20/01/2017 21:00,22.47305037,0,,,,
20/01/2017 22:00,22.34919092,51309523.188,,,,
20/01/2017 23:00,22.41316947,47593370.34,,,,
21/01/2017 0:00,22.47369242,49214744.208,,,,
21/01/2017 1:00,22.46281041,42628872.78,,,,
21/01/2017 2:00,22.3892713,52452307.296,,,,
21/01/2017 3:00,22.31217731,53391598.488,,,,
21/01/2017 4:00,22.24366663,52311516.192,,,,
21/01/2017 5:00,22.19957715,54567731.052,,,,
21/01/2017 6:00,22.18683638,58879480.644,,,,
21/01/2017 7:00,22.16540081,56536290.216,,,,
21/01/2017 8:00,22.14648948,55430122.86,,,,
21/01/2017 9:00,22.60196096,173592893.376,,,,
21/01/2017 10:00,23.63840749,14951780.7048,,,,
21/01/2017 11:00,24.05065737,5278239.4068,,,,
21/01/2017 12:00,24.3345297,0,,,,
21/01/2017 13:00,24.58178138,0,,,,
21/01/2017 14:00,24.78791772,0,,,,
21/01/2017 15:00,24.93681476,0,,,,
21/01/2017 16:00,24.99347179,0,,,,
21/01/2017 17:00,24.90604727,0,,,,
21/01/2017 18:00,24.63747971,0,,,,
21/01/2017 19:00,24.3740271,0,,,,
21/01/2017 20:00,24.11653479,0,,,,
21/01/2017 21:00,23.79949359,0,,,,
21/01/2017 22:00,23.59364537,0,,,,
21/01/2017 23:00,23.39748189,0,,,,
22/01/2017 0:00,23.20585109,0,,,,
22/01/2017 1:00,23.07759227,45557817.66,,,,
22/01/2017 2:00,23.05897581,32726610.9828,,,,
22/01/2017 3:00,23.00787218,34204014.6804,,,,
22/01/2017 4:00,22.9120125,37001116.944,,,,
22/01/2017 5:00,22.87666187,35802432.6948,,,,
22/01/2017 6:00,22.84414534,38245399.488,,,,
22/01/2017 7:00,22.77735574,40798442.592,,,,
22/01/2017 8:00,22.69204435,43662220.2,,,,
22/01/2017 9:00,22.77420532,65040195.6,,,,
22/01/2017 10:00,23.0304978,43226456.292,,,,
22/01/2017 11:00,23.33445914,23397660.0288,,,,
22/01/2017 12:00,23.59669342,10072219.6908,,,,
22/01/2017 13:00,23.64695309,0,,,,
22/01/2017 14:00,23.73566363,0,,,,
22/01/2017 15:00,23.88796627,0,,,,
22/01/2017 16:00,24.06487178,0,,,,
22/01/2017 17:00,24.06311454,0,,,,
22/01/2017 18:00,23.88366192,0,,,,
22/01/2017 19:00,23.64978221,0,,,,
22/01/2017 20:00,23.46300274,0,,,,
22/01/2017 21:00,23.31470111,0,,,,
22/01/2017 22:00,23.12155863,0,,,,
22/01/2017 23:00,22.89782987,0,,,,
23/01/2017 0:00,22.59082511,0,,,,
23/01/2017 1:00,22.45692523,67887519.228,,,,
23/01/2017 2:00,22.48770676,49136890.752,,,,
23/01/2017 3:00,22.56692886,40770217.08,,,,
23/01/2017 4:00,22.59199675,44117636.292,,,,
23/01/2017 5:00,22.58220635,45526381.38,,,,
23/01/2017 6:00,22.56009403,46421001.756,,,,
23/01/2017 7:00,22.539916,46549421.892,,,,
23/01/2017 8:00,22.4965898,75580999.74,,,,
23/01/2017 9:00,22.52585819,84480337.872,,,,
23/01/2017 10:00,22.58930428,78535690.956,,,,
23/01/2017 11:00,22.64344491,54197620.704,,,,
23/01/2017 12:00,22.64975746,68338106.856,,,,
23/01/2017 13:00,22.62359057,171007965.648,,,,
23/01/2017 14:00,22.888383,28810719.3024,,,,
23/01/2017 15:00,22.69723148,131451516.396,,,,
23/01/2017 16:00,22.8255648,54691741.728,,,,
23/01/2017 17:00,22.7690995,145190232.972,,,,
23/01/2017 18:00,22.77056404,174795393.672,,,,
23/01/2017 19:00,22.84966048,103892836.284,,,,
23/01/2017 20:00,22.88864801,96813577.296,,,,
23/01/2017 21:00,22.62909654,36044656.416,,,,
23/01/2017 22:00,22.18270277,62479510.092,,,,
23/01/2017 23:00,21.86231461,71972766.468,,,,
24/01/2017 0:00,21.69627975,73774767.924,,,,
24/01/2017 1:00,21.6024431,78694343.928,,,,
24/01/2017 2:00,21.53783931,79548095.952,,,,
24/01/2017 3:00,21.55433998,77851705.608,,,,
24/01/2017 4:00,21.46874274,82711050.552,,,,
24/01/2017 5:00,21.49128992,79246485,,,,
24/01/2017 6:00,21.48066701,80042222.628,,,,
24/01/2017 7:00,21.34983901,85165726.536,,,,
24/01/2017 8:00,21.56601732,272852070.12,,,,
24/01/2017 9:00,22.55657622,172279202.508,,,,
24/01/2017 10:00,22.96043315,42561765.36,,,,
24/01/2017 11:00,22.72569339,86586244.812,,,,
24/01/2017 12:00,22.78236231,78697293.804,,,,
24/01/2017 13:00,22.84290985,74457182.016,,,,
24/01/2017 14:00,22.77286128,79293856.608,,,,
24/01/2017 15:00,22.68378554,80344028.988,,,,
24/01/2017 16:00,22.80481097,75792880.368,,,,
24/01/2017 17:00,22.84232418,76763315.556,,,,
24/01/2017 18:00,22.62955059,114758285.004,,,,
24/01/2017 19:00,22.72383417,101014028.928,,,,
24/01/2017 20:00,22.67659561,120769816.284,,,,
24/01/2017 21:00,22.61386015,16090591.0392,,,,
24/01/2017 22:00,22.25902892,67933211.328,,,,
24/01/2017 23:00,22.00305419,67439590.452,,,,
25/01/2017 0:00,21.87123902,66650959.764,,,,
25/01/2017 1:00,21.76427085,70020130.176,,,,
25/01/2017 2:00,21.68351736,71467654.68,,,,
25/01/2017 3:00,21.69061212,72555013.008,,,,
25/01/2017 4:00,21.62219136,74551838.364,,,,
25/01/2017 5:00,21.54721053,77886213.408,,,,
25/01/2017 6:00,21.49043598,79070869.692,,,,
25/01/2017 7:00,21.4499359,76530399.84,,,,
25/01/2017 8:00,21.76708573,273548982.888,,,,
25/01/2017 9:00,22.81734879,106227211.212,,,,
25/01/2017 10:00,23.05491172,55124417.808,,,,
25/01/2017 11:00,23.07826194,60176225.376,,,,
25/01/2017 12:00,23.38614935,26467335.6948,,,,
25/01/2017 13:00,23.60495934,10675550.3292,,,,
25/01/2017 14:00,23.65704723,9844760.34,,,,
25/01/2017 15:00,23.66672881,9425264.094,,,,
25/01/2017 16:00,23.36863118,49380979.104,,,,
25/01/2017 17:00,23.23889899,48568742.892,,,,
25/01/2017 18:00,23.02925476,55016573.112,,,,
25/01/2017 19:00,22.82764221,62862049.008,,,,
25/01/2017 20:00,22.85778684,54921508.308,,,,
25/01/2017 21:00,22.82654445,30983498.9892,,,,
25/01/2017 22:00,22.64217396,43470855.54,,,,
25/01/2017 23:00,22.51948252,50036472.396,,,,
26/01/2017 0:00,22.44557926,46394701.38,,,,
26/01/2017 1:00,22.40565427,51786823.68,,,,
26/01/2017 2:00,22.27828836,54226809.648,,,,
26/01/2017 3:00,22.21550886,54390677.148,,,,
26/01/2017 4:00,22.12856894,60257871.972,,,,
26/01/2017 5:00,21.97692641,65035456.452,,,,
26/01/2017 6:00,21.81217275,68926285.512,,,,
26/01/2017 7:00,21.65250055,70966488.672,,,,
26/01/2017 8:00,21.85668025,275402434.32,,,,
26/01/2017 9:00,22.75495828,95852921.184,,,,
26/01/2017 10:00,22.77222171,76629475.872,,,,
26/01/2017 11:00,22.6676342,87579087.48,,,,
26/01/2017 12:00,22.71749895,87749616.312,,,,
26/01/2017 13:00,22.61046554,95326359.876,,,,
26/01/2017 14:00,22.52253705,93453412.896,,,,
26/01/2017 15:00,22.69175459,159211620.18,,,,
26/01/2017 16:00,22.89162686,77576615.676,,,,
26/01/2017 17:00,22.77039954,91906505.928,,,,
26/01/2017 18:00,22.6268499,95571608.112,,,,
26/01/2017 19:00,22.51527597,166593219.408,,,,
26/01/2017 20:00,22.77400006,88109044.704,,,,
26/01/2017 21:00,22.514468,42059177.244,,,,
26/01/2017 22:00,21.94494922,74546459.208,,,,
26/01/2017 23:00,21.63145971,80565697.98,,,,
27/01/2017 0:00,21.40224809,88201152.108,,,,
27/01/2017 1:00,21.17357681,96818175.756,,,,
27/01/2017 2:00,21.04569395,95144304.528,,,,
27/01/2017 3:00,21.02132789,94814506.08,,,,
27/01/2017 4:00,20.92344782,98213162.652,,,,
27/01/2017 5:00,20.82083334,101301341.724,,,,
27/01/2017 6:00,20.73476606,104788676.988,,,,
27/01/2017 7:00,20.68166736,105909033.996,,,,
27/01/2017 8:00,21.03305972,292422078.828,,,,
27/01/2017 9:00,22.12176676,234508648.428,,,,
27/01/2017 10:00,22.91890575,89139076.776,,,,
27/01/2017 11:00,22.78369677,109510620.768,,,,
27/01/2017 12:00,22.73847858,181868445.72,,,,
27/01/2017 13:00,23.04227046,75965461.776,,,,
27/01/2017 14:00,22.81159433,106287110.784,,,,
27/01/2017 15:00,22.62888734,209653230.168,,,,
27/01/2017 16:00,22.76570314,72824956.812,,,,
27/01/2017 17:00,22.76438182,142708457.556,,,,
27/01/2017 18:00,22.70667232,204325150.608,,,,
27/01/2017 19:00,22.80239373,126203233.104,,,,
27/01/2017 20:00,22.87879248,109777352.184,,,,
27/01/2017 21:00,22.49146483,40749262.416,,,,
27/01/2017 22:00,21.80970931,80744103.72,,,,
27/01/2017 23:00,21.39365684,91704985.02,,,,
28/01/2017 0:00,21.12189921,100589979.132,,,,
28/01/2017 1:00,20.94280571,104255424.144,,,,
28/01/2017 2:00,20.76546021,105286026.636,,,,
28/01/2017 3:00,20.71744498,109307968.488,,,,
28/01/2017 4:00,20.65570052,107331527.088,,,,
28/01/2017 5:00,20.61549796,111331249.308,,,,
28/01/2017 6:00,20.56710774,113528602.872,,,,
28/01/2017 7:00,20.51377783,114755899.068,,,,
28/01/2017 8:00,20.479764,112932763.452,,,,
28/01/2017 9:00,20.81899127,294528922.2,,,,
28/01/2017 10:00,21.90686909,239828093.82,,,,
28/01/2017 11:00,22.76243524,175591069.884,,,,
28/01/2017 12:00,22.97647678,83301960.996,,,,
28/01/2017 13:00,22.82876651,106377562.512,,,,
28/01/2017 14:00,22.70880796,130929861.816,,,,
28/01/2017 15:00,22.7409301,125735649.804,,,,
28/01/2017 16:00,22.72224263,186245461.944,,,,
28/01/2017 17:00,22.83527818,65132497.044,,,,
28/01/2017 18:00,22.77292118,184147938.54,,,,
28/01/2017 19:00,22.78771348,184681711.62,,,,
28/01/2017 20:00,22.89139987,20841355.9188,,,,
28/01/2017 21:00,22.3579646,56451418.452,,,,
28/01/2017 22:00,21.89095353,78528789,,,,
28/01/2017 23:00,21.59764517,85935160.548,,,,
29/01/2017 0:00,21.36588353,93024367.596,,,,
29/01/2017 1:00,21.09417653,99405344.268,,,,
29/01/2017 2:00,20.91127889,102510393.876,,,,
29/01/2017 3:00,20.81263188,107694896.22,,,,
29/01/2017 4:00,20.74432152,106654043.34,,,,
29/01/2017 5:00,20.71273477,105183293.04,,,,
29/01/2017 6:00,20.67521431,105976774.548,,,,
29/01/2017 7:00,20.64814687,107880495.732,,,,
29/01/2017 8:00,20.60349502,110071196.028,,,,
29/01/2017 9:00,20.9877065,294402603.564,,,,
29/01/2017 10:00,22.14402569,232539225.012,,,,
29/01/2017 11:00,23.01660052,71274752.28,,,,
29/01/2017 12:00,22.96635102,103768695.18,,,,
29/01/2017 13:00,22.98769785,82406933.46,,,,
29/01/2017 14:00,22.84002108,104034759.588,,,,
29/01/2017 15:00,22.81157223,100695218.184,,,,
29/01/2017 16:00,22.66400933,108894026.556,,,,
29/01/2017 17:00,22.67788922,123647366.484,,,,
29/01/2017 18:00,22.65791639,210190001.256,,,,
29/01/2017 19:00,22.82628975,71100620.064,,,,
29/01/2017 20:00,22.45563551,32772619.9008,,,,
29/01/2017 21:00,21.88776134,78041335.5,,,,
29/01/2017 22:00,21.5079064,89781389.928,,,,
29/01/2017 23:00,21.24455148,92991931.884,,,,
30/01/2017 0:00,21.0644214,99235935.396,,,,
30/01/2017 1:00,20.95177089,100577305.8,,,,
30/01/2017 2:00,20.86040052,105236356.14,,,,
30/01/2017 3:00,20.70993515,110559995.892,,,,
30/01/2017 4:00,20.6513109,109238930.244,,,,
30/01/2017 5:00,20.50745418,114972884.676,,,,
30/01/2017 6:00,20.37910627,117243136.512,,,,
30/01/2017 7:00,20.33361424,122316960.312,,,,
30/01/2017 8:00,20.64964056,291424124.088,,,,
30/01/2017 9:00,21.68409258,239917530.168,,,,
30/01/2017 10:00,22.57081433,203996813.184,,,,
30/01/2017 11:00,22.89209706,102694773.348,,,,
30/01/2017 12:00,22.84003608,111940640.532,,,,
30/01/2017 13:00,22.90573813,105438706.452,,,,
30/01/2017 14:00,22.68025861,129502235.664,,,,
30/01/2017 15:00,22.68261655,110315272.248,,,,
30/01/2017 16:00,22.59173256,209711787.192,,,,
30/01/2017 17:00,22.73887787,123811558.776,,,,
30/01/2017 18:00,22.80795706,147782400.048,,,,
30/01/2017 19:00,22.72855065,210720446.676,,,,
30/01/2017 20:00,22.8114757,149963854.608,,,,
30/01/2017 21:00,22.64528766,18842891.6988,,,,
30/01/2017 22:00,21.91434661,84533493.96,,,,
30/01/2017 23:00,21.39057424,93284987.04,,,,
31/01/2017 0:00,21.15727336,94408912.188,,,,
31/01/2017 1:00,20.88715569,105456833.172,,,,
31/01/2017 2:00,20.66722616,111940388.748,,,,
31/01/2017 3:00,20.62219442,113089989.276,,,,
31/01/2017 4:00,20.49972104,117314213.328,,,,
31/01/2017 5:00,20.41801645,121923667.656,,,,
31/01/2017 6:00,20.49222842,119242211.688,,,,
31/01/2017 7:00,20.5267557,109960366.212,,,,
31/01/2017 8:00,20.88166607,270025713.684,,,,
31/01/2017 9:00,21.89421117,225469827.468,,,,
31/01/2017 10:00,22.73459247,173115644.004,,,,
31/01/2017 11:00,23.01141533,44404008.984,,,,
31/01/2017 12:00,22.77988954,116699622.408,,,,
31/01/2017 13:00,22.85088422,142567374.564,,,,
31/01/2017 14:00,22.78115929,124010764.848,,,,
31/01/2017 15:00,22.86894125,100962283.104,,,,
31/01/2017 16:00,22.91536705,79898352.408,,,,
31/01/2017 17:00,22.7808005,92718055.008,,,,
31/01/2017 18:00,22.79609526,150353119.764,,,,
31/01/2017 19:00,22.76419718,118748420.964,,,,
31/01/2017 20:00,22.8515464,84221255.556,,,,
31/01/2017 21:00,22.56266708,42983722.656,,,,
31/01/2017 22:00,22.09640491,68107745.088,,,,
31/01/2017 23:00,21.81072364,77158338.408,,,,
1/02/2017 0:00,21.63200901,81469288.692,,,,
1/02/2017 1:00,21.49421162,84227982.048,,,,
1/02/2017 2:00,21.3892818,88786638.684,,,,
1/02/2017 3:00,21.40471844,84771128.088,,,,
1/02/2017 4:00,21.35431072,90298729.548,,,,
1/02/2017 5:00,21.26825631,89821065.888,,,,
1/02/2017 6:00,21.19668358,90242862.156,,,,
1/02/2017 7:00,21.14946927,93540269.124,,,,
1/02/2017 8:00,21.36614511,272760316.848,,,,
1/02/2017 9:00,22.28817319,220486292.316,,,,
1/02/2017 10:00,22.99423586,60801248.628,,,,
1/02/2017 11:00,22.86235847,96530353.92,,,,
1/02/2017 12:00,22.8714474,90385922.556,,,,
1/02/2017 13:00,22.8712846,84049571.232,,,,
1/02/2017 14:00,22.661689,96396220.368,,,,
1/02/2017 15:00,22.75639364,89172296.388,,,,
1/02/2017 16:00,22.81624749,84524884.02,,,,
1/02/2017 17:00,22.69172793,87148032.768,,,,
1/02/2017 18:00,22.70172418,151274954.016,,,,
1/02/2017 19:00,22.76082708,72016299.504,,,,
1/02/2017 20:00,22.78332976,139574882.088,,,,
1/02/2017 21:00,22.682185,33612144.6528,,,,
1/02/2017 22:00,22.19091681,67043098.692,,,,
1/02/2017 23:00,21.87450218,75922568.136,,,,
2/02/2017 0:00,21.62856476,83770124.688,,,,
2/02/2017 1:00,21.42501647,87299916.948,,,,
2/02/2017 2:00,21.27688704,92176172.64,,,,
2/02/2017 3:00,21.19867458,89086790.124,,,,
2/02/2017 4:00,21.20114912,92324352.204,,,,
2/02/2017 5:00,21.11836638,97358895.684,,,,
2/02/2017 6:00,21.12225152,95297293.548,,,,
2/02/2017 7:00,21.01601492,95545552.788,,,,
2/02/2017 8:00,21.29572595,289924542.288,,,,
2/02/2017 9:00,22.36757584,225160708.356,,,,
2/02/2017 10:00,22.9385866,57280778.28,,,,
2/02/2017 11:00,22.77791209,78208406.568,,,,
2/02/2017 12:00,22.87616536,115994918.808,,,,
2/02/2017 13:00,22.79625423,98321689.368,,,,
2/02/2017 14:00,22.96220814,90014638.572,,,,
2/02/2017 15:00,23.15867368,80999927.856,,,,
2/02/2017 16:00,23.30423834,81547203.96,,,,
2/02/2017 17:00,23.26047028,96108169.356,,,,
2/02/2017 18:00,22.88693934,114867405.792,,,,
2/02/2017 19:00,22.69822418,223241436.936,,,,
2/02/2017 20:00,22.81498272,144064675.62,,,,
2/02/2017 21:00,22.64101653,18293189.6916,,,,
2/02/2017 22:00,21.94305172,80266662.972,,,,
2/02/2017 23:00,21.44925113,93670770.348,,,,
3/02/2017 0:00,21.10129081,102693558.168,,,,
3/02/2017 1:00,20.85535212,104803820.568,,,,
3/02/2017 2:00,20.66526786,110741285.304,,,,
3/02/2017 3:00,20.55453577,115033274.928,,,,
3/02/2017 4:00,20.40891031,117144479.196,,,,
3/02/2017 5:00,20.26198177,121851193.68,,,,
3/02/2017 6:00,20.16838346,126215893.872,,,,
3/02/2017 7:00,20.05050598,126768102.804,,,,
3/02/2017 8:00,20.26749669,277924844.34,,,,
3/02/2017 9:00,21.21255019,255140936.424,,,,
3/02/2017 10:00,22.13444576,230688481.68,,,,
3/02/2017 11:00,22.89661562,108261711.792,,,,
3/02/2017 12:00,22.91299099,108346731.912,,,,
3/02/2017 13:00,22.88055919,116798457.672,,,,
3/02/2017 14:00,22.89533284,124160350.248,,,,
3/02/2017 15:00,22.84639976,125079004.728,,,,
3/02/2017 16:00,22.74490008,126773562.276,,,,
3/02/2017 17:00,22.69348978,187551011.592,,,,
3/02/2017 18:00,22.72045032,222530813.748,,,,
3/02/2017 19:00,22.78007077,154694287.44,,,,
3/02/2017 20:00,22.82105909,138251032.848,,,,
3/02/2017 21:00,22.28948123,43988910.912,,,,
3/02/2017 22:00,21.4486502,98181245.88,,,,
3/02/2017 23:00,20.97316863,106576389,,,,
4/02/2017 0:00,20.64123815,111978728.748,,,,
4/02/2017 1:00,20.38501821,123516186.408,,,,
4/02/2017 2:00,20.16458136,128628249.948,,,,
4/02/2017 3:00,19.98905318,136279567.728,,,,
4/02/2017 4:00,19.86086997,141065949.672,,,,
4/02/2017 5:00,19.76773343,135641312.532,,,,
4/02/2017 6:00,19.69934928,144308134.008,,,,
4/02/2017 7:00,19.63326927,144725530.788,,,,
4/02/2017 8:00,19.57669932,141190428.312,,,,
4/02/2017 9:00,20.18736482,286791822.036,,,,
4/02/2017 10:00,21.75900985,240174475.884,,,,
4/02/2017 11:00,22.96474526,63646641.684,,,,
4/02/2017 12:00,22.87703025,42752936.736,,,,
4/02/2017 13:00,22.79333029,141160276.728,,,,
4/02/2017 14:00,23.01572497,91205187.48,,,,
4/02/2017 15:00,23.13520676,84378787.884,,,,
4/02/2017 16:00,22.97258358,103486410.324,,,,
4/02/2017 17:00,22.7438987,113236267.068,,,,
4/02/2017 18:00,22.814185,146043250.74,,,,
4/02/2017 19:00,22.68540093,179636616.216,,,,
4/02/2017 20:00,22.52404914,18287704.89,,,,
4/02/2017 21:00,21.85706549,88759099.008,,,,
4/02/2017 22:00,21.43545592,90562007.232,,,,
4/02/2017 23:00,21.19613234,100552322.088,,,,
5/02/2017 0:00,21.01954385,99270444.276,,,,
5/02/2017 1:00,20.92201506,102514331.34,,,,
5/02/2017 2:00,20.85284467,106943891.112,,,,
5/02/2017 3:00,20.81994858,101245749.156,,,,
5/02/2017 4:00,20.75365715,104414399.964,,,,
5/02/2017 5:00,20.74264668,105789935.664,,,,
5/02/2017 6:00,20.77175145,103308388.776,,,,
5/02/2017 7:00,20.80140093,100655358.516,,,,
5/02/2017 8:00,20.78530047,103443617.016,,,,
5/02/2017 9:00,21.09876341,264422506.644,,,,
5/02/2017 10:00,22.11828095,209951824.788,,,,
5/02/2017 11:00,22.90536222,106080279.84,,,,
5/02/2017 12:00,22.81995028,75829251.78,,,,
5/02/2017 13:00,22.94458796,102313362.708,,,,
5/02/2017 14:00,23.22106776,50978158.488,,,,
5/02/2017 15:00,23.08477545,60052924.296,,,,
5/02/2017 16:00,22.8858319,63686215.8,,,,
5/02/2017 17:00,22.67746781,67564254.564,,,,
5/02/2017 18:00,22.59021759,156183693.948,,,,
5/02/2017 19:00,22.88120041,29808812.4408,,,,
5/02/2017 20:00,22.60223414,43551557.424,,,,
5/02/2017 21:00,22.33753298,60586783.488,,,,
5/02/2017 22:00,22.13350649,67262346.864,,,,
5/02/2017 23:00,21.92043364,70129370.376,,,,
6/02/2017 0:00,21.74346171,77044577.76,,,,
6/02/2017 1:00,21.61298118,78487177.86,,,,
6/02/2017 2:00,21.45181331,84278494.152,,,,
6/02/2017 3:00,21.35398214,82731895.776,,,,
6/02/2017 4:00,21.23365191,90893310.048,,,,
6/02/2017 5:00,21.0922331,97668695.268,,,,
6/02/2017 6:00,20.986776,95523815.952,,,,
6/02/2017 7:00,20.93826342,96961231.08,,,,
6/02/2017 8:00,21.20130336,269397306.468,,,,
6/02/2017 9:00,22.5253458,171736827.732,,,,
6/02/2017 10:00,23.45955519,17603396.4564,,,,
6/02/2017 11:00,23.55140524,12060807.3252,,,,
6/02/2017 12:00,23.6260477,11236356.8316,,,,
6/02/2017 13:00,23.65070474,10199854.8,,,,
6/02/2017 14:00,23.66165734,9803469.2688,,,,
6/02/2017 15:00,23.76497594,9426830.904,,,,
6/02/2017 16:00,23.86463741,9147981.7368,,,,
6/02/2017 17:00,23.91625324,9297655.6392,,,,
6/02/2017 18:00,23.63801286,9407258.838,,,,
6/02/2017 19:00,23.1690702,13795906.6476,,,,
6/02/2017 20:00,22.7759332,13609295.9172,,,,
6/02/2017 21:00,22.46514263,13668931.2888,,,,
6/02/2017 22:00,22.17637542,13757565.5352,,,,
6/02/2017 23:00,21.92350255,13902464.9808,,,,
7/02/2017 0:00,21.60213167,13840349.4072,,,,
7/02/2017 1:00,21.24676735,14419270.1484,,,,
7/02/2017 2:00,21.04862066,14035468.5324,,,,
7/02/2017 3:00,20.92416058,14283697.0752,,,,
7/02/2017 4:00,20.84820145,14426761.5936,,,,
7/02/2017 5:00,20.66295585,14343596.9208,,,,
7/02/2017 6:00,20.50889203,14933159.3412,,,,
7/02/2017 7:00,20.47600772,14812775.5968,,,,
7/02/2017 8:00,20.42679611,14616255.8628,,,,
7/02/2017 9:00,20.41152287,14806149.3144,,,,
7/02/2017 10:00,20.42883431,15061673.2212,,,,
7/02/2017 11:00,20.58630113,15233593.1544,,,,
7/02/2017 12:00,20.85748071,7565634.9,,,,
7/02/2017 13:00,21.04783255,0,,,,
7/02/2017 14:00,21.37861055,0,,,,
7/02/2017 15:00,21.71899871,0,,,,
7/02/2017 16:00,21.9679955,0,,,,
7/02/2017 17:00,22.18904872,0,,,,
7/02/2017 18:00,22.19700473,0,,,,
7/02/2017 19:00,22.0716773,0,,,,
7/02/2017 20:00,21.93815677,0,,,,
7/02/2017 21:00,21.76005783,0,,,,
7/02/2017 22:00,21.61144214,0,,,,
7/02/2017 23:00,21.42863885,0,,,,
8/02/2017 0:00,21.3183086,0,,,,
8/02/2017 1:00,21.25108248,0,,,,
8/02/2017 2:00,21.19883452,0,,,,
8/02/2017 3:00,21.18612864,0,,,,
8/02/2017 4:00,21.17902529,0,,,,
8/02/2017 5:00,21.10123008,22482311.5908,,,,
8/02/2017 6:00,21.04905404,15733860.0228,,,,
8/02/2017 7:00,20.95267796,16026336.4392,,,,
8/02/2017 8:00,20.84128811,16466357.1312,,,,
8/02/2017 9:00,20.66327971,15593172.6888,,,,
8/02/2017 10:00,20.55975225,15841464.7572,,,,
8/02/2017 11:00,20.64002598,16386788.3292,,,,
8/02/2017 12:00,20.75904036,20608677.6192,,,,
8/02/2017 13:00,20.69652549,42432156.108,,,,
8/02/2017 14:00,20.89165412,210529203.156,,,,
8/02/2017 15:00,22.01562328,177050344.788,,,,
8/02/2017 16:00,22.70075031,8512856.4564,,,,
8/02/2017 17:00,22.16095723,6096344.616,,,,
8/02/2017 18:00,21.4121142,3122007.4044,,,,
8/02/2017 19:00,20.60052495,2077222.7412,,,,
8/02/2017 20:00,19.82595473,1720042.3872,,,,
8/02/2017 21:00,19.338403,1453400.6472,,,,
8/02/2017 22:00,18.78622812,1411248.834,,,,
8/02/2017 23:00,18.14711576,1357781.058,,,,
9/02/2017 0:00,17.57268819,1371501.4968,,,,
9/02/2017 1:00,17.03928019,1413772.02,,,,
9/02/2017 2:00,16.49569264,1524653.3412,,,,
9/02/2017 3:00,16.0865564,1532725.6644,,,,
9/02/2017 4:00,15.66264772,1557808.8048,,,,
9/02/2017 5:00,15.26080392,1653437.2068,,,,
9/02/2017 6:00,14.85764424,1604159.442,,,,
9/02/2017 7:00,14.39117648,1683142.1928,,,,
9/02/2017 8:00,13.94451089,1735316.1972,,,,
9/02/2017 9:00,13.62157852,116624657.448,,,,
9/02/2017 10:00,14.32519675,252359058.492,,,,
9/02/2017 11:00,16.23998554,279345958.056,,,,
9/02/2017 12:00,18.39404357,286433686.908,,,,
9/02/2017 13:00,20.0359942,270017808.66,,,,
9/02/2017 14:00,21.20813698,235974816.792,,,,
9/02/2017 15:00,22.21980118,243076127.148,,,,
9/02/2017 16:00,22.59691705,92604350.376,,,,
9/02/2017 17:00,22.17059112,239649882.264,,,,
9/02/2017 18:00,22.32257896,120941993.772,,,,
9/02/2017 19:00,22.22984967,197958428.064,,,,
9/02/2017 20:00,22.09448904,273162352.752,,,,
9/02/2017 21:00,22.15546041,20875762.782,,,,
9/02/2017 22:00,21.18953558,95612703.948,,,,
9/02/2017 23:00,20.51023575,112245166.548,,,,
10/02/2017 0:00,20.11067357,116512007.976,,,,
10/02/2017 1:00,19.85641756,128323203.156,,,,
10/02/2017 2:00,19.70538426,130031579.556,,,,
10/02/2017 3:00,19.67866121,128015842.176,,,,
10/02/2017 4:00,19.58757887,131651323.452,,,,
10/02/2017 5:00,19.44901273,134040088.8,,,,
10/02/2017 6:00,19.37208696,140308591.392,,,,
10/02/2017 7:00,19.29861763,140445577.368,,,,
10/02/2017 8:00,19.60908136,277595163.684,,,,
10/02/2017 9:00,20.90009218,267162951.312,,,,
10/02/2017 10:00,22.30068383,90106877.448,,,,
10/02/2017 11:00,22.48773577,39316406.616,,,,
10/02/2017 12:00,22.32074477,59638017.708,,,,
10/02/2017 13:00,22.22672174,99826003.044,,,,
10/02/2017 14:00,22.16070315,150989944.068,,,,
10/02/2017 15:00,22.12864234,196186540.644,,,,
10/02/2017 16:00,22.35007277,107368596.72,,,,
10/02/2017 17:00,22.2680482,127933474.896,,,,
10/02/2017 18:00,22.22117065,190517634.648,,,,
10/02/2017 19:00,22.33471737,103202361.324,,,,
10/02/2017 20:00,22.21430078,179423554.392,,,,
10/02/2017 21:00,22.24716111,18183941.262,,,,
10/02/2017 22:00,21.60910767,73970585.28,,,,
10/02/2017 23:00,21.24147134,83218617.216,,,,
11/02/2017 0:00,21.03284386,86081338.008,,,,
11/02/2017 1:00,20.88835594,90176853.06,,,,
11/02/2017 2:00,20.82461204,89790027.516,,,,
11/02/2017 3:00,20.80228328,90970699.428,,,,
11/02/2017 4:00,20.81660852,85450910.04,,,,
11/02/2017 5:00,20.86014951,90520142.868,,,,
11/02/2017 6:00,20.89512035,86269178.34,,,,
11/02/2017 7:00,20.90751,85761057.456,,,,
11/02/2017 8:00,20.93780288,83966764.608,,,,
11/02/2017 9:00,21.47827287,289453990.968,,,,
11/02/2017 10:00,22.74661956,59307289.164,,,,
11/02/2017 11:00,23.12298275,25179156.0936,,,,
11/02/2017 12:00,23.29460099,11238649.632,,,,
11/02/2017 13:00,23.30319567,10827734.364,,,,
11/02/2017 14:00,23.32368556,10745548.5204,,,,
11/02/2017 15:00,23.32485633,10801454.7168,,,,
11/02/2017 16:00,23.38935928,10461033.0972,,,,
11/02/2017 17:00,23.23261386,10343804.724,,,,
11/02/2017 18:00,22.90456912,10631927.3328,,,,
11/02/2017 19:00,22.74735882,124167068.712,,,,
11/02/2017 20:00,22.90648162,12286948.1292,,,,
11/02/2017 21:00,22.68707187,36809176.104,,,,
11/02/2017 22:00,22.50915588,39675459.708,,,,
11/02/2017 23:00,22.4122711,40757932.116,,,,
12/02/2017 0:00,22.29736826,45768169.476,,,,
12/02/2017 1:00,22.20040131,44778638.952,,,,
12/02/2017 2:00,22.12877181,48571403.436,,,,
12/02/2017 3:00,22.08492451,49479072.984,,,,
12/02/2017 4:00,22.01348797,52451857.08,,,,
12/02/2017 5:00,21.98977035,51625248.084,,,,
12/02/2017 6:00,21.96695894,54525300.804,,,,
12/02/2017 7:00,21.92672254,54506389.608,,,,
12/02/2017 8:00,21.93307876,53567741.268,,,,
12/02/2017 9:00,22.28168183,154684436.94,,,,
12/02/2017 10:00,22.85335913,60790665.924,,,,
12/02/2017 11:00,23.0618139,12629376.0828,,,,
12/02/2017 12:00,23.09091519,10306237.4028,,,,
12/02/2017 13:00,23.00404508,11045637.5292,,,,
12/02/2017 14:00,22.70824075,110506115.268,,,,
12/02/2017 15:00,22.88105517,23296173.5448,,,,
12/02/2017 16:00,22.90885514,12940940.9664,,,,
12/02/2017 17:00,22.67037153,110767893.48,,,,
12/02/2017 18:00,22.74535492,83309200.596,,,,
12/02/2017 19:00,22.77489554,93938173.704,,,,
12/02/2017 20:00,22.36827673,28607053.7448,,,,
12/02/2017 21:00,20.85523847,110902284.36,,,,
12/02/2017 22:00,19.90286139,126704721.708,,,,
12/02/2017 23:00,19.11002664,152933961.456,,,,
13/02/2017 0:00,18.6776559,154357001.172,,,,
13/02/2017 1:00,18.52083525,168972809.688,,,,
13/02/2017 2:00,18.27639733,174680306.928,,,,
13/02/2017 3:00,18.20699793,164931962.292,,,,
13/02/2017 4:00,18.29083694,172744394.688,,,,
13/02/2017 5:00,18.72094351,141340720.464,,,,
13/02/2017 6:00,19.1288558,132814994.688,,,,
13/02/2017 7:00,19.25072756,136464402.636,,,,
13/02/2017 8:00,19.7508585,298116330.3,,,,
13/02/2017 9:00,20.98513166,245563194.168,,,,
13/02/2017 10:00,21.99437605,205540347.096,,,,
13/02/2017 11:00,22.47599201,73626228.504,,,,
13/02/2017 12:00,22.56945515,106182643.356,,,,
13/02/2017 13:00,22.84921862,57417960.96,,,,
13/02/2017 14:00,22.97902875,12973024.3572,,,,
13/02/2017 15:00,22.78205313,10901747.5488,,,,
13/02/2017 16:00,22.69705005,102760640.856,,,,
13/02/2017 17:00,22.88356809,35764485.6132,,,,
13/02/2017 18:00,22.79372878,127139871.06,,,,
13/02/2017 19:00,22.61656316,118664072.568,,,,
13/02/2017 20:00,22.5092874,112096976.04,,,,
13/02/2017 21:00,22.27694347,31446496.4472,,,,
13/02/2017 22:00,21.83068606,69845819.58,,,,
13/02/2017 23:00,21.57086913,72750335.688,,,,
14/02/2017 0:00,21.37396171,79091552.304,,,,
14/02/2017 1:00,21.18433253,80565366.096,,,,
14/02/2017 2:00,21.02873714,86160400.272,,,,
14/02/2017 3:00,20.91600396,87663880.08,,,,
14/02/2017 4:00,20.79056721,90676906.704,,,,
14/02/2017 5:00,20.7036233,94250687.832,,,,
14/02/2017 6:00,20.64016927,94002469.956,,,,
14/02/2017 7:00,20.60711823,95701761.648,,,,
14/02/2017 8:00,20.99020464,294232162.32,,,,
14/02/2017 9:00,22.25785451,149226453.36,,,,
14/02/2017 10:00,22.69216463,95777408.772,,,,
14/02/2017 11:00,22.91830794,28320205.8348,,,,
14/02/2017 12:00,23.09219191,12213408.9456,,,,
14/02/2017 13:00,23.11926337,11166109.4736,,,,
14/02/2017 14:00,23.11927215,10738883.7684,,,,
14/02/2017 15:00,23.14578281,10378222.3188,,,,
14/02/2017 16:00,23.21031782,10308797.8488,,,,
14/02/2017 17:00,23.17326423,10332281.6712,,,,
14/02/2017 18:00,22.86249541,125155291.464,,,,
14/02/2017 19:00,22.73783119,30754276.1928,,,,
14/02/2017 20:00,22.43870879,61282074.6,,,,
14/02/2017 21:00,22.11403356,41085316.044,,,,
14/02/2017 22:00,21.80400894,62653010.328,,,,
14/02/2017 23:00,21.60669234,69695226.576,,,,
15/02/2017 0:00,21.4691084,68808180.348,,,,
15/02/2017 1:00,21.4081848,70458331.248,,,,
15/02/2017 2:00,21.3753589,69508912.176,,,,
15/02/2017 3:00,21.46014292,65275787.412,,,,
15/02/2017 4:00,21.41336652,70946788.608,,,,
15/02/2017 5:00,21.35318588,70484163.948,,,,
15/02/2017 6:00,21.29397626,73662066.9,,,,
15/02/2017 7:00,21.24055251,75954739.464,,,,
15/02/2017 8:00,21.46613036,267405012.036,,,,
15/02/2017 9:00,22.38084646,87324036.984,,,,
15/02/2017 10:00,22.51873616,82944570.708,,,,
15/02/2017 11:00,22.52648274,63971050.752,,,,
15/02/2017 12:00,22.62775578,62145652.68,,,,
15/02/2017 13:00,22.51955193,94636115.928,,,,
15/02/2017 14:00,22.47036496,100885919.472,,,,
15/02/2017 15:00,22.37739663,102917432.628,,,,
15/02/2017 16:00,22.27804869,106019403.156,,,,
15/02/2017 17:00,22.18968188,105522137.244,,,,
15/02/2017 18:00,22.06288219,112356129.528,,,,
15/02/2017 19:00,22.04643011,118822645.188,,,,
15/02/2017 20:00,22.00810525,115809349.752,,,,
15/02/2017 21:00,21.81781045,40448031.84,,,,
15/02/2017 22:00,21.31073944,77685965.748,,,,
15/02/2017 23:00,21.01276395,84047793.984,,,,
16/02/2017 0:00,20.8232317,94041000,,,,
16/02/2017 1:00,20.62768378,98106001.128,,,,
16/02/2017 2:00,20.45980104,100785665.448,,,,
16/02/2017 3:00,20.43462783,95768095.212,,,,
16/02/2017 4:00,20.32413522,104926178.088,,,,
16/02/2017 5:00,20.22128019,105459910.2,,,,
16/02/2017 6:00,20.124998,107786480.076,,,,
16/02/2017 7:00,20.09743205,106231793.832,,,,
16/02/2017 8:00,20.36734377,287665820.28,,,,
16/02/2017 9:00,21.42714189,246234981.78,,,,
16/02/2017 10:00,22.29752329,132043779.324,,,,
16/02/2017 11:00,22.32122973,130166368.416,,,,
16/02/2017 12:00,22.35508527,129699311.364,,,,
16/02/2017 13:00,22.37138954,117821755.008,,,,
16/02/2017 14:00,22.32657209,123894154.476,,,,
16/02/2017 15:00,22.29134913,115839724.788,,,,
16/02/2017 16:00,22.42414018,114211428.948,,,,
16/02/2017 17:00,22.48104399,112711877.208,,,,
16/02/2017 18:00,22.19542997,127480945.068,,,,
16/02/2017 19:00,22.09182282,127255914.252,,,,
16/02/2017 20:00,22.04378262,178443222.624,,,,
16/02/2017 21:00,22.02995389,17722707.7464,,,,
16/02/2017 22:00,21.48761477,78001660.116,,,,
16/02/2017 23:00,21.07064661,90097973.928,,,,
17/02/2017 0:00,20.78350059,95577669.216,,,,
17/02/2017 1:00,20.58713421,101859961.032,,,,
17/02/2017 2:00,20.46098564,103566117.816,,,,
17/02/2017 3:00,20.46317136,97837082.388,,,,
17/02/2017 4:00,20.39472548,107945632.368,,,,
17/02/2017 5:00,20.373885,102912568.488,,,,
17/02/2017 6:00,20.41861039,103548884.436,,,,
17/02/2017 7:00,20.36236049,109175132.736,,,,
17/02/2017 8:00,20.78484029,293066984.988,,,,
17/02/2017 9:00,22.29839788,133481733.732,,,,
17/02/2017 10:00,22.93064477,16653859.5132,,,,
17/02/2017 11:00,22.91399257,11460136.2624,,,,
17/02/2017 12:00,22.86981698,10795601.25,,,,
17/02/2017 13:00,22.94951003,10257196.7988,,,,
17/02/2017 14:00,23.08234218,9807551.4348,,,,
17/02/2017 15:00,23.31673003,9782647.5384,,,,
17/02/2017 16:00,23.52070229,9407026.9152,,,,
17/02/2017 17:00,23.57233685,9835726.3992,,,,
17/02/2017 18:00,23.34835326,10132136.6112,,,,
17/02/2017 19:00,22.8844556,65853691.524,,,,
17/02/2017 20:00,22.67010458,60656314.248,,,,
17/02/2017 21:00,22.43004863,32119682.9976,,,,
17/02/2017 22:00,22.14555997,57937231.512,,,,
17/02/2017 23:00,21.95238281,58740915.096,,,,
18/02/2017 0:00,21.79151451,61536423.132,,,,
18/02/2017 1:00,21.67594501,63337818.168,,,,
18/02/2017 2:00,21.58783949,67241783.808,,,,
18/02/2017 3:00,21.50880005,67432082.652,,,,
18/02/2017 4:00,21.45797728,69133482.504,,,,
18/02/2017 5:00,21.39768213,70358743.044,,,,
18/02/2017 6:00,21.39938307,69949168.92,,,,
18/02/2017 7:00,21.42013325,68485485.6,,,,
18/02/2017 8:00,21.48102717,63179768.088,,,,
18/02/2017 9:00,22.20653991,108866682,,,,
18/02/2017 10:00,23.02367664,13199015.4912,,,,
18/02/2017 11:00,23.43828544,10949799.384,,,,
18/02/2017 12:00,23.74871187,10442029.464,,,,
18/02/2017 13:00,24.03417284,10163931.8508,,,,
18/02/2017 14:00,24.32548929,10198252.0368,,,,
18/02/2017 15:00,24.62987383,10065444.8112,,,,
18/02/2017 16:00,24.92359848,10319182.9128,,,,
18/02/2017 17:00,25.04557119,10020562.8048,,,,
18/02/2017 18:00,24.99386244,10213901.3052,,,,
18/02/2017 19:00,24.58035122,10593839.5596,,,,
18/02/2017 20:00,24.17267147,10561598.4024,,,,
18/02/2017 21:00,23.86693378,10617429.726,,,,
18/02/2017 22:00,23.56548808,10399554.558,,,,
18/02/2017 23:00,23.24583407,10636892.4096,,,,
19/02/2017 0:00,22.98042233,10571561.4312,,,,
19/02/2017 1:00,22.66217243,10305741.0168,,,,
19/02/2017 2:00,22.43659303,48674379.924,,,,
19/02/2017 3:00,22.35329266,41355369.18,,,,
19/02/2017 4:00,22.26984768,41144178.744,,,,
19/02/2017 5:00,22.17736907,46291158.72,,,,
19/02/2017 6:00,22.08210033,49099128.912,,,,
19/02/2017 7:00,22.01581453,46707342.048,,,,
19/02/2017 8:00,21.99012541,50830528.608,,,,
19/02/2017 9:00,22.12105362,72778838.076,,,,
19/02/2017 10:00,22.43319749,46554132.06,,,,
19/02/2017 11:00,22.83614975,15130822.6908,,,,
19/02/2017 12:00,23.29892789,10681067.4696,,,,
19/02/2017 13:00,23.71253805,5247709.3404,,,,
19/02/2017 14:00,24.09089732,0,,,,
19/02/2017 15:00,24.46170676,0,,,,
19/02/2017 16:00,24.81917732,0,,,,
19/02/2017 17:00,25.0503343,0,,,,
19/02/2017 18:00,25.07592317,0,,,,
19/02/2017 19:00,24.70307135,0,,,,
19/02/2017 20:00,24.27341978,0,,,,
19/02/2017 21:00,23.88809704,0,,,,
19/02/2017 22:00,23.54971412,0,,,,
19/02/2017 23:00,23.23143833,13049672.3568,,,,
20/02/2017 0:00,22.90799196,10668109.7448,,,,
20/02/2017 1:00,22.59295915,44939724.444,,,,
20/02/2017 2:00,22.44683685,39630279.96,,,,
20/02/2017 3:00,22.40617914,38118256.848,,,,
20/02/2017 4:00,22.23670056,45747157.104,,,,
20/02/2017 5:00,22.1390031,47067507.9,,,,
20/02/2017 6:00,22.03560411,46977499.368,,,,
20/02/2017 7:00,21.92984049,54937579.86,,,,
20/02/2017 8:00,21.96248766,82066557.348,,,,
20/02/2017 9:00,22.19808283,54344044.944,,,,
20/02/2017 10:00,22.49186114,50774763.672,,,,
20/02/2017 11:00,22.91137144,16290545.832,,,,
20/02/2017 12:00,23.54615471,11290084.398,,,,
20/02/2017 13:00,23.96608492,10171827.666,,,,
20/02/2017 14:00,24.32159384,9957652.758,,,,
20/02/2017 15:00,24.69841139,10118606.04,,,,
20/02/2017 16:00,24.93680407,9915929.3304,,,,
20/02/2017 17:00,25.08985083,9948662.3916,,,,
20/02/2017 18:00,24.89817902,10091577.4056,,,,
20/02/2017 19:00,24.47328869,10263514.9572,,,,
20/02/2017 20:00,24.025658,10360623.0168,,,,
20/02/2017 21:00,23.65832723,10432512.864,,,,
20/02/2017 22:00,23.33292137,10161899.6688,,,,
20/02/2017 23:00,23.03946089,10476056.376,,,,
21/02/2017 0:00,22.74029948,10565242.4916,,,,
21/02/2017 1:00,22.50264354,37077088.5,,,,
21/02/2017 2:00,22.4147695,37089337.896,,,,
21/02/2017 3:00,22.41947404,39383486.856,,,,
21/02/2017 4:00,22.40921502,35330725.7568,,,,
21/02/2017 5:00,22.31843859,42501280.284,,,,
21/02/2017 6:00,22.2553228,39659788.368,,,,
21/02/2017 7:00,22.20710284,46836653.328,,,,
21/02/2017 8:00,22.25029899,67705750.98,,,,
21/02/2017 9:00,22.53937231,42383299.356,,,,
21/02/2017 10:00,22.80250171,12009723.7752,,,,
21/02/2017 11:00,23.0644439,11091143.5056,,,,
21/02/2017 12:00,23.45585201,0,,,,
21/02/2017 13:00,23.80542234,0,,,,
21/02/2017 14:00,24.05647991,0,,,,
21/02/2017 15:00,24.26615281,0,,,,
21/02/2017 16:00,24.47701415,0,,,,
21/02/2017 17:00,24.64433315,0,,,,
21/02/2017 18:00,24.63339158,68028418.26,,,,
21/02/2017 19:00,24.58977591,0,,,,
21/02/2017 20:00,24.39447274,0,,,,
21/02/2017 21:00,24.15557724,0,,,,
21/02/2017 22:00,23.97895496,0,,,,
21/02/2017 23:00,23.80384966,0,,,,
22/02/2017 0:00,23.63337142,0,,,,
22/02/2017 1:00,23.49161343,0,,,,
22/02/2017 2:00,23.36178772,0,,,,
22/02/2017 3:00,23.28307606,0,,,,
22/02/2017 4:00,23.1371586,0,,,,
22/02/2017 5:00,23.00361128,0,,,,
22/02/2017 6:00,22.87153373,0,,,,
22/02/2017 7:00,22.74319552,0,,,,
22/02/2017 8:00,22.63318105,5687723.4912,,,,
22/02/2017 9:00,22.58647995,0,,,,
22/02/2017 10:00,22.65935346,0,,,,
22/02/2017 11:00,22.95368759,0,,,,
22/02/2017 12:00,23.40246496,0,,,,
22/02/2017 13:00,23.73695386,0,,,,
22/02/2017 14:00,24.15482587,0,,,,
22/02/2017 15:00,24.67196102,0,,,,
22/02/2017 16:00,25.14897296,0,,,,
22/02/2017 17:00,25.5551313,0,,,,
22/02/2017 18:00,25.61813023,0,,,,
22/02/2017 19:00,25.37784775,0,,,,
22/02/2017 20:00,25.16994524,0,,,,
22/02/2017 21:00,24.93025197,0,,,,
22/02/2017 22:00,24.73179365,0,,,,
22/02/2017 23:00,24.5949478,0,,,,
23/02/2017 0:00,24.35822564,0,,,,
23/02/2017 1:00,24.12950274,0,,,,
23/02/2017 2:00,23.96845942,0,,,,
23/02/2017 3:00,23.86815349,0,,,,
23/02/2017 4:00,23.71869992,0,,,,
23/02/2017 5:00,23.523038,0,,,,
23/02/2017 6:00,23.39451433,0,,,,
23/02/2017 7:00,23.30465879,0,,,,
23/02/2017 8:00,23.18861065,0,,,,
23/02/2017 9:00,23.13158148,0,,,,
23/02/2017 10:00,23.27297187,0,,,,
23/02/2017 11:00,23.72622635,0,,,,
23/02/2017 12:00,24.19043155,0,,,,
23/02/2017 13:00,24.5890097,0,,,,
23/02/2017 14:00,24.770384,4192944.9912,,,,
23/02/2017 15:00,24.85649536,19574532,,,,
23/02/2017 16:00,24.99533327,0,,,,
23/02/2017 17:00,25.2389321,0,,,,
23/02/2017 18:00,25.27973362,0,,,,
23/02/2017 19:00,25.20377504,0,,,,
23/02/2017 20:00,24.94436663,0,,,,
23/02/2017 21:00,24.68599915,0,,,,
23/02/2017 22:00,24.49048467,0,,,,
23/02/2017 23:00,24.35826401,0,,,,
24/02/2017 0:00,24.22224527,0,,,,
24/02/2017 1:00,24.14312588,0,,,,
24/02/2017 2:00,24.06852863,0,,,,
24/02/2017 3:00,23.97130456,0,,,,
24/02/2017 4:00,23.84564178,0,,,,
24/02/2017 5:00,23.68333652,0,,,,
24/02/2017 6:00,23.50359229,0,,,,
24/02/2017 7:00,23.32707503,0,,,,
24/02/2017 8:00,23.23357753,0,,,,
24/02/2017 9:00,23.28578667,0,,,,
24/02/2017 10:00,23.62618549,0,,,,
24/02/2017 11:00,24.26778395,0,,,,
24/02/2017 12:00,24.95416339,0,,,,
24/02/2017 13:00,25.56444216,0,,,,
24/02/2017 14:00,26.01267487,0,,,,
24/02/2017 15:00,26.53400642,0,,,,
24/02/2017 16:00,27.00296344,0,,,,
24/02/2017 17:00,27.18659922,0,,,,
24/02/2017 18:00,27.28054828,0,,,,
24/02/2017 19:00,27.14153422,0,,,,
24/02/2017 20:00,26.81768682,0,,,,
24/02/2017 21:00,26.43871125,0,,,,
24/02/2017 22:00,26.10377099,0,,,,
24/02/2017 23:00,25.83500154,0,,,,
25/02/2017 0:00,25.59435565,0,,,,
25/02/2017 1:00,25.40351472,0,,,,
25/02/2017 2:00,25.22839832,0,,,,
25/02/2017 3:00,25.06038246,0,,,,
25/02/2017 4:00,24.94054972,0,,,,
25/02/2017 5:00,24.67896746,0,,,,
25/02/2017 6:00,24.3466077,0,,,,
25/02/2017 7:00,24.05298885,0,,,,
25/02/2017 8:00,23.78432891,0,,,,
25/02/2017 9:00,23.53635532,7961379.6924,,,,
25/02/2017 10:00,23.29928622,10801373.9976,,,,
25/02/2017 11:00,23.10601046,10561969.6092,,,,
25/02/2017 12:00,22.99494934,10281347.028,,,,
25/02/2017 13:00,22.80042954,10277148.0456,,,,
25/02/2017 14:00,22.81554371,10100062.476,,,,
25/02/2017 15:00,22.79469716,10238583.7152,,,,
25/02/2017 16:00,22.73363089,10325689.3908,,,,
25/02/2017 17:00,22.38980995,10758311.6724,,,,
25/02/2017 18:00,21.88804627,119870937.252,,,,
25/02/2017 19:00,21.77015131,85124556.396,,,,
25/02/2017 20:00,21.59251693,30384073.4328,,,,
25/02/2017 21:00,21.2018192,65885517.288,,,,
25/02/2017 22:00,20.91218436,70863774.804,,,,
25/02/2017 23:00,20.6930144,78883667.856,,,,
26/02/2017 0:00,20.53387709,80288143.308,,,,
26/02/2017 1:00,20.35469929,88147950.012,,,,
26/02/2017 2:00,20.19125636,90690029.82,,,,
26/02/2017 3:00,20.07428576,93734735.832,,,,
26/02/2017 4:00,20.00038112,95282086.824,,,,
26/02/2017 5:00,19.94854627,96831971.388,,,,
26/02/2017 6:00,19.9126651,99539938.8,,,,
26/02/2017 7:00,19.89386016,101545091.28,,,,
26/02/2017 8:00,19.86641015,101905589.088,,,,
26/02/2017 9:00,20.23630756,274855208.04,,,,
26/02/2017 10:00,21.39358783,196376860.224,,,,
26/02/2017 11:00,22.03455572,73986357.348,,,,
26/02/2017 12:00,21.98607397,100607231.088,,,,
26/02/2017 13:00,22.11797501,62928749.268,,,,
26/02/2017 14:00,22.17549528,12914265.5928,,,,
26/02/2017 15:00,22.08516949,30346085.2032,,,,
26/02/2017 16:00,22.1676337,25039360.1268,,,,
26/02/2017 17:00,22.21923712,57505790.556,,,,
26/02/2017 18:00,22.26529617,66877519.896,,,,
26/02/2017 19:00,21.99451314,90339098.976,,,,
26/02/2017 20:00,21.80289232,35733397.1508,,,,
26/02/2017 21:00,21.41943678,64542846.96,,,,
26/02/2017 22:00,21.16185228,74350851.768,,,,
26/02/2017 23:00,20.92288391,73891875.096,,,,
27/02/2017 0:00,20.66627013,83975458.356,,,,
27/02/2017 1:00,20.54514167,85628588.94,,,,
27/02/2017 2:00,20.48369567,82798389.468,,,,
27/02/2017 3:00,20.46390748,83400335.928,,,,
27/02/2017 4:00,20.5138267,80756753.04,,,,
27/02/2017 5:00,20.48080531,84151540.08,,,,
27/02/2017 6:00,20.46868187,83720549.7,,,,
27/02/2017 7:00,20.50158763,80421332.796,,,,
27/02/2017 8:00,20.90568902,273743949.096,,,,
27/02/2017 9:00,21.99397452,60013061.676,,,,
27/02/2017 10:00,22.13550803,56749604.616,,,,
27/02/2017 11:00,22.13322205,52852175.568,,,,
27/02/2017 12:00,22.14089954,52914304.728,,,,
27/02/2017 13:00,22.33255131,31989306.6324,,,,
27/02/2017 14:00,22.46075678,11555459.0676,,,,
27/02/2017 15:00,22.33403147,84268795.788,,,,
27/02/2017 16:00,22.53982332,35386005.9204,,,,
27/02/2017 17:00,22.31763389,21056338.836,,,,
27/02/2017 18:00,22.08471101,53560687.392,,,,
27/02/2017 19:00,22.05114803,64492675.776,,,,
27/02/2017 20:00,22.10030954,64221514.236,,,,
27/02/2017 21:00,21.91101025,33501505.1508,,,,
27/02/2017 22:00,21.69016661,51242592.528,,,,
27/02/2017 23:00,21.55344579,52428161.16,,,,
28/02/2017 0:00,21.47125289,55524859.236,,,,
28/02/2017 1:00,21.38863558,57839221.548,,,,
28/02/2017 2:00,21.40655655,54372180.456,,,,
28/02/2017 3:00,21.52012707,52620566.148,,,,
28/02/2017 4:00,21.42316666,57837985.632,,,,
28/02/2017 5:00,21.31010364,58848178.14,,,,
28/02/2017 6:00,21.20460369,62572158.828,,,,
28/02/2017 7:00,21.09517863,66277928.664,,,,
28/02/2017 8:00,21.43817484,178204654.332,,,,
28/02/2017 9:00,22.1531154,28727772.1524,,,,
28/02/2017 10:00,22.29502459,18376527.3444,,,,
28/02/2017 11:00,22.53705892,11240060.1768,,,,
28/02/2017 12:00,22.76671661,10321019.8092,,,,
28/02/2017 13:00,22.74499913,10004992.8516,,,,
28/02/2017 14:00,22.78169313,9564244.4988,,,,
28/02/2017 15:00,22.78109234,9572754.8484,,,,
28/02/2017 16:00,22.85688104,9724126.2948,,,,
28/02/2017 17:00,22.96397415,61552052.568,,,,
28/02/2017 18:00,23.06020187,11556637.4448,,,,
28/02/2017 19:00,22.88629443,10186109.5104,,,,
28/02/2017 20:00,22.57671029,10307101.0608,,,,
28/02/2017 21:00,22.37763537,23653590.534,,,,
28/02/2017 22:00,22.24220453,10198905.1056,,,,
28/02/2017 23:00,22.09169365,0,,,,
1/03/2017 0:00,21.94928117,0,,,,
1/03/2017 1:00,21.85080794,0,,,,
1/03/2017 2:00,21.82991777,0,,,,
1/03/2017 3:00,21.76287623,0,,,,
1/03/2017 4:00,21.73306785,0,,,,
1/03/2017 5:00,21.71979935,0,,,,
1/03/2017 6:00,21.63331162,0,,,,
1/03/2017 7:00,21.52920045,0,,,,
1/03/2017 8:00,21.36418261,0,,,,
1/03/2017 9:00,21.31542164,0,,,,
1/03/2017 10:00,21.343664,0,,,,
1/03/2017 11:00,21.33727298,107265706.344,,,,
1/03/2017 12:00,21.68679221,54558437.832,,,,
1/03/2017 13:00,21.97969682,53562988.188,,,,
1/03/2017 14:00,22.29358035,24994842.5088,,,,
1/03/2017 15:00,22.68658788,0,,,,
1/03/2017 16:00,22.85300028,0,,,,
1/03/2017 17:00,22.78449062,0,,,,
1/03/2017 18:00,22.9133183,0,,,,
1/03/2017 19:00,22.75305586,0,,,,
1/03/2017 20:00,22.41490614,24982664.7924,,,,
1/03/2017 21:00,22.23992008,13165292.9844,,,,
1/03/2017 22:00,21.87229008,11541707.8236,,,,
1/03/2017 23:00,21.40836202,10927394.2656,,,,
2/03/2017 0:00,20.93556501,10857072.7008,,,,
2/03/2017 1:00,20.44836923,10179084.5208,,,,
2/03/2017 2:00,19.99987397,10246515.4476,,,,
2/03/2017 3:00,19.50885512,39010984.668,,,,
2/03/2017 4:00,19.18660151,65507375.448,,,,
2/03/2017 5:00,19.03635198,62806572.684,,,,
2/03/2017 6:00,18.86521849,67234036.104,,,,
2/03/2017 7:00,18.71169467,70340537.16,,,,
2/03/2017 8:00,18.88018022,292940723.556,,,,
2/03/2017 9:00,19.72621223,182405428.092,,,,
2/03/2017 10:00,20.8105569,218767675.392,,,,
2/03/2017 11:00,21.9063206,39458852.244,,,,
2/03/2017 12:00,22.26175397,80978913.792,,,,
2/03/2017 13:00,22.39325015,14337429.858,,,,
2/03/2017 14:00,22.30455543,88589926.548,,,,
2/03/2017 15:00,22.26447893,76551139.98,,,,
2/03/2017 16:00,22.28466673,71728670.052,,,,
2/03/2017 17:00,22.22477599,107394347.124,,,,
2/03/2017 18:00,22.21187828,99713307.456,,,,
2/03/2017 19:00,22.1117525,109752392.196,,,,
2/03/2017 20:00,21.93788753,117226645.776,,,,
2/03/2017 21:00,21.66873587,16819063.542,,,,
2/03/2017 22:00,20.93903834,12707475.3072,,,,
2/03/2017 23:00,20.13354647,11665058.4288,,,,
3/03/2017 0:00,19.5428775,45897474.996,,,,
3/03/2017 1:00,19.43042042,61146406.728,,,,
3/03/2017 2:00,19.31517347,69568292.556,,,,
3/03/2017 3:00,19.11851716,72978711.012,,,,
3/03/2017 4:00,18.91601235,77049338.976,,,,
3/03/2017 5:00,18.75596775,86842360.296,,,,
3/03/2017 6:00,18.67009731,83761049.088,,,,
3/03/2017 7:00,18.57045359,84670494.66,,,,
3/03/2017 8:00,19.02199639,310645346.256,,,,
3/03/2017 9:00,20.46673628,223841057.004,,,,
3/03/2017 10:00,21.79434896,81658807.344,,,,
3/03/2017 11:00,21.96491208,143507988.324,,,,
3/03/2017 12:00,22.21495822,91018269.972,,,,
3/03/2017 13:00,22.23898459,127872225.504,,,,
3/03/2017 14:00,22.4514723,133587738.072,,,,
3/03/2017 15:00,22.45612153,85040374.788,,,,
3/03/2017 16:00,22.31468667,113783894.028,,,,
3/03/2017 17:00,22.25270748,130682859.516,,,,
3/03/2017 18:00,22.19142381,133002245.448,,,,
3/03/2017 19:00,21.98663209,144172191.204,,,,
3/03/2017 20:00,21.8667441,146633937.012,,,,
3/03/2017 21:00,21.5694367,18473716.4292,,,,
3/03/2017 22:00,20.71723004,13494812.0328,,,,
3/03/2017 23:00,19.92167245,11547538.7112,,,,
4/03/2017 0:00,19.37988857,71797910.58,,,,
4/03/2017 1:00,19.13263475,75372209.316,,,,
4/03/2017 2:00,18.86249589,82120404.348,,,,
4/03/2017 3:00,18.67022872,88914868.884,,,,
4/03/2017 4:00,18.50108029,92251965.708,,,,
4/03/2017 5:00,18.381008,93791352.168,,,,
4/03/2017 6:00,18.29818218,97169916.852,,,,
4/03/2017 7:00,18.24947867,95983637.04,,,,
4/03/2017 8:00,18.34814781,87828033.924,,,,
4/03/2017 9:00,19.35709237,256538367.432,,,,
4/03/2017 10:00,20.66662559,41412139.2,,,,
4/03/2017 11:00,20.88338765,13929274.0008,,,,
4/03/2017 12:00,20.76640803,11402953.7796,,,,
4/03/2017 13:00,20.70317182,109458346.032,,,,
4/03/2017 14:00,20.98509687,13500188.856,,,,
4/03/2017 15:00,20.95001085,11600356.5792,,,,
4/03/2017 16:00,20.80101238,82187695.98,,,,
4/03/2017 17:00,20.97303231,36621395.28,,,,
4/03/2017 18:00,20.96536607,129166899.66,,,,
4/03/2017 19:00,20.94740005,111726567.36,,,,
4/03/2017 20:00,20.64093955,16591667.9472,,,,
4/03/2017 21:00,19.85725267,43930298.844,,,,
4/03/2017 22:00,19.28793468,71832737.412,,,,
4/03/2017 23:00,19.04844105,76635372.6,,,,
5/03/2017 0:00,18.84369744,84046221.828,,,,
5/03/2017 1:00,18.65926529,85304346.192,,,,
5/03/2017 2:00,18.48933758,93780377.028,,,,
5/03/2017 3:00,18.39849285,94229492.94,,,,
5/03/2017 4:00,18.30707371,100648373.22,,,,
5/03/2017 5:00,18.21618504,104251650.768,,,,
5/03/2017 6:00,18.13012471,105158004.516,,,,
5/03/2017 7:00,18.06249582,106369819.992,,,,
5/03/2017 8:00,18.22681692,90968692.716,,,,
5/03/2017 9:00,19.26034175,287510068.872,,,,
5/03/2017 10:00,20.66305007,20416527.4716,,,,
5/03/2017 11:00,20.88084176,13256131.0608,,,,
5/03/2017 12:00,20.88329744,11163548.2248,,,,
5/03/2017 13:00,20.91975088,10845790.7868,,,,
5/03/2017 14:00,20.9972065,10310682.6252,,,,
5/03/2017 15:00,21.12319092,9926916.1812,,,,
5/03/2017 16:00,21.2841005,9946452.5568,,,,
5/03/2017 17:00,21.38187934,9692146.0008,,,,
5/03/2017 18:00,21.32135438,9975536.1396,,,,
5/03/2017 19:00,20.98101009,68157783.324,,,,
5/03/2017 20:00,20.897611,13959331.6464,,,,
5/03/2017 21:00,20.5464188,11642665.6908,,,,
5/03/2017 22:00,20.09633937,10265139.7704,,,,
5/03/2017 23:00,19.70219512,66913901.388,,,,
6/03/2017 0:00,19.65568737,52184323.836,,,,
6/03/2017 1:00,19.68279635,47548385.28,,,,
6/03/2017 2:00,19.67999109,50829000.408,,,,
6/03/2017 3:00,19.65815095,54097199.424,,,,
6/03/2017 4:00,19.64598414,56509378.488,,,,
6/03/2017 5:00,19.66268197,51092430.696,,,,
6/03/2017 6:00,19.68925095,31083944.3352,,,,
6/03/2017 7:00,19.67144272,51057309.636,,,,
6/03/2017 8:00,20.26855136,280308601.116,,,,
6/03/2017 9:00,21.73322686,143900330.868,,,,
6/03/2017 10:00,22.31312463,34582570.56,,,,
6/03/2017 11:00,22.41089295,58888215.684,,,,
6/03/2017 12:00,22.69441383,15303929.9292,,,,
6/03/2017 13:00,22.74740661,11397632.8536,,,,
6/03/2017 14:00,22.69870135,0,,,,
6/03/2017 15:00,22.52732835,0,,,,
6/03/2017 16:00,22.28966605,0,,,,
6/03/2017 17:00,22.00960734,66425579.712,,,,
6/03/2017 18:00,22.09207794,66606053.292,,,,
6/03/2017 19:00,22.16246304,66792417.156,,,,
6/03/2017 20:00,22.19206843,65415264.624,,,,
6/03/2017 21:00,22.11572277,14032668.5784,,,,
6/03/2017 22:00,21.80101768,11166727.1148,,,,
6/03/2017 23:00,21.46548736,10305316.2708,,,,
7/03/2017 0:00,21.18409818,10808507.3976,,,,
7/03/2017 1:00,20.9429954,10480063.5396,,,,
7/03/2017 2:00,20.72179754,10298335.1472,,,,
7/03/2017 3:00,20.55540606,10251368.928,,,,
7/03/2017 4:00,20.44106638,10088659.926,,,,
7/03/2017 5:00,20.34760971,10161296.748,,,,
7/03/2017 6:00,20.23089847,10070660.6892,,,,
7/03/2017 7:00,20.1461187,9920392.6572,,,,
7/03/2017 8:00,20.68143308,244461254.832,,,,
7/03/2017 9:00,22.12962613,67214699.352,,,,
7/03/2017 10:00,22.8358814,0,,,,
7/03/2017 11:00,22.84952004,0,,,,
7/03/2017 12:00,22.7758004,0,,,,
7/03/2017 13:00,22.78579212,0,,,,
7/03/2017 14:00,22.48228535,0,,,,
7/03/2017 15:00,22.20123803,0,,,,
7/03/2017 16:00,22.1869561,64189599.336,,,,
7/03/2017 17:00,22.54708184,15630723.8532,,,,
7/03/2017 18:00,22.50652351,11220697.512,,,,
7/03/2017 19:00,22.28243463,72133296.552,,,,
7/03/2017 20:00,22.369118,31187310.7788,,,,
7/03/2017 21:00,22.3161258,13719617.4528,,,,
7/03/2017 22:00,22.1433012,11162772.7884,,,,
7/03/2017 23:00,21.72785524,11113892.9496,,,,
8/03/2017 0:00,21.1843777,10835078.9616,,,,
8/03/2017 1:00,20.65967553,10116107.082,,,,
8/03/2017 2:00,20.27487926,10395789.5052,,,,
8/03/2017 3:00,19.96322726,10421803.0404,,,,
8/03/2017 4:00,19.69134622,10532582.7336,,,,
8/03/2017 5:00,19.50487081,45807948.072,,,,
8/03/2017 6:00,19.53342148,41983685.46,,,,
8/03/2017 7:00,19.50662472,55962197.136,,,,
8/03/2017 8:00,20.11275284,270592428.024,,,,
8/03/2017 9:00,21.94767829,92417065.02,,,,
8/03/2017 10:00,22.73953719,14700188.2932,,,,
8/03/2017 11:00,22.96710033,12019644.4284,,,,
8/03/2017 12:00,23.10129109,11127348.0252,,,,
8/03/2017 13:00,23.1561089,10507262.31,,,,
8/03/2017 14:00,23.20266975,9986689.8,,,,
8/03/2017 15:00,23.21319528,9908353.026,,,,
8/03/2017 16:00,23.24817151,9854637.0768,,,,
8/03/2017 17:00,23.26530939,10183663.5408,,,,
8/03/2017 18:00,23.21443373,9812703.6864,,,,
8/03/2017 19:00,22.83766302,10078889.292,,,,
8/03/2017 20:00,22.4134913,60816426.444,,,,
8/03/2017 21:00,22.36794278,13996010.6604,,,,
8/03/2017 22:00,22.09952938,11336183.5716,,,,
8/03/2017 23:00,21.70467788,11207242.368,,,,
9/03/2017 0:00,21.33553812,10633842.6768,,,,
9/03/2017 1:00,21.01381642,10408671.4428,,,,
9/03/2017 2:00,20.71326966,10312771.176,,,,
9/03/2017 3:00,20.46871981,10127052.3348,,,,
9/03/2017 4:00,20.25573801,10474324.65,,,,
9/03/2017 5:00,20.00188566,10497033.8352,,,,
9/03/2017 6:00,19.74613262,10549058.5332,,,,
9/03/2017 7:00,19.50009065,52735614.804,,,,
9/03/2017 8:00,20.24435851,283715725.176,,,,
9/03/2017 9:00,22.13376736,61011235.08,,,,
9/03/2017 10:00,22.90638321,11005195.8996,,,,
9/03/2017 11:00,23.21607234,12338824.2552,,,,
9/03/2017 12:00,23.52316248,10970105.238,,,,
9/03/2017 13:00,23.74507052,10397951.9568,,,,
9/03/2017 14:00,23.89760833,10232882.9316,,,,
9/03/2017 15:00,24.06118353,5019181.1064,,,,
9/03/2017 16:00,24.29588161,0,,,,
9/03/2017 17:00,24.36107025,0,,,,
9/03/2017 18:00,24.18378766,3214583.2512,,,,
9/03/2017 19:00,23.75613535,14069625.0336,,,,
9/03/2017 20:00,23.07515198,25250783.9904,,,,
9/03/2017 21:00,22.57391178,36431943.408,,,,
9/03/2017 22:00,22.11754903,47613102.192,,,,
9/03/2017 23:00,21.5657913,58794261.228,,,,
10/03/2017 0:00,20.95267167,69975420.768,,,,
10/03/2017 1:00,20.311646,81156579.228,,,,
10/03/2017 2:00,19.78369722,92337737.688,,,,
10/03/2017 3:00,19.38291554,103518896.688,,,,
10/03/2017 4:00,19.37886049,114700056.3,,,,
10/03/2017 5:00,19.29267353,125881216.488,,,,
10/03/2017 6:00,19.1964073,137062374.012,,,,
10/03/2017 7:00,19.07658592,148243531.86,,,,
10/03/2017 8:00,19.52051232,159424690.608,,,,
10/03/2017 9:00,20.85666843,170605849.068,,,,
10/03/2017 10:00,21.99911354,181787009.148,,,,
10/03/2017 11:00,22.33332067,192968169.012,,,,
10/03/2017 12:00,22.43720943,204149328.768,,,,
10/03/2017 13:00,22.21200833,135845463.204,,,,
10/03/2017 14:00,22.33072896,14985573.192,,,,
10/03/2017 15:00,22.2487399,137808380.232,,,,
10/03/2017 16:00,22.22956197,114875272.548,,,,
10/03/2017 17:00,22.2601805,118988684.928,,,,
10/03/2017 18:00,22.17342452,126818029.152,,,,
10/03/2017 19:00,22.08774976,140439829.428,,,,
10/03/2017 20:00,22.0025288,148946544.252,,,,
10/03/2017 21:00,21.70610751,18279958.32,,,,
10/03/2017 22:00,20.76755205,13658186.0448,,,,
10/03/2017 23:00,19.82062064,34105636.7028,,,,
11/03/2017 0:00,19.25984464,80002939.284,,,,
11/03/2017 1:00,19.01855679,76765253.94,,,,
11/03/2017 2:00,18.81783475,85021107.696,,,,
11/03/2017 3:00,18.66589649,88370757.576,,,,
11/03/2017 4:00,18.53559708,93110564.268,,,,
11/03/2017 5:00,18.43907107,92990852.028,,,,
11/03/2017 6:00,18.29473317,100923031.836,,,,
11/03/2017 7:00,18.18214104,104132065.32,,,,
11/03/2017 8:00,18.29780349,94442334.3,,,,
11/03/2017 9:00,18.99455368,321662610,,,,
11/03/2017 10:00,20.3045134,104711887.368,,,,
11/03/2017 11:00,20.79043756,72573891.696,,,,
11/03/2017 12:00,20.88636454,14076878.9472,,,,
11/03/2017 13:00,20.63606156,138562346.628,,,,
11/03/2017 14:00,20.86144317,16857920.4228,,,,
11/03/2017 15:00,20.62605945,136913317.92,,,,
11/03/2017 16:00,20.76420534,87730084.08,,,,
11/03/2017 17:00,20.82595937,45779888.484,,,,
11/03/2017 18:00,20.81215291,196629349.356,,,,
11/03/2017 19:00,20.84611114,139902898.968,,,,
11/03/2017 20:00,20.58307571,18352472.2632,,,,
11/03/2017 21:00,19.67514856,40913623.62,,,,
11/03/2017 22:00,19.11723467,79265401.956,,,,
11/03/2017 23:00,18.8008684,87747404.364,,,,
12/03/2017 0:00,18.60060581,92037250.764,,,,
12/03/2017 1:00,18.48468467,93721929.948,,,,
12/03/2017 2:00,18.42108014,99466630.596,,,,
12/03/2017 3:00,18.34928879,100484419.068,,,,
12/03/2017 4:00,18.30773024,99423649.764,,,,
12/03/2017 5:00,18.30115903,99929347.92,,,,
12/03/2017 6:00,18.33088893,98067177,,,,
12/03/2017 7:00,18.34137001,99340116.948,,,,
12/03/2017 8:00,18.77743284,303059991.636,,,,
12/03/2017 9:00,20.05272245,173020293.648,,,,
12/03/2017 10:00,20.76464661,107744892.624,,,,
12/03/2017 11:00,20.89046276,99392970.456,,,,
12/03/2017 12:00,20.94593606,16338403.3212,,,,
12/03/2017 13:00,20.86611561,124446099.708,,,,
12/03/2017 14:00,20.90218199,73891876.14,,,,
12/03/2017 15:00,20.83105875,62335713.816,,,,
12/03/2017 16:00,20.78011078,102756894.84,,,,
12/03/2017 17:00,20.9746179,14954815.8144,,,,
12/03/2017 18:00,20.81011894,173781208.332,,,,
12/03/2017 19:00,20.65823776,16861505.0724,,,,
12/03/2017 20:00,19.78735774,93055076.604,,,,
12/03/2017 21:00,19.27594378,72550045.98,,,,
12/03/2017 22:00,19.03697195,81263887.668,,,,
12/03/2017 23:00,18.88343459,81612593.928,,,,
13/03/2017 0:00,18.7424514,86535764.928,,,,
13/03/2017 1:00,18.62725332,92133400.824,,,,
13/03/2017 2:00,18.55991156,95320120.536,,,,
13/03/2017 3:00,18.40261865,102387381.192,,,,
13/03/2017 4:00,18.30680232,103670091.108,,,,
13/03/2017 5:00,18.26126938,104921978.076,,,,
13/03/2017 6:00,18.2333784,104217237.468,,,,
13/03/2017 7:00,18.59111726,284839939.908,,,,
13/03/2017 8:00,19.77892008,235663163.244,,,,
13/03/2017 9:00,21.04996137,229865290.92,,,,
13/03/2017 10:00,22.08191173,54071686.944,,,,
13/03/2017 11:00,22.13618072,123541979.724,,,,
13/03/2017 12:00,22.47158398,75068337.672,,,,
13/03/2017 13:00,22.72634911,13433889.0708,,,,
13/03/2017 14:00,22.57937053,80666587.512,,,,
13/03/2017 15:00,22.76123027,49372248.852,,,,
13/03/2017 16:00,22.7744033,12044196.6372,,,,
13/03/2017 17:00,22.60833837,158122084.248,,,,
13/03/2017 18:00,22.61436523,117264452.112,,,,
13/03/2017 19:00,22.68449952,118308308.292,,,,
13/03/2017 20:00,22.52826795,17027949.3012,,,,
13/03/2017 21:00,21.82285903,12570881.4936,,,,
13/03/2017 22:00,21.04126815,11773068.3288,,,,
13/03/2017 23:00,20.33405193,11125056.1896,,,,
14/03/2017 0:00,19.78626181,34678170.8388,,,,
14/03/2017 1:00,19.64221561,50998803.084,,,,
14/03/2017 2:00,19.61198096,62136241.812,,,,
14/03/2017 3:00,19.55912957,59992031.556,,,,
14/03/2017 4:00,19.43421611,63675982.476,,,,
14/03/2017 5:00,19.38558742,64441049.508,,,,
14/03/2017 6:00,19.28301499,69536402.964,,,,
14/03/2017 7:00,19.63810757,286068419.424,,,,
14/03/2017 8:00,20.82362601,233014983.3,,,,
14/03/2017 9:00,21.70498383,172721636.388,,,,
14/03/2017 10:00,21.97163664,141276048.048,,,,
14/03/2017 11:00,21.91910489,148536538.884,,,,
14/03/2017 12:00,21.86362408,140580215.28,,,,
14/03/2017 13:00,21.65420317,135657908.136,,,,
14/03/2017 14:00,21.5638365,125550387.54,,,,
14/03/2017 15:00,21.43028952,181043699.724,,,,
14/03/2017 16:00,21.71490206,107550971.784,,,,
14/03/2017 17:00,21.60829987,172457237.124,,,,
14/03/2017 18:00,21.57274683,204472181.124,,,,
14/03/2017 19:00,21.68527975,153010445.004,,,,
14/03/2017 20:00,21.35034179,20467759.0536,,,,
14/03/2017 21:00,20.23272538,13929229.6236,,,,
14/03/2017 22:00,19.20130769,117719200.404,,,,
14/03/2017 23:00,18.59072329,85474948.68,,,,
15/03/2017 0:00,18.16564241,94244121.36,,,,
15/03/2017 1:00,17.87237295,97793510.004,,,,
15/03/2017 2:00,17.56547346,101537299.368,,,,
15/03/2017 3:00,17.33879433,109216034.388,,,,
15/03/2017 4:00,17.13085091,112575500.928,,,,
15/03/2017 5:00,16.97423656,116049432.528,,,,
15/03/2017 6:00,16.83116098,117406273.68,,,,
15/03/2017 7:00,17.35725136,328710487.68,,,,
15/03/2017 8:00,18.60532203,237510576.648,,,,
15/03/2017 9:00,19.51043639,234462892.824,,,,
15/03/2017 10:00,20.33805128,235597403.808,,,,
15/03/2017 11:00,21.10808095,224895709.98,,,,
15/03/2017 12:00,21.73841818,154267645.86,,,,
15/03/2017 13:00,21.6331418,160275423.348,,,,
15/03/2017 14:00,21.78625322,133646065.992,,,,
15/03/2017 15:00,21.68634035,123883549.452,,,,
15/03/2017 16:00,21.613305,143795502.936,,,,
15/03/2017 17:00,21.6449481,129835302.228,,,,
15/03/2017 18:00,21.61236823,151322984.892,,,,
15/03/2017 19:00,21.65209738,197423614.224,,,,
15/03/2017 20:00,21.38831502,18311273.8344,,,,
15/03/2017 21:00,20.22235559,13838480.01,,,,
15/03/2017 22:00,19.21270792,99263449.908,,,,
15/03/2017 23:00,18.72154204,81570986.208,,,,
16/03/2017 0:00,18.36104661,89530931.088,,,,
16/03/2017 1:00,18.13265107,93967583.04,,,,
16/03/2017 2:00,17.95581769,92537094.492,,,,
16/03/2017 3:00,17.74954281,98684608.608,,,,
16/03/2017 4:00,17.61375632,99974733.66,,,,
16/03/2017 5:00,17.571444,99430004.808,,,,
16/03/2017 6:00,17.52780031,101322257.652,,,,
16/03/2017 7:00,17.99941603,291471907.032,,,,
16/03/2017 8:00,19.34157401,241924334.724,,,,
16/03/2017 9:00,20.46664136,232009309.512,,,,
16/03/2017 10:00,21.48484148,191702604.024,,,,
16/03/2017 11:00,21.98335183,69790772.088,,,,
16/03/2017 12:00,21.9673245,105853501.872,,,,
16/03/2017 13:00,21.90091294,111838761.324,,,,
16/03/2017 14:00,21.91770905,104371502.508,,,,
16/03/2017 15:00,22.1125343,89902983.348,,,,
16/03/2017 16:00,22.12029956,93011227.704,,,,
16/03/2017 17:00,22.13705381,87462013.788,,,,
16/03/2017 18:00,22.06780752,94822313.868,,,,
16/03/2017 19:00,21.79260011,102290087.448,,,,
16/03/2017 20:00,21.2978184,17341339.7808,,,,
16/03/2017 21:00,20.4918164,12643750.8612,,,,
16/03/2017 22:00,19.68737091,43834103.208,,,,
16/03/2017 23:00,19.27320288,65043804.816,,,,
17/03/2017 0:00,19.01784941,69956167.284,,,,
17/03/2017 1:00,18.85304162,72767159.244,,,,
17/03/2017 2:00,18.69993015,77896011.852,,,,
17/03/2017 3:00,18.48398536,78141569.148,,,,
17/03/2017 4:00,18.2979592,84871369.728,,,,
17/03/2017 5:00,18.14391952,84516727.284,,,,
17/03/2017 6:00,18.01939907,90361286.964,,,,
17/03/2017 7:00,18.5169898,298170453.528,,,,
17/03/2017 8:00,20.10163746,231098338.008,,,,
17/03/2017 9:00,21.64658364,135053922.348,,,,
17/03/2017 10:00,22.19620015,31897819.0908,,,,
17/03/2017 11:00,22.30470389,74352518.172,,,,
17/03/2017 12:00,22.44490242,12858272.0208,,,,
17/03/2017 13:00,22.36876295,71127896.364,,,,
17/03/2017 14:00,22.3161764,58371207.444,,,,
17/03/2017 15:00,22.06973006,79101984.348,,,,
17/03/2017 16:00,21.85924769,96565707.612,,,,
17/03/2017 17:00,21.64313534,144893792.34,,,,
17/03/2017 18:00,21.80995569,106024841.244,,,,
17/03/2017 19:00,21.7157275,115086366.72,,,,
17/03/2017 20:00,21.47942278,17201143.7604,,,,
17/03/2017 21:00,20.87734668,12474971.2584,,,,
17/03/2017 22:00,20.15909082,11595598.578,,,,
17/03/2017 23:00,19.61623514,62106919.776,,,,
18/03/2017 0:00,19.46987478,60533966.304,,,,
18/03/2017 1:00,19.31563111,58406930.748,,,,
18/03/2017 2:00,19.22100644,61721598.708,,,,
18/03/2017 3:00,19.11482833,62401557.528,,,,
18/03/2017 4:00,19.05349441,64342591.524,,,,
18/03/2017 5:00,18.98630288,62884011.204,,,,
18/03/2017 6:00,18.92691021,67032720.864,,,,
18/03/2017 7:00,18.89901724,63544701.168,,,,
18/03/2017 8:00,19.44610224,303564463.596,,,,
18/03/2017 9:00,20.58951505,52427069.748,,,,
18/03/2017 10:00,20.66753778,82078471.728,,,,
18/03/2017 11:00,20.7931821,23743240.1496,,,,
18/03/2017 12:00,20.68919327,69267036.132,,,,
18/03/2017 13:00,20.69341284,51557427.9,,,,
18/03/2017 14:00,20.70429279,13393707.3072,,,,
18/03/2017 15:00,20.73349633,11307556.9728,,,,
18/03/2017 16:00,20.69028192,72850093.308,,,,
18/03/2017 17:00,20.69018046,50049703.692,,,,
18/03/2017 18:00,20.55069718,83440400.472,,,,
18/03/2017 19:00,20.44285667,15783556.7232,,,,
18/03/2017 20:00,20.03156041,12095417.412,,,,
18/03/2017 21:00,19.53847854,43911254.556,,,,
18/03/2017 22:00,19.36143685,57062616.66,,,,
18/03/2017 23:00,19.23745977,60449673.528,,,,
19/03/2017 0:00,19.11907147,63234196.956,,,,
19/03/2017 1:00,19.04300497,64737025.632,,,,
19/03/2017 2:00,18.98918643,62965256.184,,,,
19/03/2017 3:00,18.9707814,62949886.704,,,,
19/03/2017 4:00,18.94023488,66351788.388,,,,
19/03/2017 5:00,18.92003541,65181995.784,,,,
19/03/2017 6:00,18.90808173,63632730.564,,,,
19/03/2017 7:00,18.89240584,66768001.38,,,,
19/03/2017 8:00,19.45141541,277895045.988,,,,
19/03/2017 9:00,20.61904337,54908055.216,,,,
19/03/2017 10:00,20.77682837,28993606.5276,,,,
19/03/2017 11:00,20.68182507,63719693.208,,,,
19/03/2017 12:00,20.73957484,23226226.56,,,,
19/03/2017 13:00,20.65848332,74697240.096,,,,
19/03/2017 14:00,20.65655901,14346855.1944,,,,
19/03/2017 15:00,20.69373064,43089077.484,,,,
19/03/2017 16:00,20.63290914,68188611.42,,,,
19/03/2017 17:00,20.61505676,54132301.296,,,,
19/03/2017 18:00,20.60437729,68135897.124,,,,
19/03/2017 19:00,20.49270004,13957155.6552,,,,
19/03/2017 20:00,20.13125172,11991882.474,,,,
19/03/2017 21:00,19.71208094,10523380.4856,,,,
19/03/2017 22:00,19.47904615,66299535.072,,,,
19/03/2017 23:00,19.48980008,47252495.808,,,,
20/03/2017 0:00,19.49806511,40566499.74,,,,
20/03/2017 1:00,19.46035651,50069197.908,,,,
20/03/2017 2:00,19.41791889,53710317.144,,,,
20/03/2017 3:00,19.3850939,52823588.904,,,,
20/03/2017 4:00,19.32598949,55017598.968,,,,
20/03/2017 5:00,19.28780826,55607330.376,,,,
20/03/2017 6:00,19.27425188,55357166.556,,,,
20/03/2017 7:00,19.82472765,301806142.956,,,,
20/03/2017 8:00,21.48641935,157201635.456,,,,
20/03/2017 9:00,22.33091908,26609674.9716,,,,
20/03/2017 10:00,22.54196121,12147495.1236,,,,
20/03/2017 11:00,22.6555512,11303806.2732,,,,
20/03/2017 12:00,22.6379021,10592106.6744,,,,
20/03/2017 13:00,22.62276042,10399596.9264,,,,
20/03/2017 14:00,22.67153467,10250119.44,,,,
20/03/2017 15:00,22.79967024,10229778.3924,,,,
20/03/2017 16:00,22.86612165,4992227.9532,,,,
20/03/2017 17:00,22.71302677,0,,,,
20/03/2017 18:00,22.40260756,0,,,,
20/03/2017 19:00,22.08433637,0,,,,
20/03/2017 20:00,21.80804671,0,,,,
20/03/2017 21:00,21.55819274,0,,,,
20/03/2017 22:00,21.32591444,0,,,,
20/03/2017 23:00,21.13365036,0,,,,
21/03/2017 0:00,20.95733756,7967122.3224,,,,
21/03/2017 1:00,20.76275385,10218673.4508,,,,
21/03/2017 2:00,20.64127348,9946000.2672,,,,
21/03/2017 3:00,20.55786607,9928659.1896,,,,
21/03/2017 4:00,20.40136929,9839423.6604,,,,
21/03/2017 5:00,20.29620541,9999430.6392,,,,
21/03/2017 6:00,20.13172243,10182884.796,,,,
21/03/2017 7:00,20.52594429,275113296.144,,,,
21/03/2017 8:00,21.96468486,76778676.612,,,,
21/03/2017 9:00,22.32653108,43411842.684,,,,
21/03/2017 10:00,22.37239443,41799852.504,,,,
21/03/2017 11:00,22.83401787,12707480.9916,,,,
21/03/2017 12:00,23.17827077,0,,,,
21/03/2017 13:00,23.48248649,0,,,,
21/03/2017 14:00,23.88062682,0,,,,
21/03/2017 15:00,24.29280383,0,,,,
21/03/2017 16:00,24.61011978,0,,,,
21/03/2017 17:00,24.73963804,0,,,,
21/03/2017 18:00,24.6048979,0,,,,
21/03/2017 19:00,24.22278804,0,,,,
21/03/2017 20:00,23.71587421,2977698.5388,,,,
21/03/2017 21:00,23.24262621,0,,,,
21/03/2017 22:00,22.84995576,0,,,,
21/03/2017 23:00,22.32742388,0,,,,
22/03/2017 0:00,21.70761552,13465404.1548,,,,
22/03/2017 1:00,20.57533839,10665736.2144,,,,
22/03/2017 2:00,19.77844829,11136144.1284,,,,
22/03/2017 3:00,19.11648115,85886758.26,,,,
22/03/2017 4:00,18.51616239,76030062.156,,,,
22/03/2017 5:00,18.50078931,72576877.068,,,,
22/03/2017 6:00,18.44333323,78846583.716,,,,
22/03/2017 7:00,18.87086449,315285525.036,,,,
22/03/2017 8:00,20.47467028,216672207.588,,,,
22/03/2017 9:00,21.80142328,90111800.268,,,,
22/03/2017 10:00,22.03272732,44806275.9,,,,
22/03/2017 11:00,22.30236965,24413149.5084,,,,
22/03/2017 12:00,22.34086931,12070418.454,,,,
22/03/2017 13:00,22.27637582,112220217.504,,,,
22/03/2017 14:00,22.43961916,44642058.588,,,,
22/03/2017 15:00,22.7115389,12771203.8824,,,,
22/03/2017 16:00,22.70605324,81116568.18,,,,
22/03/2017 17:00,22.88461888,12702880.386,,,,
22/03/2017 18:00,22.72522762,42813830.664,,,,
22/03/2017 19:00,22.46769977,70915116.492,,,,
22/03/2017 20:00,22.0321911,14872463.748,,,,
22/03/2017 21:00,21.35842993,12297541.0392,,,,
22/03/2017 22:00,20.68518418,11473443.4644,,,,
22/03/2017 23:00,20.04977433,11178642.9456,,,,
23/03/2017 0:00,19.52291285,75563606.988,,,,
23/03/2017 1:00,19.26225003,62633248.848,,,,
23/03/2017 2:00,19.10415783,66730001.508,,,,
23/03/2017 3:00,18.96681781,66862161.036,,,,
23/03/2017 4:00,18.79016105,72347688.504,,,,
23/03/2017 5:00,18.64319831,74989449.396,,,,
23/03/2017 6:00,18.53846129,77188473.576,,,,
23/03/2017 7:00,19.00503732,286823781.072,,,,
23/03/2017 8:00,20.69096544,230961649.32,,,,
23/03/2017 9:00,22.06274519,37131170.508,,,,
23/03/2017 10:00,22.3253653,30304197.9432,,,,
23/03/2017 11:00,22.49656975,12156693.7572,,,,
23/03/2017 12:00,22.63188181,11042586.2232,,,,
23/03/2017 13:00,22.7739984,10590417.9072,,,,
23/03/2017 14:00,22.88006774,10016085.9168,,,,
23/03/2017 15:00,23.13073627,9968740.7508,,,,
23/03/2017 16:00,23.38051612,9910232.1324,,,,
23/03/2017 17:00,23.48865899,9819995.8248,,,,
23/03/2017 18:00,23.56361228,10008098.0388,,,,
23/03/2017 19:00,23.23844215,10290470.2308,,,,
23/03/2017 20:00,22.66059375,10776253.2696,,,,
23/03/2017 21:00,22.13401556,10526568.5844,,,,
23/03/2017 22:00,21.68286859,10642254.2532,,,,
23/03/2017 23:00,21.28579806,10400510.718,,,,
24/03/2017 0:00,21.00255512,10322423.6724,,,,
24/03/2017 1:00,20.66190374,10231729.5996,,,,
24/03/2017 2:00,20.36090246,10529337.8016,,,,
24/03/2017 3:00,20.11225972,10435810.5756,,,,
24/03/2017 4:00,20.00927696,10318595.0544,,,,
24/03/2017 5:00,19.83827615,10496685.7188,,,,
24/03/2017 6:00,19.60215126,58539763.584,,,,
24/03/2017 7:00,20.10981155,295179280.632,,,,
24/03/2017 8:00,21.7386805,129075838.848,,,,
24/03/2017 9:00,22.45075643,58837648.176,,,,
24/03/2017 10:00,22.79700622,10513390.9068,,,,
24/03/2017 11:00,22.88586701,0,,,,
24/03/2017 12:00,23.10828846,0,,,,
24/03/2017 13:00,23.46642233,0,,,,
24/03/2017 14:00,23.96458371,0,,,,
24/03/2017 15:00,24.46044219,0,,,,
24/03/2017 16:00,24.91868152,0,,,,
24/03/2017 17:00,25.41065271,0,,,,
24/03/2017 18:00,25.76516215,0,,,,
24/03/2017 19:00,25.75258436,0,,,,
24/03/2017 20:00,25.51458881,0,,,,
24/03/2017 21:00,25.26960663,0,,,,
24/03/2017 22:00,25.07421518,0,,,,
24/03/2017 23:00,24.87768926,0,,,,
25/03/2017 0:00,24.68573148,0,,,,
25/03/2017 1:00,24.52098568,0,,,,
25/03/2017 2:00,24.39044142,0,,,,
25/03/2017 3:00,24.3012919,0,,,,
25/03/2017 4:00,24.21360831,0,,,,
25/03/2017 5:00,24.11821534,0,,,,
25/03/2017 6:00,24.02973831,0,,,,
25/03/2017 7:00,23.94575311,0,,,,
25/03/2017 8:00,23.92919977,0,,,,
25/03/2017 9:00,24.1791496,0,,,,
25/03/2017 10:00,24.59903852,0,,,,
25/03/2017 11:00,25.08727991,0,,,,
25/03/2017 12:00,25.42781329,0,,,,
25/03/2017 13:00,25.72933362,0,,,,
25/03/2017 14:00,26.11448706,0,,,,
25/03/2017 15:00,26.51797949,0,,,,
25/03/2017 16:00,26.81617917,0,,,,
25/03/2017 17:00,27.04787412,0,,,,
25/03/2017 18:00,27.13942356,0,,,,
25/03/2017 19:00,27.13416801,0,,,,
25/03/2017 20:00,27.00242169,0,,,,
25/03/2017 21:00,26.81706102,0,,,,
25/03/2017 22:00,26.65235467,0,,,,
25/03/2017 23:00,26.46804056,0,,,,
26/03/2017 0:00,26.26358859,0,,,,
26/03/2017 1:00,25.97606283,0,,,,
26/03/2017 2:00,25.72153254,0,,,,
26/03/2017 3:00,25.47120381,0,,,,
26/03/2017 4:00,25.25117659,0,,,,
26/03/2017 5:00,25.050572,0,,,,
26/03/2017 6:00,24.82944415,0,,,,
26/03/2017 7:00,24.63166704,0,,,,
26/03/2017 8:00,24.55298615,0,,,,
26/03/2017 9:00,24.03006263,0,,,,
26/03/2017 10:00,24.01090949,0,,,,
26/03/2017 11:00,24.20260463,0,,,,
26/03/2017 12:00,24.14382526,0,,,,
26/03/2017 13:00,24.23435997,0,,,,
26/03/2017 14:00,24.19574103,0,,,,
26/03/2017 15:00,24.509638,0,,,,
26/03/2017 16:00,24.6221601,0,,,,
26/03/2017 17:00,24.76774679,0,,,,
26/03/2017 18:00,24.68763803,0,,,,
26/03/2017 19:00,24.41543186,0,,,,
26/03/2017 20:00,24.14033143,0,,,,
26/03/2017 21:00,23.96563084,0,,,,
26/03/2017 22:00,23.80657256,0,,,,
26/03/2017 23:00,23.67365577,0,,,,
27/03/2017 0:00,23.56332812,0,,,,
27/03/2017 1:00,23.48441295,0,,,,
27/03/2017 2:00,23.30320515,0,,,,
27/03/2017 3:00,23.10139798,0,,,,
27/03/2017 4:00,22.94241502,0,,,,
27/03/2017 5:00,22.83193048,0,,,,
27/03/2017 6:00,22.77939296,0,,,,
27/03/2017 7:00,22.72113194,0,,,,
27/03/2017 8:00,22.90759511,0,,,,
27/03/2017 9:00,23.31922617,0,,,,
27/03/2017 10:00,23.81157946,0,,,,
27/03/2017 11:00,24.31726898,0,,,,
27/03/2017 12:00,24.77862498,0,,,,
27/03/2017 13:00,25.21674623,0,,,,
27/03/2017 14:00,25.60613858,0,,,,
27/03/2017 15:00,26.02074956,0,,,,
27/03/2017 16:00,26.18863493,0,,,,
27/03/2017 17:00,25.88706179,0,,,,
27/03/2017 18:00,26.18420552,0,,,,
27/03/2017 19:00,26.21053774,0,,,,
27/03/2017 20:00,25.99363694,0,,,,
27/03/2017 21:00,25.69967674,0,,,,
27/03/2017 22:00,25.46733124,0,,,,
27/03/2017 23:00,25.25548308,0,,,,
28/03/2017 0:00,25.12194327,0,,,,
28/03/2017 1:00,24.96608781,0,,,,
28/03/2017 2:00,24.81308367,0,,,,
28/03/2017 3:00,24.7128296,0,,,,
28/03/2017 4:00,24.59704429,0,,,,
28/03/2017 5:00,24.46383755,0,,,,
28/03/2017 6:00,24.29870165,0,,,,
28/03/2017 7:00,24.1376727,0,,,,
28/03/2017 8:00,24.01034943,0,,,,
28/03/2017 9:00,24.06452738,0,,,,
28/03/2017 10:00,24.22443478,0,,,,
28/03/2017 11:00,24.33991694,0,,,,
28/03/2017 12:00,24.35354116,0,,,,
28/03/2017 13:00,24.38083534,0,,,,
28/03/2017 14:00,24.43053947,0,,,,
28/03/2017 15:00,24.51368612,0,,,,
28/03/2017 16:00,24.19231106,0,,,,
28/03/2017 17:00,23.941263,0,,,,
28/03/2017 18:00,23.77025512,0,,,,
28/03/2017 19:00,23.63899766,0,,,,
28/03/2017 20:00,23.26860259,0,,,,
28/03/2017 21:00,23.15215621,0,,,,
28/03/2017 22:00,23.06808062,0,,,,
28/03/2017 23:00,22.89182924,0,,,,
29/03/2017 0:00,22.77348164,0,,,,
29/03/2017 1:00,22.55393162,0,,,,
29/03/2017 2:00,22.30404911,0,,,,
29/03/2017 3:00,22.14496515,0,,,,
29/03/2017 4:00,21.9385067,0,,,,
29/03/2017 5:00,21.80703747,0,,,,
29/03/2017 6:00,21.70630189,0,,,,
29/03/2017 7:00,21.53723297,0,,,,
29/03/2017 8:00,21.39468985,0,,,,
29/03/2017 9:00,21.40770342,0,,,,
29/03/2017 10:00,21.64586362,0,,,,
29/03/2017 11:00,22.11591143,0,,,,
29/03/2017 12:00,22.58196125,0,,,,
29/03/2017 13:00,23.02005439,0,,,,
29/03/2017 14:00,23.45538619,0,,,,
29/03/2017 15:00,23.82770613,0,,,,
29/03/2017 16:00,24.07955428,0,,,,
29/03/2017 17:00,24.45000422,0,,,,
29/03/2017 18:00,24.65960239,0,,,,
29/03/2017 19:00,24.51441218,0,,,,
29/03/2017 20:00,24.13936893,0,,,,
29/03/2017 21:00,23.75848314,0,,,,
29/03/2017 22:00,23.39112469,0,,,,
29/03/2017 23:00,23.0531285,0,,,,
30/03/2017 0:00,22.73565362,0,,,,
30/03/2017 1:00,22.4449218,0,,,,
30/03/2017 2:00,22.22264441,0,,,,
30/03/2017 3:00,21.97274675,0,,,,
30/03/2017 4:00,21.74604737,0,,,,
30/03/2017 5:00,21.53296666,0,,,,
30/03/2017 6:00,21.33324759,0,,,,
30/03/2017 7:00,21.15031911,0,,,,
30/03/2017 8:00,21.01300793,0,,,,
30/03/2017 9:00,20.97414613,0,,,,
30/03/2017 10:00,21.08528348,0,,,,
30/03/2017 11:00,21.29110672,0,,,,
30/03/2017 12:00,21.29673344,0,,,,
30/03/2017 13:00,21.32543055,0,,,,
30/03/2017 14:00,21.3551504,0,,,,
30/03/2017 15:00,21.53408014,0,,,,
30/03/2017 16:00,21.82516365,0,,,,
30/03/2017 17:00,21.92869776,0,,,,
30/03/2017 18:00,22.00240087,0,,,,
30/03/2017 19:00,21.96624878,0,,,,
30/03/2017 20:00,21.89310724,0,,,,
30/03/2017 21:00,21.77228903,0,,,,
30/03/2017 22:00,21.61040631,0,,,,
30/03/2017 23:00,21.49317122,0,,,,
31/03/2017 0:00,21.36768141,0,,,,
31/03/2017 1:00,21.27529079,0,,,,
31/03/2017 2:00,21.23063133,0,,,,
31/03/2017 3:00,21.22000319,0,,,,
31/03/2017 4:00,21.12425324,0,,,,
31/03/2017 5:00,20.96070455,0,,,,
31/03/2017 6:00,20.82630265,0,,,,
31/03/2017 7:00,20.7112187,0,,,,
31/03/2017 8:00,20.61898552,0,,,,
31/03/2017 9:00,20.55721934,0,,,,
31/03/2017 10:00,20.55721499,0,,,,
31/03/2017 11:00,20.66770422,192147832.728,,,,
31/03/2017 12:00,21.97281555,97194792.636,,,,
31/03/2017 13:00,22.48490427,32095506.7296,,,,
31/03/2017 14:00,22.4535457,48086739.288,,,,
31/03/2017 15:00,22.42600563,4844750.4,,,,
31/03/2017 16:00,22.25058716,42104310.228,,,,
31/03/2017 17:00,22.23155591,57033859.86,,,,
31/03/2017 18:00,22.30133853,49836801.816,,,,
31/03/2017 19:00,22.3220983,15208695.8712,,,,
31/03/2017 20:00,22.18364585,0,,,,
31/03/2017 21:00,21.99127722,0,,,,
31/03/2017 22:00,21.83110551,0,,,,
31/03/2017 23:00,21.63954949,0,,,,
1/04/2017 0:00,21.44126395,6595943.5008,,,,
