# # cmbedY,diffuse solar w/m2,direct solar w/m2,OAH %,OAT C,Mull SWT C,Heat Mode,mullInsulationThickness,intMass,mullSurfaceArea,infilRate
2.164418063682429860e+01,0.000000000000000000e+00,0.000000000000000000e+00,8.831666667000000359e+01,4.071759258999999354e+00,3.150208683250000163e+01,1.000000000000000000e+00,2.920896325255330564e-03,7.790140281459426888e+02,1.242185071633659543e+00,8.236308246755484619e-02
1.798677648537319840e+01,0.000000000000000000e+00,0.000000000000000000e+00,7.297499999999999432e+01,4.258950508999999940e+00,3.413271764830000166e+01,1.000000000000000000e+00,1.647109245553838881e-03,7.265286215594138639e+02,1.394775325686451906e+00,2.118058582314687188e-01
2.214324540386540008e+01,1.165430544000000026e+02,8.765355160000000296e+02,1.977499999999999858e+01,9.530555555999999484e+00,2.146826157419999959e+01,1.000000000000000000e+00,2.221443429335674680e-03,7.776058691553723747e+02,1.467558727478348590e+00,2.519522034045247327e-01
9.903507669159319349e+00,0.000000000000000000e+00,0.000000000000000000e+00,7.201666667000000643e+01,1.120740741000000007e+01,2.286483453670000188e+01,9.166666666999999658e-01,1.163744389095558700e-03,7.872795966466964046e+02,1.712874417200004107e+00,1.520323891143737505e-01
4.202568543865489659e+01,0.000000000000000000e+00,0.000000000000000000e+00,8.467499999999999716e+01,-6.740740740000000786e-01,4.656204051000000277e+01,1.000000000000000000e+00,1.689688753982362610e-03,4.462426942114563531e+02,1.647052875587096121e+00,8.377093318844403003e-02
2.066457064436379909e+01,6.585200269999999989e+01,4.178960980000000092e+01,6.051666666999999933e+01,7.643518518999999678e+00,5.953053962999999982e+01,1.000000000000000000e+00,2.653523422612122026e-03,8.309883606011621850e+02,1.518179156410710107e+00,2.645838340721909376e-01
0.000000000000000000e+00,2.031635789999999986e+02,6.662031690999999967e+01,6.967499999999999716e+01,1.258750000000000036e+01,2.113872685169999954e+01,0.000000000000000000e+00,1.046787518308506552e-03,2.540718134966236903e+02,1.143589965718087242e+00,1.174278113248759248e-01
0.000000000000000000e+00,0.000000000000000000e+00,0.000000000000000000e+00,9.117499999999999716e+01,7.818518517999999418e+00,2.268812247580000019e+01,0.000000000000000000e+00,2.806136892833304558e-03,8.784809863107464025e+02,1.653466892810816713e+00,2.360190630963111477e-02
1.773251702394300011e+01,0.000000000000000000e+00,0.000000000000000000e+00,9.312500000000000000e+01,1.170972221999999974e+01,3.060401203749999866e+01,1.000000000000000000e+00,2.144286548538170203e-03,7.825607637831085412e+02,1.707757693969767621e+00,3.568385991339531604e-02
1.508044948636979932e+01,0.000000000000000000e+00,0.000000000000000000e+00,5.745833333000000209e+01,-1.235185184999999963e+00,3.232737612999999754e+01,1.000000000000000000e+00,1.927252619654015774e-03,4.328405843577783685e+02,1.328476855329526307e+00,4.955617313630956977e-02
1.948918415516569880e+01,0.000000000000000000e+00,0.000000000000000000e+00,5.778333332999999783e+01,1.907407410000000192e-01,3.282405578750000075e+01,1.000000000000000000e+00,3.082266453469266650e-03,6.141532691958677788e+02,1.215296646601334851e+00,2.254511915498965124e-01
2.161721707826810146e+01,0.000000000000000000e+00,0.000000000000000000e+00,6.364999999999999858e+01,5.245369260000000144e-01,3.016356141670000213e+01,1.000000000000000000e+00,1.585580070708691568e-03,2.411374684103782613e+02,1.493692091513911580e+00,8.135252868450341956e-02
4.668960984119579649e+01,3.167685360000000117e+01,8.977187974999999653e+00,8.433333333000000209e+01,3.975462963000000016e+00,5.330630393330000061e+01,1.000000000000000000e+00,3.810553757276307577e-03,2.668123485865638713e+02,1.576372166016254406e+00,1.431899960426390450e-01
1.840684252593460002e+01,0.000000000000000000e+00,0.000000000000000000e+00,6.751805582999999444e+01,9.308410537000000318e+00,1.971814465750000167e+01,1.000000000000000000e+00,1.300795351468446133e-03,4.016520388039792806e+02,1.568929031369775018e+00,9.836467654477175360e-02
2.141195304674830169e+01,0.000000000000000000e+00,0.000000000000000000e+00,9.337500000000000000e+01,2.086111111000000129e+00,3.435996518999999694e+01,1.000000000000000000e+00,1.767783039842306305e-03,8.982802930747897108e+02,1.459298597235314077e+00,2.201947446446833601e-01
0.000000000000000000e+00,1.145543285000000022e+00,5.712386422000000685e+00,7.206666667000000359e+01,1.658796295999999870e+01,2.398533305670000004e+01,0.000000000000000000e+00,2.452784613572336989e-03,5.296502641649249199e+02,1.615336974457153962e+00,6.341252844369421604e-02
2.134414822935439915e+01,2.180598794000000282e+02,1.414552101999999820e+02,6.947499999999999432e+01,-2.823611111000000395e+00,5.807574148079999787e+01,1.000000000000000000e+00,1.285948408714646411e-03,3.412170684390189308e+02,1.305755436983333961e+00,1.074231449338944044e-01
2.298461821500210078e+01,9.057513640999999893e+00,2.482003914999999949e+00,9.761666667000000075e+01,8.403240740999999403e+00,3.441691861999999702e+01,1.000000000000000000e+00,1.658029236137629949e-03,3.671868875213640422e+02,1.488353596742550300e+00,1.141890228826274861e-02
1.484794320813420043e+01,1.343906248000000119e+02,5.696424505999999610e+02,7.077500000000000568e+01,8.523148149999999479e-01,3.284077808829999867e+01,1.000000000000000000e+00,4.854050160588961778e-03,3.124929504738755099e+02,1.606740892362930273e+00,1.555921218127025857e-02
2.017980267864010102e+01,0.000000000000000000e+00,0.000000000000000000e+00,7.025833332999999925e+01,4.130555556000000017e+00,1.866258597170000044e+01,1.000000000000000000e+00,2.262878208738006332e-03,5.177852966958391789e+02,1.717641956315186125e+00,2.762231321846301824e-01
2.409043500113270042e+01,1.358513670999999761e+02,1.546498247999999975e+01,6.931666667000000359e+01,-5.105555556000000550e+00,4.844079884170000128e+01,1.000000000000000000e+00,3.810553757276307577e-03,2.668123485865638713e+02,1.576372166016254406e+00,1.431899960426390450e-01
2.339947735287769959e+01,1.144500440000000019e+01,3.446791297999999983e+02,4.776666666999999933e+01,8.892592592999999823e+00,3.124934467499999968e+01,1.000000000000000000e+00,2.793333810631603784e-03,3.308802213311930700e+02,1.220863329558248722e+00,3.651110593206070148e-02
1.384081913109150008e+01,0.000000000000000000e+00,0.000000000000000000e+00,9.322499999999999432e+01,4.589814815000000436e+00,3.451297389500000179e+01,1.000000000000000000e+00,3.290622211484833110e-03,4.751222407892379351e+02,1.385464958536415381e+00,9.285968616551874832e-02
2.639988632927089895e+01,7.520811369999999840e+01,1.964269308000000080e+02,5.608333333000000209e+01,2.024537036999999984e+01,2.465022777829999967e+01,0.000000000000000000e+00,2.079797831601540650e-03,2.396990434701755248e+02,1.160905987431990249e+00,5.653263469274560915e-02
2.440735744729959933e+01,0.000000000000000000e+00,0.000000000000000000e+00,5.167499999999999716e+01,-2.262037036999999806e+00,3.967206777749999702e+01,1.000000000000000000e+00,1.567973499795929319e-03,7.925069141062398330e+02,1.436185018555170334e+00,2.407490452948076454e-01
2.176340128246970096e+01,0.000000000000000000e+00,0.000000000000000000e+00,8.692499999999999716e+01,8.426851852000000420e+00,3.151604651419999925e+01,1.000000000000000000e+00,1.386057098445714038e-03,3.589153223838914641e+02,1.530741305761307292e+00,2.988015018462736316e-02
2.054213004716860169e+01,0.000000000000000000e+00,0.000000000000000000e+00,9.220000000000000284e+01,5.509259258999999354e+00,3.372763637919999979e+01,1.000000000000000000e+00,2.432982096704852659e-03,4.790099240320593594e+02,1.556650084679933155e+00,1.523263590679505841e-01
8.021149018746379866e+00,0.000000000000000000e+00,0.000000000000000000e+00,5.947500000000000142e+01,6.454166667000000857e+00,2.955213223920000232e+01,1.000000000000000000e+00,1.951095358222731772e-03,7.464609562499406366e+02,1.265068096082102134e+00,2.262489787754957127e-01
6.477276618547259668e-01,1.285175442999999973e+02,8.050858352999998715e+02,6.442499999999999716e+01,1.515416667000000039e+01,2.363232314749999929e+01,5.833333333000000342e-01,3.744688766127054948e-03,5.806793323229542239e+02,1.400921272516025162e+00,2.218030212695564218e-01
7.077714302861649820e+00,2.294469941000000119e+02,2.797611125000000243e+02,5.767499999999999716e+01,1.156250000000000000e+01,2.665008306829999896e+01,1.000000000000000000e+00,2.079797831601540650e-03,2.396990434701755248e+02,1.160905987431990249e+00,5.653263469274560915e-02
2.140418583686719955e+01,0.000000000000000000e+00,0.000000000000000000e+00,6.699166667000000075e+01,6.223611111000000307e+00,3.040163081000000034e+01,1.000000000000000000e+00,3.595009554233450505e-03,4.319677408068914133e+02,1.288830253931833036e+00,2.176664342541329011e-01
2.293515906238589963e+01,4.811033788999999672e+00,5.366233990000000009e-01,9.625000000000000000e+01,3.862962963000000194e+00,4.518593861499999775e+01,1.000000000000000000e+00,1.107478208767713902e-03,5.610790790195485442e+02,1.474583545918314531e+00,7.417226594415825269e-02
0.000000000000000000e+00,1.850719794999999834e+01,6.054832668999999612e+00,8.250833332999999925e+01,1.590648148000000006e+01,2.355846990750000103e+01,0.000000000000000000e+00,3.620740736492312345e-03,4.823562847477201103e+02,1.672821708166366328e+00,1.395818971126371044e-01
1.608080895315120173e+01,0.000000000000000000e+00,0.000000000000000000e+00,8.029166666999999791e+01,3.253703703999999863e+00,2.860305330999999995e+01,1.000000000000000000e+00,3.408130994495622672e-03,8.569322525443425320e+02,1.332211347827509940e+00,2.572587927010658859e-01
6.277144204244019754e+00,0.000000000000000000e+00,0.000000000000000000e+00,6.505833332999999641e+01,-1.064351851999999932e+00,3.361211361670000031e+01,1.000000000000000000e+00,3.658760112258528478e-03,7.521081822631390423e+02,1.131462503166986489e+00,9.672905133677735245e-02
2.235132534812060001e+01,3.054817539000000082e+01,1.777732379000000051e+01,7.321666666999999507e+01,-1.147916666999999968e+01,6.393290736250000350e+01,1.000000000000000000e+00,3.991221110372896244e-03,6.458206854809893684e+02,1.598395449666914159e+00,7.120130536053095871e-02
2.166235848990909929e+00,1.372228683000000160e+02,7.546476489000000356e+02,6.748333332999999357e+01,1.314166666999999933e+01,2.428959636169999925e+01,1.000000000000000000e+00,3.726046448062451510e-03,6.743499750597929960e+02,1.268396568403673319e+00,2.591311643696987688e-02
4.091166288843889731e+01,1.211736260999999928e+02,5.711467848999999930e+00,7.806666667000000359e+01,5.727314814999999726e+00,5.830612092580000194e+01,8.333333333000000342e-01,4.255687009393358672e-03,5.493702702334533114e+02,1.428035967299972286e+00,2.061150746709764781e-01
2.085090024585289825e+01,1.370017157999999995e+02,7.434612687000001188e+02,2.434166666999999862e+01,7.523611111000000129e+00,2.014427866500000164e+01,1.000000000000000000e+00,1.738140256774112821e-03,9.590512211736621566e+02,1.632375195716881500e+00,6.643207136581431860e-02
2.257245562642399861e+01,0.000000000000000000e+00,0.000000000000000000e+00,8.306666667000000359e+01,1.717592593000000223e+00,3.473589300919999800e+01,1.000000000000000000e+00,2.969466051096743189e-03,9.145501043476036784e+02,1.619998084014943274e+00,1.538110156527011940e-01
2.732377337848609855e+01,0.000000000000000000e+00,0.000000000000000000e+00,7.994166667000000359e+01,7.379629629999999718e-01,3.809466921420000318e+01,1.000000000000000000e+00,1.367350156576283655e-03,5.237447313752736591e+02,1.526312543065545091e+00,9.350333496781974840e-02
3.600096430965510308e+01,8.120563117000000375e+01,9.865248370000000433e-01,7.351666667000000643e+01,1.851388814999999965e+00,3.867405717999999837e+01,1.000000000000000000e+00,3.162218240629912757e-03,8.505708517148543706e+02,1.715453664696391822e+00,1.563131157074168220e-01
5.091465733092589652e+00,0.000000000000000000e+00,0.000000000000000000e+00,5.045000000000000284e+01,7.192592592999999646e+00,2.242523590170000247e+01,0.000000000000000000e+00,2.904950149537445687e-03,3.459000597639321768e+02,1.591683661259200466e+00,1.804895251542102119e-01
7.865138268680119893e+00,4.711155289999999773e+00,1.147741753999999901e+02,3.305833333000000351e+01,1.129629629999999940e+00,3.607859860330000146e+01,1.000000000000000000e+00,3.832248425692501119e-03,2.337631545723137663e+02,1.424877227953950332e+00,2.629081939068249052e-01
1.990479754728299966e+01,0.000000000000000000e+00,0.000000000000000000e+00,7.377500000000000568e+01,1.077407408000000011e+01,2.683921889750000034e+01,1.000000000000000000e+00,4.537371093701718372e-03,9.352700661756073259e+02,1.179989941229288020e+00,1.781272887438974939e-01
0.000000000000000000e+00,0.000000000000000000e+00,0.000000000000000000e+00,7.530833332999999641e+01,1.556064815000000046e+01,2.460112825919999935e+01,0.000000000000000000e+00,2.262878208738006332e-03,5.177852966958391789e+02,1.717641956315186125e+00,2.762231321846301824e-01
2.320030876732920078e+01,7.161706197000000884e+00,9.380391351000000100e+01,4.309166667000000217e+01,-7.773148149999999923e-01,5.033448939830000057e+01,1.000000000000000000e+00,3.139754976994902323e-03,7.704276992280269951e+02,1.418408171933415840e+00,6.738528039225515076e-02
2.381833222714260145e+01,0.000000000000000000e+00,0.000000000000000000e+00,4.611666667000000075e+01,2.293981481999999872e+01,2.533619961579999824e+01,0.000000000000000000e+00,4.037910939761508652e-03,9.546240629179376356e+02,1.226437256355088046e+00,2.252679144562485386e-02
2.093025949169360089e+01,0.000000000000000000e+00,0.000000000000000000e+00,6.408333333000000209e+01,6.009259258999999354e+00,3.340500954170000369e+01,1.000000000000000000e+00,3.798540430933049217e-03,9.329271578197684676e+02,1.251855506955083186e+00,1.852382751398718441e-01
1.219911428869150072e+01,0.000000000000000000e+00,0.000000000000000000e+00,8.790000000000000568e+01,2.109722221999999814e+00,3.145856624420000003e+01,1.000000000000000000e+00,1.824595717907360982e-03,2.051256712808457507e+02,1.249918692553785071e+00,2.298438825507010952e-01
2.320159616135860148e+01,0.000000000000000000e+00,0.000000000000000000e+00,4.563333332999999925e+01,-1.268518518000000039e+00,4.777718037079999647e+01,1.000000000000000000e+00,4.532611918844395293e-03,8.812361718995508681e+02,1.697197119043470703e+00,2.228890966872830448e-01
1.492826163187380040e+01,0.000000000000000000e+00,0.000000000000000000e+00,8.790000000000000568e+01,2.109722221999999814e+00,3.145856624420000003e+01,1.000000000000000000e+00,3.011370173799968533e-03,3.828021908253442689e+02,1.563343703657126715e+00,8.971546212490258410e-02
1.503807415055119989e+01,0.000000000000000000e+00,0.000000000000000000e+00,8.860833332999999357e+01,4.529629629999999629e+00,3.350879483250000135e+01,1.000000000000000000e+00,2.848425659497415795e-03,5.680983693012983622e+02,1.437444582624876066e+00,1.127058747979942654e-01
1.878601663551850010e+01,0.000000000000000000e+00,0.000000000000000000e+00,6.881666667000000359e+01,-5.031018518999999856e+00,3.143190371420000062e+01,1.000000000000000000e+00,2.501662177015833398e-03,8.006601191546427572e+02,1.520604282697370913e+00,1.495353297773675538e-01
2.235014131320199837e+01,0.000000000000000000e+00,0.000000000000000000e+00,7.479999999999999716e+01,5.643981480999999967e+00,5.518039986080000148e+01,1.000000000000000000e+00,2.058888128503128315e-03,6.255344928206422992e+02,1.678090893195685052e+00,2.160624888636574481e-01
1.601382773832999984e+00,3.796736796999999797e+01,2.349487031999999864e+00,6.311666667000000075e+01,1.406666667000000004e+01,2.226693959250000177e+01,1.666666666999999935e-01,1.852672079947059042e-03,2.309456351406304293e+02,1.316587711206065547e+00,1.620800857636898462e-01
2.947491038847469991e+00,0.000000000000000000e+00,0.000000000000000000e+00,6.164166666999999933e+01,7.689814815000000081e+00,2.095325018000000128e+01,1.000000000000000000e+00,3.155599650884892242e-03,3.852563772083410640e+02,1.528196510677727105e+00,6.267162980161829211e-02
3.884633463256589891e+01,2.441598519999999795e+01,4.134369023000000531e+00,8.404999999999999716e+01,-9.814814800000000450e-02,6.497891245419999962e+01,1.000000000000000000e+00,4.272041376591428907e-03,7.164625834669868709e+02,1.204438536718637653e+00,2.877083005605031163e-01
2.244719885114770008e+01,0.000000000000000000e+00,0.000000000000000000e+00,9.269166667000000359e+01,3.905555556000000372e+00,3.278638241170000356e+01,1.000000000000000000e+00,2.049039644090431492e-03,5.160831528495831435e+02,1.560361348708395157e+00,7.687925119218914916e-02
9.717042303176720353e+00,5.828790629999999595e+01,1.113083325000000023e+01,6.026666666999999933e+01,1.330416667000000075e+01,3.111155624079999882e+01,1.000000000000000000e+00,1.927252619654015774e-03,4.328405843577783685e+02,1.328476855329526307e+00,4.955617313630956977e-02
1.973901613678760114e+01,0.000000000000000000e+00,0.000000000000000000e+00,6.160833333000000067e+01,-2.823148148000000024e+00,3.623580438829999650e+01,1.000000000000000000e+00,1.705303850815381283e-03,2.762135249710030394e+02,1.145096020222331479e+00,8.562612416474325860e-02
2.072961825560820159e+01,5.752381582999999132e+00,7.324327670000000401e-01,7.745000000000000284e+01,-2.020370370000000193e+00,3.777399711830000228e+01,1.000000000000000000e+00,2.969466051096743189e-03,9.145501043476036784e+02,1.619998084014943274e+00,1.538110156527011940e-01
2.239500035360079977e+01,0.000000000000000000e+00,0.000000000000000000e+00,7.691666666999999791e+01,1.531481481999999783e+00,3.552412423250000018e+01,1.000000000000000000e+00,2.904950149537445687e-03,3.459000597639321768e+02,1.591683661259200466e+00,1.804895251542102119e-01
0.000000000000000000e+00,2.031635789999999986e+02,6.662031690999999967e+01,6.967499999999999716e+01,1.258750000000000036e+01,2.113872685169999954e+01,0.000000000000000000e+00,1.396587270688910004e-03,6.843598576919166590e+02,1.663562074133464908e+00,2.949814774977632670e-01
2.447187628041369933e+01,1.308742273999999952e+02,7.161678262999998879e+02,5.789166666999999933e+01,1.963101852000000136e+01,2.312182266670000175e+01,0.000000000000000000e+00,1.837276316949970493e-03,4.049892491016989879e+02,1.544344237699302624e+00,7.542611606499191601e-02
2.242198661808249938e+01,2.242545959000000266e+02,5.016725526999999829e+01,5.808333333000000209e+01,-1.651388889000000137e+00,4.383625629670000023e+01,1.000000000000000000e+00,2.432982096704852659e-03,4.790099240320593594e+02,1.556650084679933155e+00,1.523263590679505841e-01
1.919163930724590017e+01,0.000000000000000000e+00,0.000000000000000000e+00,5.623333333000000067e+01,2.792129629999999807e+00,2.138628047750000150e+01,1.000000000000000000e+00,4.550005064018198056e-03,7.735886529925556943e+02,1.612027448396120555e+00,2.492578192181084118e-01
2.016117609555099932e+01,1.197107841999999920e+02,6.690959567000001016e+02,4.277499999999999858e+01,-1.473148148000000157e+00,3.742183539330000031e+01,1.000000000000000000e+00,3.211707716114104057e-03,8.254862240236132038e+02,1.326257425746066643e+00,1.377876294615077435e-01
2.313849031978730153e+01,0.000000000000000000e+00,0.000000000000000000e+00,8.925833332999999925e+01,4.278703703999999775e+00,3.002860065750000018e+01,1.000000000000000000e+00,3.483576256310813666e-03,6.567901777541849242e+02,1.605429515442930777e+00,5.381917602134865530e-02
3.718027318906430168e+01,1.113820776000000023e+01,1.146370362999999948e+01,7.054999999999999716e+01,1.703703699999999932e-01,6.007412222250000156e+01,1.000000000000000000e+00,4.686243263050459545e-03,2.367107973824583951e+02,1.173551626913088342e+00,1.195053012571945308e-02
2.426759557092490027e+01,2.123260401000000002e+02,2.900831645000000094e+02,5.817499999999999716e+01,-3.789351851999999798e+00,4.276751273170000189e+01,1.000000000000000000e+00,4.139993468211851033e-03,5.130713579434107032e+02,1.627100936851385127e+00,5.764068884280060950e-02
1.718480140229589992e+01,2.810293703000000143e+00,6.937090609000000185e+00,6.283333333000000209e+01,-5.956481482000000049e+00,5.602611402830000031e+01,1.000000000000000000e+00,2.110068533349270230e-03,9.293581757478563077e+02,1.261240541079304833e+00,1.735372318683275905e-01
2.211772565334119989e+01,0.000000000000000000e+00,0.000000000000000000e+00,5.880833333000000351e+01,-9.568055555000000822e+00,6.539601412170000572e+01,1.000000000000000000e+00,4.210439650348028751e-03,6.988814850328473085e+02,1.456539227761183275e+00,2.850112261708118155e-01
2.242303623740719942e+01,6.129036179999999945e+01,6.029269259000000147e+02,5.682500000000000284e+01,1.072453703999999952e+01,4.334047424669999771e+01,1.000000000000000000e+00,4.037910939761508652e-03,9.546240629179376356e+02,1.226437256355088046e+00,2.252679144562485386e-02
2.166801365578309913e+01,2.840815270000000003e-01,1.494244980000000167e-01,8.996666666999999507e+01,3.750462962999999927e+00,5.777087092669999890e+01,1.000000000000000000e+00,3.216982488879388535e-03,9.464084172496154679e+02,1.466285972666017123e+00,1.896432746525341662e-01
4.382021984307640139e+01,0.000000000000000000e+00,0.000000000000000000e+00,6.391666666999999791e+01,-3.111574073999999968e+00,5.485354199079999660e+01,1.000000000000000000e+00,2.150818078431962835e-03,5.371408417390964587e+02,1.318000552832910621e+00,9.787611096860887594e-02
2.219074094448830081e+01,1.637786428000000072e+01,3.900782720000000037e+00,7.930833332999999641e+01,1.322129630000000233e+01,2.605003860669999938e+01,1.000000000000000000e+00,2.687835991545544853e-03,3.931710419040971374e+02,1.405494979021656432e+00,1.052209244538257205e-01
2.110372584956800068e+01,0.000000000000000000e+00,0.000000000000000000e+00,9.673333332999999357e+01,8.406018517999999773e+00,3.428933489920000000e+01,1.000000000000000000e+00,1.917937030133757669e-03,3.736617306079305081e+02,1.588098805324279494e+00,4.188450992176380450e-02
2.325631309626329823e+01,2.157672440999999885e+00,5.632625929999999226e-01,7.318333332999999641e+01,7.687500000000000000e+00,5.036335300919999725e+01,1.000000000000000000e+00,3.251874688195390949e-03,2.703133223301571775e+02,1.240540744171462206e+00,2.734397136972643305e-01
2.211562851691089904e+01,0.000000000000000000e+00,0.000000000000000000e+00,9.805833332999999641e+01,1.535648148000000157e+00,4.791551388749999774e+01,1.000000000000000000e+00,2.277047668954995489e-03,6.936437370357975851e+02,1.208109479524780427e+00,4.032175305522749803e-02
2.042716107884000110e+01,1.972949086999999935e+01,8.528281644999999571e+02,5.493333333000000351e+01,-8.954166667000000857e+00,6.121300453579999612e+01,1.000000000000000000e+00,3.798540430933049217e-03,9.329271578197684676e+02,1.251855506955083186e+00,1.852382751398718441e-01
2.234289106540409975e+01,0.000000000000000000e+00,0.000000000000000000e+00,9.147499999999999432e+01,2.831018518000000039e+00,3.261194231079999639e+01,1.000000000000000000e+00,3.703251172442418703e-03,8.285120264813529047e+02,1.709718062125539895e+00,2.840746736188670130e-01
2.095133261228080102e+01,0.000000000000000000e+00,0.000000000000000000e+00,9.770000000000000284e+01,4.599999999999999645e+00,3.317294548079999572e+01,1.000000000000000000e+00,3.595009554233450505e-03,4.319677408068914133e+02,1.288830253931833036e+00,2.176664342541329011e-01
0.000000000000000000e+00,3.321380565000000047e+02,2.043379281999999932e+02,5.352499999999999858e+01,2.266736111000000164e+01,2.418999010670000160e+01,0.000000000000000000e+00,2.933727912045257149e-03,8.926964500371477698e+02,1.507205344966259464e+00,1.927231982856264514e-02
1.929622968495349866e+01,9.355392232999999891e+00,1.513601283000000031e+01,6.039166666999999933e+01,7.097222222000000080e+00,3.642959390250000240e+01,1.000000000000000000e+00,2.854441280635278133e-03,5.888214708342868562e+02,1.232482830229531645e+00,1.187565487879695542e-01
6.011892542849700050e+01,6.938068239999999776e+01,4.498385100000000247e-01,8.657500000000000284e+01,3.840277777999999920e+00,5.137716388999999850e+01,1.000000000000000000e+00,2.058888128503128315e-03,6.255344928206422992e+02,1.678090893195685052e+00,2.160624888636574481e-01
1.284218589662379895e+00,1.199026850000000053e+02,6.358093870000000036e-01,6.339999999999999858e+01,1.367916667000000075e+01,2.226485545829999779e+01,1.000000000000000000e+00,3.120874168752915331e-03,6.235314881598560532e+02,1.368764898487480064e+00,2.339099693625845966e-01
1.282575898971709982e+01,1.623678469999999834e+02,8.600095061000000385e+01,8.810833332999999357e+01,8.751851851999999710e+00,3.247923041579999648e+01,1.000000000000000000e+00,1.445273400821371276e-03,3.243765174484784666e+02,1.151216625859070586e+00,4.999673364812771970e-02
1.899376349854809831e+01,0.000000000000000000e+00,0.000000000000000000e+00,8.344166667000000359e+01,-3.837499999999999911e+00,3.860311768420000078e+01,1.000000000000000000e+00,3.120874168752915331e-03,6.235314881598560532e+02,1.368764898487480064e+00,2.339099693625845966e-01
2.183574532671890012e+01,0.000000000000000000e+00,0.000000000000000000e+00,3.786666667000000075e+01,1.083379629999999949e+01,2.150223083250000045e+01,1.000000000000000000e+00,2.615663267023798748e-03,9.039064238561555840e+02,1.516247440060730423e+00,2.749208736563168998e-01
1.942215647175660109e+01,0.000000000000000000e+00,0.000000000000000000e+00,9.306666667000000359e+01,2.076851851999999887e+00,3.544349611079999818e+01,1.000000000000000000e+00,3.758873547076145918e-03,9.369524060286159965e+02,1.126425879058989166e+00,1.977695776181008502e-01
1.918609567991810039e+01,1.868992955999999950e+01,1.904764730000000073e-01,8.697499999999999432e+01,6.643518520000000205e-01,4.213371333330000112e+01,1.000000000000000000e+00,4.613051311067204070e-03,8.884108361396774853e+02,1.308371635883027073e+00,2.656314474207473464e-01
0.000000000000000000e+00,0.000000000000000000e+00,0.000000000000000000e+00,8.338333332999999925e+01,1.496759259000000064e+01,2.416369721750000110e+01,0.000000000000000000e+00,2.321121255020723063e-03,2.509342815209327568e+02,1.456164032380497186e+00,2.048688500391779299e-01
1.964663400979339869e+01,1.821672068000000309e+02,3.217166882999999871e+02,7.400000000000000000e+01,-3.148148200000000507e-02,4.108525388920000410e+01,1.000000000000000000e+00,1.543085168328602822e-03,8.693292390766536073e+02,1.218470273526814696e+00,2.430168258823972305e-01
3.418543181846649759e+01,7.339292590000000871e+01,7.027493319000000156e+02,7.250833332999999925e+01,7.006084482000000335e+00,4.872395935000000122e+01,1.000000000000000000e+00,1.824595717907360982e-03,2.051256712808457507e+02,1.249918692553785071e+00,2.298438825507010952e-01
2.024350617298119914e+01,3.712768313000000120e+01,4.257958061000000072e+01,8.306666667000000359e+01,-1.150046296000000012e+01,6.659923597169999709e+01,1.000000000000000000e+00,2.277047668954995489e-03,6.936437370357975851e+02,1.208109479524780427e+00,4.032175305522749803e-02
2.307449106250570026e+01,1.175728089000000125e+02,1.669851574000000127e+01,7.365000000000000568e+01,4.111111110000000290e-01,4.191250291749999946e+01,1.000000000000000000e+00,4.734162343988036932e-03,8.069881999756942150e+02,1.501708986845367022e+00,2.311228875228954760e-01
2.288785643513289969e+01,0.000000000000000000e+00,0.000000000000000000e+00,7.832500000000000284e+01,1.074675925999999926e+01,3.284875577670000268e+01,1.000000000000000000e+00,4.442522397879882651e-03,5.455246244365416715e+02,1.462927672596145090e+00,1.234595199655654091e-01
3.057044198349410102e+00,1.200260202000000049e+02,8.273926153999999542e+02,4.709166667000000217e+01,8.840740740999999403e+00,2.238517447250000103e+01,1.000000000000000000e+00,4.664528008220765465e-03,6.335101299927937362e+02,1.170061507086936237e+00,1.758239827904875888e-02
1.077473304183719982e+01,0.000000000000000000e+00,0.000000000000000000e+00,6.861666667000000075e+01,1.192083333999999972e+01,2.889225834750000033e+01,1.000000000000000000e+00,2.452784613572336989e-03,5.296502641649249199e+02,1.615336974457153962e+00,6.341252844369421604e-02
2.259370429246429879e+01,0.000000000000000000e+00,0.000000000000000000e+00,7.704999999999999716e+01,1.424629630000000091e+01,2.343418128669999945e+01,0.000000000000000000e+00,1.852672079947059042e-03,2.309456351406304293e+02,1.316587711206065547e+00,1.620800857636898462e-01
7.400600225141399591e+00,0.000000000000000000e+00,0.000000000000000000e+00,3.393333333000000351e+01,1.204907406999999964e+01,2.674258749999999907e+01,1.000000000000000000e+00,4.668157456647922636e-03,9.663344649991581718e+02,1.664155607507000756e+00,1.966222573818453279e-01
2.181815764997429952e+01,0.000000000000000000e+00,0.000000000000000000e+00,7.881666667000000359e+01,2.930555559999999948e-01,3.770606867579999744e+01,1.000000000000000000e+00,2.848425659497415795e-03,5.680983693012983622e+02,1.437444582624876066e+00,1.127058747979942654e-01
8.143160850655329241e+00,1.968250364000000161e+02,2.342197000000000173e+01,8.197499999999999432e+01,3.520370370000000193e+00,3.103997823919999988e+01,1.000000000000000000e+00,1.386057098445714038e-03,3.589153223838914641e+02,1.530741305761307292e+00,2.988015018462736316e-02
2.294895037959059891e+01,0.000000000000000000e+00,0.000000000000000000e+00,6.765833333000000493e+01,5.565740740999999936e+00,3.447552287919999969e+01,1.000000000000000000e+00,1.314364256880376503e-03,6.053405229034708555e+02,1.419874789594514741e+00,1.651989451004340359e-01
2.204088022616030074e+01,1.363503746000000092e+02,2.445710834000000133e+01,7.303333333000000493e+01,-5.188425925999999855e+00,4.774548212919999912e+01,1.000000000000000000e+00,3.971616373253205115e-03,8.507972317014980490e+02,1.191701401481943146e+00,3.047969168225339587e-02
6.262705680632389971e+00,0.000000000000000000e+00,0.000000000000000000e+00,5.296666667000000217e+01,4.097685184999999564e+00,2.827825225420000166e+01,1.000000000000000000e+00,1.705303850815381283e-03,2.762135249710030394e+02,1.145096020222331479e+00,8.562612416474325860e-02
0.000000000000000000e+00,0.000000000000000000e+00,0.000000000000000000e+00,5.906666666999999649e+01,7.712037037000000872e+00,2.186302175920000224e+01,0.000000000000000000e+00,1.007834901992795329e-03,5.108218341874638782e+02,1.318994543124151653e+00,7.631498832405850252e-02
2.056991144623329859e+01,8.549068220000000906e+01,5.812059087999999747e+02,2.595833332999999854e+01,8.696759259000000242e+00,2.051658055500000089e+01,1.000000000000000000e+00,2.025161363499594289e-03,6.872019483038718590e+02,1.166248429674733078e+00,9.589893604747196099e-02
2.037646028454039993e+01,0.000000000000000000e+00,0.000000000000000000e+00,7.386666667000000075e+01,-7.354166667000000324e+00,2.400169955999999871e+01,1.000000000000000000e+00,3.118381579780752852e-03,9.559626649184283451e+02,1.284683070185703047e+00,5.168379711611700150e-02
2.154962995698059913e+01,0.000000000000000000e+00,0.000000000000000000e+00,8.759999999999999432e+01,1.047731482000000014e+01,2.969335814749999969e+01,1.000000000000000000e+00,2.452784613572336989e-03,5.296502641649249199e+02,1.615336974457153962e+00,6.341252844369421604e-02
1.337005128825460076e+01,1.107007418999999970e+02,3.967109828999999976e+00,6.737500000000000000e+01,8.861111109999999513e-01,3.866775657419999845e+01,1.000000000000000000e+00,4.192541607993731032e-03,5.575855349147209381e+02,1.168772045008633409e+00,1.227486786180246175e-01
2.111199470786090160e+01,0.000000000000000000e+00,0.000000000000000000e+00,8.644166667000000359e+01,8.986574073999999968e+00,2.923655417499999842e+01,1.000000000000000000e+00,3.918437708401811478e-03,7.848282899680697255e+02,1.323596989912111832e+00,8.658620977929618046e-02
2.141812686332270133e+01,0.000000000000000000e+00,0.000000000000000000e+00,7.030833332999999641e+01,-3.438888888999999782e+00,3.662403397579999620e+01,1.000000000000000000e+00,2.615663267023798748e-03,9.039064238561555840e+02,1.516247440060730423e+00,2.749208736563168998e-01
1.979863844006689888e+01,1.936321863999999948e+02,6.955032202000001007e+02,5.085000000000000142e+01,1.450462963000000016e+01,2.356135253749999947e+01,0.000000000000000000e+00,4.810520510015204101e-03,5.905856677629296883e+02,1.295331485446845621e+00,2.728219563180581120e-01
0.000000000000000000e+00,1.331019831000000124e+02,8.921533933000000616e+02,5.516666666999999791e+01,1.312592592999999930e+01,2.201806368920000168e+01,0.000000000000000000e+00,4.389305166543653464e-03,4.967797970007531490e+02,1.357419951208637121e+00,8.894318750939890494e-02
1.608001061381790109e+01,0.000000000000000000e+00,0.000000000000000000e+00,7.063928543999999476e+01,6.180557039999999835e-01,2.956906853670000146e+01,1.000000000000000000e+00,3.483576256310813666e-03,6.567901777541849242e+02,1.605429515442930777e+00,5.381917602134865530e-02
3.315010246143800288e+01,1.716199600000000203e+02,2.675134063000000140e+01,6.440833333000000493e+01,5.282407410000000691e-01,4.442994833329999693e+01,1.000000000000000000e+00,2.904950149537445687e-03,3.459000597639321768e+02,1.591683661259200466e+00,1.804895251542102119e-01
6.716543012604700102e+00,4.421154383999999737e+01,2.145647561999999731e+00,8.470833333000000209e+01,6.155092592999999113e+00,2.649568172170000224e+01,1.000000000000000000e+00,2.086801249556238195e-03,2.572849548898909688e+02,1.544181418477225787e+00,1.414988420278936315e-02
1.899199150056940155e+01,4.167500236000000058e+01,3.005665048000000183e+02,8.604999999999999716e+01,-2.172685185000000185e+00,5.904772902749999730e+01,1.000000000000000000e+00,1.892446491050586363e-03,3.263146605268157145e+02,1.256526648626056897e+00,2.662624995382661952e-01
2.343874851997809827e+01,8.574429087000000393e+00,1.486643165000000089e+01,5.164999999999999858e+01,1.215462963000000052e+01,2.293774833830000048e+01,1.000000000000000000e+00,4.668157456647922636e-03,9.663344649991581718e+02,1.664155607507000756e+00,1.966222573818453279e-01
2.273074346604349927e+01,9.048886152999999410e+01,1.202006951999999984e+01,9.334999999999999432e+01,-8.037037040000000188e-01,5.348370050670000353e+01,1.000000000000000000e+00,3.059996505574557636e-03,6.291593778063286209e+02,1.273584743968561250e+00,2.800357492266295628e-02
1.076156834133259910e+00,1.437669235000000079e+01,3.719384998999999681e+01,6.428333333000000493e+01,1.267824073999999968e+01,2.230787590750000149e+01,1.000000000000000000e+00,2.049039644090431492e-03,5.160831528495831435e+02,1.560361348708395157e+00,7.687925119218914916e-02
2.919927181002909933e+01,5.669719229999999754e+01,1.537142169999999863e-01,9.770833333000000209e+01,1.083425925999999961e+01,1.412245854180000038e+01,2.500000000000000000e-01,4.128856512705126811e-03,3.766787590739298821e+02,1.685505483026585871e+00,1.248582286618637877e-01
2.468166147221300122e+01,1.511439623000000267e+02,1.368241826000000003e+02,5.560833333000000067e+01,2.044305556000000124e+01,2.459316064829999959e+01,0.000000000000000000e+00,1.469357019681489206e-03,8.182166782658181319e+02,1.366013701173444561e+00,1.063051430966369532e-01
0.000000000000000000e+00,0.000000000000000000e+00,0.000000000000000000e+00,6.185000000000000142e+01,1.354537037000000055e+01,2.380552310999999932e+01,0.000000000000000000e+00,1.236237578138504791e-03,2.954380730542202400e+02,1.388848289315375961e+00,1.415438962264566336e-01
2.173516172948939840e+01,1.311637019999999865e+01,8.591388152999998695e+00,7.051666667000000643e+01,-1.842129630000000073e+00,4.382502449079999707e+01,1.000000000000000000e+00,1.439445968135550378e-03,2.598403197750888012e+02,1.372218768662630595e+00,2.146465315697053122e-01
1.654941965425379991e+01,0.000000000000000000e+00,0.000000000000000000e+00,5.850833332999999925e+01,3.747222221999999991e+00,3.689905556920000151e+01,1.000000000000000000e+00,2.012794352896863682e-03,9.777420887184571257e+02,1.293024177805299768e+00,7.046420300450340068e-02
1.206225371593230022e+01,0.000000000000000000e+00,0.000000000000000000e+00,7.160833332999999357e+01,1.270833332999999898e+00,3.166230402249999898e+01,1.000000000000000000e+00,3.471523460772572671e-03,4.575430251066195524e+02,1.410954524508872820e+00,5.347503773207338412e-02
6.428211450116499748e+01,6.101307795999999684e+01,1.899726993000000030e+00,7.063333332999999925e+01,-1.606481480000000184e-01,6.404917092579999860e+01,1.000000000000000000e+00,4.550005064018198056e-03,7.735886529925556943e+02,1.612027448396120555e+00,2.492578192181084118e-01
2.248343013462260132e+01,0.000000000000000000e+00,0.000000000000000000e+00,7.245833333000000209e+01,-1.121898148000000006e+01,5.021330328670000398e+01,1.000000000000000000e+00,4.984773294855060141e-03,3.184305630821503996e+02,1.280766098000922337e+00,7.332814202524759462e-02
2.491329658109789946e+01,4.105337481999999483e+00,3.708631958000000228e+00,5.466666666999999791e+01,2.168194443999999876e+01,2.285952361080000017e+01,0.000000000000000000e+00,4.598761706292645718e-03,3.207428636283347032e+02,1.422059473369152949e+00,2.356391500992579269e-01
2.367361790253940157e+01,4.870251187000000215e+01,6.066308945000000676e+02,5.748333333000000067e+01,7.855555554999999579e+00,3.130601662420000153e+01,1.000000000000000000e+00,1.658029236137629949e-03,3.671868875213640422e+02,1.488353596742550300e+00,1.141890228826274861e-02
2.149962769918600003e+01,2.308420790000000125e+02,2.050251056999999832e+02,6.636666667000000075e+01,1.198657406999999964e+01,2.395711490749999939e+01,1.000000000000000000e+00,4.537371093701718372e-03,9.352700661756073259e+02,1.179989941229288020e+00,1.781272887438974939e-01
0.000000000000000000e+00,0.000000000000000000e+00,0.000000000000000000e+00,8.361666667000000075e+01,1.504259258999999993e+01,2.503831663920000139e+01,0.000000000000000000e+00,1.625988893081296502e-03,6.194269113606153496e+02,1.639751193928631334e+00,2.512856404920749687e-01
2.062936113149480022e+01,0.000000000000000000e+00,0.000000000000000000e+00,7.916666666999999791e+01,9.656944444000000516e+00,3.560017725920000231e+01,1.000000000000000000e+00,1.852672079947059042e-03,2.309456351406304293e+02,1.316587711206065547e+00,1.620800857636898462e-01
1.106587082235230035e+01,0.000000000000000000e+00,0.000000000000000000e+00,7.546666666999999507e+01,-8.433796296000000581e+00,3.433814726420000341e+01,1.000000000000000000e+00,1.497062010253701492e-03,4.399208479854462439e+02,1.258857637895262283e+00,2.000126570295154282e-01
2.268944992226819934e+01,2.096440102999999944e+00,3.465949309999999950e-01,9.529999999999999716e+01,1.307268518999999962e+01,2.447687176000000164e+01,0.000000000000000000e+00,2.341247769665821387e-03,6.305814556023376554e+02,1.583038224660973547e+00,4.508093640978984296e-02
0.000000000000000000e+00,0.000000000000000000e+00,0.000000000000000000e+00,8.884999999999999432e+01,1.380185185000000025e+01,2.240976733420000144e+01,0.000000000000000000e+00,1.711351242983328398e-03,9.195228094544969508e+02,1.163701617972258129e+00,3.128587233641166171e-02
2.499396176797250035e+01,2.419289745000000096e+02,3.658573426000000381e+02,5.004999999999999716e+01,8.888888899999999871e-02,3.845032908329999799e+01,1.000000000000000000e+00,2.586134024190871010e-03,5.774057553736722639e+02,1.409440114994397808e+00,6.583102928611803129e-02
2.310209461911620110e+01,0.000000000000000000e+00,0.000000000000000000e+00,8.209999999999999432e+01,1.458657406999999928e+01,2.441386392080000078e+01,0.000000000000000000e+00,4.108161119853676393e-03,7.893883443799644510e+02,1.440562030262353854e+00,1.334855991740805659e-01
1.525827838168689965e+01,0.000000000000000000e+00,0.000000000000000000e+00,7.840000000000000568e+01,-8.888888899999999871e-02,3.833788023079999618e+01,1.000000000000000000e+00,4.037910939761508652e-03,9.546240629179376356e+02,1.226437256355088046e+00,2.252679144562485386e-02
2.389612000258370017e+01,1.713416054999999858e+02,1.986936334000000137e+00,6.232500000000000284e+01,1.787222222000000116e+01,2.433897592579999980e+01,0.000000000000000000e+00,1.597935879944447799e-03,4.150599889109504375e+02,1.581997051913690999e+00,2.939388239002346803e-01
7.551974927217490574e+01,0.000000000000000000e+00,0.000000000000000000e+00,6.900000000000000000e+01,-8.316203703999999419e+00,4.559065259169999962e+01,1.000000000000000000e+00,1.460660121897446257e-03,9.249179186301425943e+02,1.699000576490977465e+00,2.819684361333356093e-01
0.000000000000000000e+00,2.443851512999999898e+01,1.713097045999999901e+00,6.615833333000000493e+01,1.764675925999999961e+01,2.203347864250000043e+01,0.000000000000000000e+00,4.078316321891510207e-03,7.670330395394494190e+02,1.341712760883644107e+00,2.804956853868963984e-01
2.156984352948969885e+01,0.000000000000000000e+00,0.000000000000000000e+00,8.845833333000000209e+01,2.585185184999999830e+00,3.801227913920000390e+01,1.000000000000000000e+00,1.236237578138504791e-03,2.954380730542202400e+02,1.388848289315375961e+00,1.415438962264566336e-01
1.492418354209720022e+01,1.284187210999999884e+00,3.968799863999999733e+00,9.749166667000000075e+01,9.072685184999999208e+00,2.914088379500000059e+01,1.000000000000000000e+00,3.238270291481656210e-03,2.092161283525825581e+02,1.695905739752761043e+00,2.465932252760111021e-01
2.033865063393909978e+01,0.000000000000000000e+00,0.000000000000000000e+00,7.900833332999999925e+01,-8.187037036999999629e+00,3.223048521169999958e+01,1.000000000000000000e+00,2.586134024190871010e-03,5.774057553736722639e+02,1.409440114994397808e+00,6.583102928611803129e-02
2.182461985111930147e+01,0.000000000000000000e+00,0.000000000000000000e+00,9.790833333000000493e+01,8.425462962999999306e+00,3.114876666749999856e+01,1.000000000000000000e+00,2.848425659497415795e-03,5.680983693012983622e+02,1.437444582624876066e+00,1.127058747979942654e-01
5.176323364414510309e+01,1.115526755999999953e+00,3.476398045999999908e+01,5.289166666999999933e+01,-3.792592593000000178e+00,4.419482870329999713e+01,1.000000000000000000e+00,1.638410448303543026e-03,3.600932384042500871e+02,1.706002153086286999e+00,2.583439723781976727e-01
0.000000000000000000e+00,0.000000000000000000e+00,0.000000000000000000e+00,9.180833332999999641e+01,1.530601852000000029e+01,2.263583629249999873e+01,0.000000000000000000e+00,3.436001538390674216e-03,8.452604674981239441e+02,1.219229010415731507e+00,1.746717134654330872e-01
6.679205465031169631e+00,0.000000000000000000e+00,0.000000000000000000e+00,6.046666667000000217e+01,6.045833332999999143e+00,2.111502327420000213e+01,1.000000000000000000e+00,3.703251172442418703e-03,8.285120264813529047e+02,1.709718062125539895e+00,2.840746736188670130e-01
2.348915855086769966e+01,1.814300793000000169e+02,7.211147837999999410e+02,3.688333332999999925e+01,1.186944444999999959e+01,2.269889307249999888e+01,1.000000000000000000e+00,2.292426555402274704e-03,6.030346213077508537e+02,1.629031692046471136e+00,5.462092826985590066e-02
1.900297166515940006e+01,3.712768313000000120e+01,4.257958061000000072e+01,8.306666667000000359e+01,-1.150046296000000012e+01,6.659923597169999709e+01,1.000000000000000000e+00,3.658760112258528478e-03,7.521081822631390423e+02,1.131462503166986489e+00,9.672905133677735245e-02
2.408076131657950114e+01,3.175736708000000021e+02,8.873422368999999321e+01,5.641666666999999791e+01,-4.041666670000000350e-01,4.176920976830000143e+01,1.000000000000000000e+00,3.120874168752915331e-03,6.235314881598560532e+02,1.368764898487480064e+00,2.339099693625845966e-01
2.664590114572009938e+01,0.000000000000000000e+00,0.000000000000000000e+00,8.008333333000000209e+01,2.041203703999999952e+00,3.625382755249999889e+01,1.000000000000000000e+00,1.269541520864374533e-03,3.159445062085518430e+02,1.504247683342905484e+00,2.595464945044714256e-01
2.244357990691910132e+01,3.157881950000000160e+01,3.777040835000000243e+02,7.567499999999999716e+01,1.568611111000000058e+01,2.423683425920000190e+01,0.000000000000000000e+00,4.896822471752274725e-03,6.405995570414484064e+02,1.272296484362102964e+00,1.156027737857268228e-01
2.261757195338520177e+01,4.288049198000000217e+01,5.604841662000000042e+02,4.839166666999999933e+01,-2.900925926000000210e+00,4.796146726749999800e+01,1.000000000000000000e+00,2.165475167158929966e-03,9.708996118820086849e+02,1.661082883544951594e+00,7.820524883309212805e-02
2.283945677630320148e+01,9.458780086999999526e+01,8.460080444999999827e+01,5.152499999999999858e+01,5.501851852000000598e+00,2.094123722169999979e+01,1.000000000000000000e+00,3.059996505574557636e-03,6.291593778063286209e+02,1.273584743968561250e+00,2.800357492266295628e-02
2.195057630990759989e+01,0.000000000000000000e+00,0.000000000000000000e+00,7.674166667000000075e+01,1.486435185000000025e+01,2.376096272170000034e+01,0.000000000000000000e+00,2.870121904276308131e-03,9.824687917001429014e+02,1.559286913418147957e+00,1.826168055082913189e-01
1.502688701037440033e+01,1.330100767000000133e+02,1.005784577999999918e+01,9.488333332999999925e+01,1.075787036999999913e+01,3.313872147250000211e+01,1.000000000000000000e+00,2.150818078431962835e-03,5.371408417390964587e+02,1.318000552832910621e+00,9.787611096860887594e-02
2.318811038930190094e+01,5.626506822999999713e+00,1.464818729000000097e+00,9.594166667000000359e+01,1.361481481000000038e+01,2.419108450079999884e+01,0.000000000000000000e+00,1.367350156576283655e-03,5.237447313752736591e+02,1.526312543065545091e+00,9.350333496781974840e-02
0.000000000000000000e+00,1.352397276999999747e+02,5.214076826000000437e+02,4.420000000000000284e+01,2.489629630000000304e+01,2.528756763920000239e+01,0.000000000000000000e+00,2.806136892833304558e-03,8.784809863107464025e+02,1.653466892810816713e+00,2.360190630963111477e-02
2.111623962939129839e+01,0.000000000000000000e+00,0.000000000000000000e+00,9.261666667000000075e+01,1.016944443999999947e+01,3.355971294919999792e+01,1.000000000000000000e+00,3.667660470385333219e-03,8.326443634527042832e+02,1.344981033874490750e+00,9.487620908632071748e-02
8.933520967373860255e-01,1.372928045999999824e+02,8.276472251999999798e+02,3.082499999999999929e+01,1.258379629999999949e+01,2.243806046329999759e+01,1.000000000000000000e+00,1.585580070708691568e-03,2.411374684103782613e+02,1.493692091513911580e+00,8.135252868450341956e-02
2.038599524692029874e+01,0.000000000000000000e+00,0.000000000000000000e+00,7.243333332999999641e+01,-1.152685184999999990e+01,4.972100777829999885e+01,1.000000000000000000e+00,4.499762195844964410e-03,4.730491890103701280e+02,1.536526449766676405e+00,2.063040626991000381e-01
2.153359381303500086e+01,0.000000000000000000e+00,0.000000000000000000e+00,9.806666667000000359e+01,1.890277778000000186e+00,3.194489980999999901e+01,1.000000000000000000e+00,3.027789450478718478e-03,7.089627542421532098e+02,1.222964924375917084e+00,1.338677887668465738e-01
1.880910059673340129e+01,0.000000000000000000e+00,0.000000000000000000e+00,7.763333332999999925e+01,3.743055556000000283e+00,2.848695233750000000e+01,1.000000000000000000e+00,4.139993468211851033e-03,5.130713579434107032e+02,1.627100936851385127e+00,5.764068884280060950e-02
2.240953093378789873e+01,7.004130784000000176e+01,1.249465586999999989e+00,9.825833332999999925e+01,7.377777777999999564e+00,3.670192589330000033e+01,1.000000000000000000e+00,1.497062010253701492e-03,4.399208479854462439e+02,1.258857637895262283e+00,2.000126570295154282e-01
1.454330675658810001e+01,1.574966512999999964e+02,2.518578378999999856e+01,7.043333332999999641e+01,2.265277778000000186e+00,4.006905851670000374e+01,1.000000000000000000e+00,3.925420329110636958e-03,7.230110565593307683e+02,1.198860752837701105e+00,6.842576909438516375e-02
2.166890623076109890e+01,8.764126604000000498e+01,2.792976315000000209e+00,9.329999999999999716e+01,1.283287037000000019e+01,2.813543731000000037e+01,5.000000000000000000e-01,4.532611918844395293e-03,8.812361718995508681e+02,1.697197119043470703e+00,2.228890966872830448e-01
3.995216878185320297e+01,0.000000000000000000e+00,0.000000000000000000e+00,8.007500000000000284e+01,-1.038888889000000093e+00,4.431826615829999838e+01,1.000000000000000000e+00,1.675439034404855188e-03,2.919202032411939740e+02,1.686611673154965851e+00,3.822028405362299514e-02
0.000000000000000000e+00,0.000000000000000000e+00,0.000000000000000000e+00,4.531666666999999649e+01,1.078611111000000022e+01,2.273624490750000149e+01,0.000000000000000000e+00,3.447601791758532659e-03,4.552468185672074696e+02,1.509748873791419088e+00,1.282922389513636852e-01
2.329549925649559938e+01,0.000000000000000000e+00,0.000000000000000000e+00,9.392499999999999716e+01,1.379953704000000059e+01,2.428448101920000113e+01,0.000000000000000000e+00,1.367350156576283655e-03,5.237447313752736591e+02,1.526312543065545091e+00,9.350333496781974840e-02
1.482827526400130047e+00,1.437669235000000079e+01,3.719384998999999681e+01,6.428333333000000493e+01,1.267824073999999968e+01,2.230787590750000149e+01,1.000000000000000000e+00,2.710317998212594028e-03,5.420392821917571382e+02,1.609045265410323777e+00,2.971046738876080839e-01
2.334164922426889888e+01,1.737078464000000224e+02,2.672695213000000081e+02,4.982500000000000284e+01,-3.878703703999999863e+00,4.786721060250000193e+01,1.000000000000000000e+00,1.711351242983328398e-03,9.195228094544969508e+02,1.163701617972258129e+00,3.128587233641166171e-02
1.320447238706769966e+01,0.000000000000000000e+00,0.000000000000000000e+00,9.429999999999999716e+01,4.604166667000000324e+00,3.958413923919999888e+01,1.000000000000000000e+00,4.779690522735645201e-03,3.699682635842580112e+02,1.158252563201813468e+00,2.505331428322526977e-01
1.998776579922650143e+01,0.000000000000000000e+00,0.000000000000000000e+00,9.220000000000000284e+01,1.009537062999999968e+01,2.140745578670000171e+01,0.000000000000000000e+00,4.147111617661717112e-03,3.100262289733286707e+02,1.618141513071331916e+00,1.931012020996539236e-01
1.902193540803510174e+01,6.594234310000000221e+01,1.764527304000000019e+00,6.405833332999999641e+01,-4.253240740999999936e+00,6.545208865669999909e+01,1.000000000000000000e+00,1.130583448430549963e-03,5.222167856402792268e+02,1.139732713516237839e+00,2.386670687681820280e-01
2.605628049789180167e+01,0.000000000000000000e+00,0.000000000000000000e+00,7.450000000000000000e+01,1.612037036999999984e+01,2.440416373580000098e+01,0.000000000000000000e+00,3.508522663920202265e-03,3.013409584295827131e+02,1.278082937424182663e+00,2.463848068661451951e-02
0.000000000000000000e+00,0.000000000000000000e+00,0.000000000000000000e+00,9.529999999999999716e+01,1.180509258999999922e+01,2.366182784669999961e+01,0.000000000000000000e+00,1.934088313568629435e-03,3.287869091893903715e+02,1.571572137531349167e+00,1.444426779083072265e-01
2.226166086852709824e+01,1.269127533000000057e+02,3.863302934000000164e+02,5.895000000000000284e+01,1.385787037000000055e+01,2.263579768500000000e+01,1.000000000000000000e+00,2.687835991545544853e-03,3.931710419040971374e+02,1.405494979021656432e+00,1.052209244538257205e-01
2.095860961867949968e+01,0.000000000000000000e+00,0.000000000000000000e+00,7.069166667000000359e+01,-1.203981480999999931e+01,4.906929282419999794e+01,1.000000000000000000e+00,2.904950149537445687e-03,3.459000597639321768e+02,1.591683661259200466e+00,1.804895251542102119e-01
2.782660421999170097e+01,0.000000000000000000e+00,0.000000000000000000e+00,5.874166667000000075e+01,-3.454629629999999896e+00,4.811199337829999934e+01,1.000000000000000000e+00,4.960509278682728902e-03,4.100615498050078713e+02,1.374201875836074560e+00,1.046819764535230207e-01
0.000000000000000000e+00,0.000000000000000000e+00,0.000000000000000000e+00,7.829999999999999716e+01,1.623657408000000046e+01,2.275724136579999879e+01,0.000000000000000000e+00,2.364428052990825285e-03,2.155904227804984430e+02,1.659045652520132474e+00,2.591730854628634395e-01
1.672032039612669863e+01,1.164294365999999883e+02,1.681593640999999906e+01,8.306666667000000359e+01,2.937500000000000000e+00,3.983174193579999667e+01,1.000000000000000000e+00,1.705303850815381283e-03,2.762135249710030394e+02,1.145096020222331479e+00,8.562612416474325860e-02
2.255135481193520164e+01,0.000000000000000000e+00,0.000000000000000000e+00,5.983333333000000209e+01,7.117129629999999985e+00,3.221954723670000220e+01,1.000000000000000000e+00,4.638212089544390196e-03,6.543862860402080059e+02,1.440383818967531759e+00,2.745252384804272028e-01
2.390052358720529924e+01,0.000000000000000000e+00,0.000000000000000000e+00,8.248333332999999357e+01,-9.763425924999999950e+00,4.443388763829999988e+01,1.000000000000000000e+00,4.766283376614981020e-03,4.282799162420939183e+02,1.413971493381880995e+00,3.398113576125512403e-02
2.062526435719570017e+01,0.000000000000000000e+00,0.000000000000000000e+00,5.918333333000000351e+01,1.649074074000000056e+00,3.947888129670000268e+01,1.000000000000000000e+00,4.537371093701718372e-03,9.352700661756073259e+02,1.179989941229288020e+00,1.781272887438974939e-01
2.070006887757899960e+01,0.000000000000000000e+00,0.000000000000000000e+00,7.823333332999999357e+01,-8.333333330000000094e-01,4.032967527830000165e+01,1.000000000000000000e+00,3.947283022515024782e-03,9.279000243803911872e+02,1.292258997002649235e+00,2.283171975819186794e-01
2.023262469025860000e+01,0.000000000000000000e+00,0.000000000000000000e+00,8.681666667000000359e+01,8.455555556000000195e+00,2.994053961079999837e+01,1.000000000000000000e+00,1.099764225723750492e-03,6.004846862189458534e+02,1.498398530710828513e+00,1.963287994670071257e-01
2.387229989669080155e+01,1.183295092000000048e+00,5.398061020000000099e-01,7.040000000000000568e+01,8.384259259999999880e-01,5.355717263830000263e+01,1.000000000000000000e+00,1.531284611953689055e-03,6.795028561248464030e+02,1.548888603744717374e+00,4.325475346705422164e-02
1.252564405101539968e+01,0.000000000000000000e+00,0.000000000000000000e+00,7.298333332999999357e+01,-7.935185179999999505e-01,4.389411499919999926e+01,1.000000000000000000e+00,2.587200655995830142e-03,9.971669047252670453e+02,1.137342840126306376e+00,1.953353404790968140e-01
6.228431673760770337e+00,1.064754544000000038e+02,8.436474478000000090e+02,5.342499999999999716e+01,6.391666667000000857e+00,2.613745640750000021e+01,1.000000000000000000e+00,3.798540430933049217e-03,9.329271578197684676e+02,1.251855506955083186e+00,1.852382751398718441e-01
1.915121757092559918e+01,1.161104212000000047e+02,3.797063861999999972e+02,4.895000000000000284e+01,-1.066666667000000013e+00,2.720546178580000074e+01,1.000000000000000000e+00,4.722158776022705035e-03,3.511754335990665368e+02,1.414608811043623904e+00,1.664724213646371909e-01
2.125527145122849859e+01,0.000000000000000000e+00,0.000000000000000000e+00,8.895833333000000209e+01,-5.240740741000000646e+00,5.228813148169999891e+01,1.000000000000000000e+00,2.386022720868180048e-03,9.169691141552955287e+02,1.376313157466728221e+00,2.897827557718877234e-01
2.123209162373670011e+01,2.471091634999999656e+02,2.060655086999999810e+02,6.387500000000000000e+01,3.222222220000000026e-01,3.719658305080000105e+01,1.000000000000000000e+00,2.914521689132143923e-03,5.006911042559101475e+02,1.299483829066165663e+00,1.322080730235835611e-01
2.214001112039980157e+01,8.125218021999999962e+01,7.559082618999999781e+00,9.006666667000000359e+01,1.327731481000000002e+01,2.968754646749999893e+01,1.000000000000000000e+00,4.078316321891510207e-03,7.670330395394494190e+02,1.341712760883644107e+00,2.804956853868963984e-01
2.215634326765200157e+01,0.000000000000000000e+00,0.000000000000000000e+00,4.788333332999999925e+01,8.218055554999999401e+00,1.910891784670000249e+01,1.000000000000000000e+00,2.193673549807309206e-03,7.100447435211788161e+02,1.228776111116994807e+00,1.215991746738540324e-01
2.136499081204820172e+01,0.000000000000000000e+00,0.000000000000000000e+00,7.037500000000000000e+01,-1.175925925999999899e+00,3.889043217500000083e+01,1.000000000000000000e+00,3.306431697746124200e-03,8.831505608723554133e+02,1.579668323770454741e+00,2.267329554163327043e-01
2.209910504719919899e+01,2.202167694999999981e+01,4.874670027999999888e+02,4.206666666999999649e+01,4.204166666999999968e+00,3.396506160749999736e+01,1.000000000000000000e+00,2.277047668954995489e-03,6.936437370357975851e+02,1.208109479524780427e+00,4.032175305522749803e-02
2.301406889651239851e+01,9.651590143999999327e+01,7.863819288999999380e+00,8.553333333000000493e+01,5.163888888999999871e+00,3.501343170000000526e+01,1.000000000000000000e+00,2.870121904276308131e-03,9.824687917001429014e+02,1.559286913418147957e+00,1.826168055082913189e-01
0.000000000000000000e+00,0.000000000000000000e+00,0.000000000000000000e+00,8.958333333000000209e+01,1.325925926000000032e+01,2.408212706500000166e+01,0.000000000000000000e+00,2.772013107394531023e-03,9.423638355271089040e+02,1.380585203587330501e+00,1.640895294243233105e-01
2.276402054504940153e+01,9.707350796999999432e+01,5.018974309999999939e+00,7.482500000000000284e+01,-1.512962963000000105e+00,6.229507402750000011e+01,1.000000000000000000e+00,4.255687009393358672e-03,5.493702702334533114e+02,1.428035967299972286e+00,2.061150746709764781e-01
8.544998153134899610e+01,1.315612093999999921e+01,2.335838035999999818e+02,7.490000000000000568e+01,-2.001851851999999710e+00,6.143524393420000251e+01,1.000000000000000000e+00,1.597935879944447799e-03,4.150599889109504375e+02,1.581997051913690999e+00,2.939388239002346803e-01
1.438371172924549946e+01,0.000000000000000000e+00,0.000000000000000000e+00,9.337500000000000000e+01,2.086111111000000129e+00,3.435996518999999694e+01,1.000000000000000000e+00,4.255687009393358672e-03,5.493702702334533114e+02,1.428035967299972286e+00,2.061150746709764781e-01
2.121396747123710114e+01,8.125218021999999962e+01,7.559082618999999781e+00,9.006666667000000359e+01,1.327731481000000002e+01,2.968754646749999893e+01,1.000000000000000000e+00,4.230354047994820330e-03,6.673948740497589824e+02,1.149506881582678108e+00,1.904301576465178836e-01
2.238244100958459981e+01,1.049364304000000061e+02,5.501580787999999167e+00,6.979999999999999716e+01,3.625925926000000299e+00,3.724646426079999628e+01,1.000000000000000000e+00,2.753747938367831320e-03,7.327061663978668093e+02,1.481907836577198934e+00,2.615796580997547527e-01
2.488267659969800150e+01,0.000000000000000000e+00,0.000000000000000000e+00,6.241666666999999791e+01,2.016250000000000142e+01,2.287570833330000042e+01,0.000000000000000000e+00,2.904950149537445687e-03,3.459000597639321768e+02,1.591683661259200466e+00,1.804895251542102119e-01
2.552362251959009853e+01,2.340750441999999865e+01,2.417283405999999957e+01,6.009166667000000217e+01,1.866064815000000010e+01,2.376784166170000034e+01,0.000000000000000000e+00,3.558977504341923753e-03,2.023414877105826406e+02,1.474307767735408170e+00,1.696649596409801342e-01
4.470664590479530176e+01,0.000000000000000000e+00,0.000000000000000000e+00,5.377499999999999858e+01,3.427777778000000275e+00,4.377987550920000359e+01,1.000000000000000000e+00,1.163744389095558700e-03,7.872795966466964046e+02,1.712874417200004107e+00,1.520323891143737505e-01
2.173581403679190061e+01,0.000000000000000000e+00,0.000000000000000000e+00,5.606666666999999649e+01,1.288888889000000093e+00,3.479825470419999789e+01,1.000000000000000000e+00,1.896481863329364803e-03,6.530254081359403244e+02,1.596078144324084125e+00,1.101935872527511490e-01
2.319413125993720115e+01,1.008791024000000078e+02,1.877913850000000195e+02,8.007500000000000284e+01,1.681157407999999975e+01,2.437978739829999952e+01,0.000000000000000000e+00,3.162218240629912757e-03,8.505708517148543706e+02,1.715453664696391822e+00,1.563131157074168220e-01
6.997516612072320008e+00,0.000000000000000000e+00,0.000000000000000000e+00,7.747499999999999432e+01,5.247685184999999919e+00,3.330035740830000179e+01,1.000000000000000000e+00,2.587200655995830142e-03,9.971669047252670453e+02,1.137342840126306376e+00,1.953353404790968140e-01
2.204339712185100097e+01,1.906220298999999940e+01,1.213807676000000058e+01,7.738333332999999925e+01,1.574259258999999922e+01,2.389979027829999936e+01,0.000000000000000000e+00,1.386057098445714038e-03,3.589153223838914641e+02,1.530741305761307292e+00,2.988015018462736316e-02
2.278755337607559994e+01,0.000000000000000000e+00,0.000000000000000000e+00,4.788333332999999925e+01,8.218055554999999401e+00,1.910891784670000249e+01,1.000000000000000000e+00,3.613228331834915461e-03,5.846417560546944969e+02,1.407070010788874947e+00,8.047945137651407732e-02
0.000000000000000000e+00,5.628304325000000219e+00,6.729633276000000386e+00,5.926666666999999933e+01,2.105740740999999971e+01,2.521727472170000084e+01,0.000000000000000000e+00,3.188138174254407861e-03,3.427344919975010953e+02,1.243272053428337243e+00,8.749931600788835029e-02
1.690674601152349865e+01,0.000000000000000000e+00,0.000000000000000000e+00,6.907500000000000284e+01,-1.204583333000000067e+01,4.806288578750000084e+01,1.000000000000000000e+00,2.946796818200620328e-03,4.694223882614934382e+02,1.210734056028324845e+00,2.399946392077434709e-01
2.298361026126309881e+01,1.352387695000000178e+02,9.763531527000000665e+01,8.641666666999999791e+01,1.588240741000000078e+01,2.361490973249999925e+01,0.000000000000000000e+00,3.259078445003904707e-03,7.493363935110916145e+02,1.368361967920939115e+00,1.011526894768523394e-01
3.145243510328429970e+00,0.000000000000000000e+00,0.000000000000000000e+00,9.684166666999999507e+01,1.052916667000000039e+01,2.156601483829999921e+01,1.000000000000000000e+00,3.620740736492312345e-03,4.823562847477201103e+02,1.672821708166366328e+00,1.395818971126371044e-01
2.226495974638330111e+01,9.776284524999999803e+01,1.734729860000000201e+02,5.604999999999999716e+01,2.606481480000000239e-01,4.071241699000000125e+01,1.000000000000000000e+00,3.893825644343192581e-03,2.830963443632087433e+02,1.177001973105020083e+00,7.918501731587285208e-02
2.026234406068229887e+01,0.000000000000000000e+00,0.000000000000000000e+00,8.475833332999999925e+01,1.248148147999999935e+01,1.955492546329999826e+01,1.000000000000000000e+00,1.800005293761173727e-03,8.112365532116259601e+02,1.303995663802224758e+00,6.001776484316913990e-02
0.000000000000000000e+00,1.361765630999999921e+01,2.341898864000000025e+00,7.711666667000000075e+01,1.711898147999999864e+01,2.159044976750000089e+01,0.000000000000000000e+00,4.313712134200614091e-03,9.681887331781605326e+02,1.296809219186881634e+00,1.547143171886814494e-01
2.291009203303260122e+01,0.000000000000000000e+00,0.000000000000000000e+00,5.329999999999999716e+01,9.370833333000000209e+00,2.296816156079999871e+01,0.000000000000000000e+00,2.914521689132143923e-03,5.006911042559101475e+02,1.299483829066165663e+00,1.322080730235835611e-01
2.209966202375730049e+01,0.000000000000000000e+00,0.000000000000000000e+00,8.645833333000000209e+01,4.291666667000000324e+00,3.586165889749999991e+01,1.000000000000000000e+00,1.332248779522776910e-03,3.966565036211333108e+02,1.402630841585337684e+00,1.759379439455933392e-01
2.256667380867920158e+01,0.000000000000000000e+00,0.000000000000000000e+00,5.192499999999999716e+01,1.043055556000000017e+01,2.156776668999999913e+01,1.000000000000000000e+00,1.269541520864374533e-03,3.159445062085518430e+02,1.504247683342905484e+00,2.595464945044714256e-01
2.168832753247300005e+01,1.269127533000000057e+02,3.863302934000000164e+02,5.895000000000000284e+01,1.385787037000000055e+01,2.263579768500000000e+01,1.000000000000000000e+00,3.374563841939703414e-03,9.792352203435417550e+02,1.284956331175008293e+00,2.907425924765485309e-02
2.090804071962229926e+01,0.000000000000000000e+00,0.000000000000000000e+00,9.147499999999999432e+01,7.739351852000000420e+00,2.309790555500000053e+01,0.000000000000000000e+00,2.058888128503128315e-03,6.255344928206422992e+02,1.678090893195685052e+00,2.160624888636574481e-01
2.839163337111819985e+01,0.000000000000000000e+00,0.000000000000000000e+00,8.123333332999999357e+01,-1.249074074000000145e+00,3.860338421329999647e+01,1.000000000000000000e+00,2.710317998212594028e-03,5.420392821917571382e+02,1.609045265410323777e+00,2.971046738876080839e-01
1.106463045653119925e+00,0.000000000000000000e+00,0.000000000000000000e+00,7.435833332999999357e+01,1.077777777999999920e+01,2.171691464419999917e+01,1.000000000000000000e+00,3.658760112258528478e-03,7.521081822631390423e+02,1.131462503166986489e+00,9.672905133677735245e-02
2.411425515634919847e+01,0.000000000000000000e+00,0.000000000000000000e+00,8.288333332999999925e+01,-4.018981482000000049e+00,3.642407571829999569e+01,1.000000000000000000e+00,1.647109245553838881e-03,7.265286215594138639e+02,1.394775325686451906e+00,2.118058582314687188e-01
3.202421087357320317e+01,1.656627627999999959e+02,6.242436018999999447e+00,7.789166667000000643e+01,-2.931018518999999767e+00,4.503476606419999939e+01,1.000000000000000000e+00,4.214837492535227804e-03,2.618001681921099362e+02,1.554546011873910061e+00,2.529041842848324118e-01
1.752824594614099851e+01,1.210656770000000080e+02,4.333324600999999916e+02,5.734166667000000217e+01,-3.338888888999999693e+00,6.020328624999999789e+01,1.000000000000000000e+00,4.078316321891510207e-03,7.670330395394494190e+02,1.341712760883644107e+00,2.804956853868963984e-01
3.894291361415530162e+01,0.000000000000000000e+00,0.000000000000000000e+00,6.418333332999999641e+01,-4.287037037000000161e+00,5.262784791749999869e+01,1.000000000000000000e+00,3.667660470385333219e-03,8.326443634527042832e+02,1.344981033874490750e+00,9.487620908632071748e-02
2.370079950028129900e+01,9.533746963000000108e+01,2.892267809000000156e+01,8.996666666999999507e+01,3.104166666999999880e+00,3.760389830999999816e+01,1.000000000000000000e+00,2.165475167158929966e-03,9.708996118820086849e+02,1.661082883544951594e+00,7.820524883309212805e-02
2.123907416468999898e+01,0.000000000000000000e+00,0.000000000000000000e+00,9.927500000000000568e+01,1.145092593000000036e+01,2.568054818579999932e+01,0.000000000000000000e+00,1.852672079947059042e-03,2.309456351406304293e+02,1.316587711206065547e+00,1.620800857636898462e-01
1.934485371403820153e+01,1.386963099000000170e+02,6.260060862999999927e+02,5.263333332999999925e+01,-3.685185189999999888e-01,3.743870286579999629e+01,1.000000000000000000e+00,3.408130994495622672e-03,8.569322525443425320e+02,1.332211347827509940e+00,2.572587927010658859e-01
0.000000000000000000e+00,0.000000000000000000e+00,0.000000000000000000e+00,9.135833332999999357e+01,1.343425925999999926e+01,2.308987800499999921e+01,0.000000000000000000e+00,2.432982096704852659e-03,4.790099240320593594e+02,1.556650084679933155e+00,1.523263590679505841e-01
1.973903383260820021e+01,0.000000000000000000e+00,0.000000000000000000e+00,5.426666666999999933e+01,-1.145833332999999898e+00,3.040585295829999879e+01,1.000000000000000000e+00,4.722158776022705035e-03,3.511754335990665368e+02,1.414608811043623904e+00,1.664724213646371909e-01
6.348470578643129691e+00,0.000000000000000000e+00,0.000000000000000000e+00,7.049166667000000075e+01,8.874537036999999629e+00,1.944492518420000238e+01,1.000000000000000000e+00,2.094312348833432275e-03,2.499298398502469638e+02,1.360453450963232891e+00,1.123556629470736784e-01
3.677587516659539801e+01,4.080062239000000091e+01,3.951143533999999846e+00,8.158333333000000209e+01,-5.092592593000000001e+00,5.259741921330000025e+01,1.000000000000000000e+00,1.223378252991581469e-03,6.972621591114652801e+02,1.196511064309087935e+00,1.553925302176786261e-01
2.237780328197870006e+01,7.220453994000000364e+01,1.798263181000000088e+01,7.462500000000000000e+01,1.342638889000000013e+01,2.740463718920000247e+01,1.000000000000000000e+00,1.597935879944447799e-03,4.150599889109504375e+02,1.581997051913690999e+00,2.939388239002346803e-01
2.694273408828539829e+00,0.000000000000000000e+00,0.000000000000000000e+00,8.147499999999999432e+01,3.702777778000000186e+00,2.050797076829999810e+01,1.000000000000000000e+00,1.705303850815381283e-03,2.762135249710030394e+02,1.145096020222331479e+00,8.562612416474325860e-02
2.150554735078220148e+01,0.000000000000000000e+00,0.000000000000000000e+00,6.939166667000000643e+01,8.495370369999999838e+00,2.259193255499999964e+01,1.000000000000000000e+00,3.306431697746124200e-03,8.831505608723554133e+02,1.579668323770454741e+00,2.267329554163327043e-01
2.081899570537060029e+01,0.000000000000000000e+00,0.000000000000000000e+00,7.825000000000000000e+01,-1.236435185000000025e+01,5.031653805580000238e+01,1.000000000000000000e+00,3.184932051740273651e-03,5.935259858316915142e+02,1.524131258141881107e+00,9.152301312522151400e-02
6.377746095789859737e+00,1.680215379999999925e+01,8.171030118999999203e+00,5.329166666999999791e+01,1.789120370999999921e+01,3.473521889749999758e+01,2.500000000000000000e-01,2.410868984183883734e-03,4.688278277131037157e+02,1.335639081427556052e+00,1.021902036341341830e-01
3.265171415285620071e+01,4.299966169000000349e+01,1.288711657999999982e+00,6.950000000000000000e+01,-4.861111111000000484e+00,4.822523458330000068e+01,1.000000000000000000e+00,2.914521689132143923e-03,5.006911042559101475e+02,1.299483829066165663e+00,1.322080730235835611e-01
1.314682717273119916e+00,4.421076483999999418e+00,8.272567828999999762e+00,4.428333332999999783e+01,1.306388888999999942e+01,2.282765580579999920e+01,0.000000000000000000e+00,3.059996505574557636e-03,6.291593778063286209e+02,1.273584743968561250e+00,2.800357492266295628e-02
1.456159720459289986e+01,2.159034745000000157e+02,3.276169944000000100e+01,7.405833332999999641e+01,5.252314815000000081e+00,2.679530824500000108e+01,1.000000000000000000e+00,2.848425659497415795e-03,5.680983693012983622e+02,1.437444582624876066e+00,1.127058747979942654e-01
1.888664322724959987e+01,0.000000000000000000e+00,0.000000000000000000e+00,6.895833333000000209e+01,-1.013101851999999958e+01,3.628726905079999909e+01,1.000000000000000000e+00,4.816335557574463744e-03,3.710624394286463144e+02,1.154711258451081690e+00,1.886896128130552408e-01
1.915550284931070024e+01,0.000000000000000000e+00,0.000000000000000000e+00,5.000000000000000000e+01,-2.000000000000000111e-01,2.232871452830000081e+01,1.000000000000000000e+00,3.120874168752915331e-03,6.235314881598560532e+02,1.368764898487480064e+00,2.339099693625845966e-01
0.000000000000000000e+00,0.000000000000000000e+00,0.000000000000000000e+00,8.850833332999999925e+01,1.343240740999999971e+01,2.390934259249999982e+01,0.000000000000000000e+00,4.499762195844964410e-03,4.730491890103701280e+02,1.536526449766676405e+00,2.063040626991000381e-01
5.585611613298750200e+01,0.000000000000000000e+00,0.000000000000000000e+00,9.740000000000000568e+01,6.002777777999999564e+00,5.684740097249999735e+01,1.000000000000000000e+00,2.848425659497415795e-03,5.680983693012983622e+02,1.437444582624876066e+00,1.127058747979942654e-01
6.276012144724710140e+01,5.867768197000000185e+01,4.096590260000000372e-01,6.929999999999999716e+01,-4.147222221999999903e+00,6.529663185079999721e+01,1.000000000000000000e+00,2.728238875768560119e-03,3.982661048848825658e+02,1.339252835768103500e+00,3.914501042940056463e-02
2.209254728983900051e+01,0.000000000000000000e+00,0.000000000000000000e+00,6.460833332999999357e+01,-3.533333333000000298e+00,3.913964911920000134e+01,1.000000000000000000e+00,4.091309303554037380e-03,7.014619636920560879e+02,1.546689360619299070e+00,1.137805286907227487e-01
3.383445278535010203e+01,0.000000000000000000e+00,0.000000000000000000e+00,7.929999999999999716e+01,-1.259583334000000043e+01,5.155643014000000335e+01,1.000000000000000000e+00,3.120874168752915331e-03,6.235314881598560532e+02,1.368764898487480064e+00,2.339099693625845966e-01
0.000000000000000000e+00,1.186901699000000008e+02,2.779888203000000431e+02,7.306666667000000359e+01,1.635324074000000039e+01,2.407654868999999920e+01,0.000000000000000000e+00,4.766283376614981020e-03,4.282799162420939183e+02,1.413971493381880995e+00,3.398113576125512403e-02
0.000000000000000000e+00,0.000000000000000000e+00,0.000000000000000000e+00,7.755833332999999641e+01,1.265138888999999978e+01,2.231136184580000048e+01,0.000000000000000000e+00,1.781464319824298953e-03,5.957030745319588050e+02,1.718418101108737162e+00,2.886271828006232720e-01
1.073100122243969956e+01,0.000000000000000000e+00,0.000000000000000000e+00,7.611666667000000075e+01,-6.629629630000000162e-01,3.590612046829999571e+01,1.000000000000000000e+00,2.079797831601540650e-03,2.396990434701755248e+02,1.160905987431990249e+00,5.653263469274560915e-02
2.774988199477339990e+01,2.374084660000000113e+01,5.397090900000000024e-01,9.709166666999999507e+01,6.408796296000000225e+00,3.687410002920000096e+01,1.000000000000000000e+00,1.163744389095558700e-03,7.872795966466964046e+02,1.712874417200004107e+00,1.520323891143737505e-01
0.000000000000000000e+00,0.000000000000000000e+00,0.000000000000000000e+00,6.050000000000000000e+01,2.062268518000000128e+01,2.289778888829999914e+01,0.000000000000000000e+00,3.118381579780752852e-03,9.559626649184283451e+02,1.284683070185703047e+00,5.168379711611700150e-02
0.000000000000000000e+00,0.000000000000000000e+00,0.000000000000000000e+00,8.911666667000000075e+01,1.569212963000000016e+01,2.270781715249999877e+01,0.000000000000000000e+00,1.877059016574952064e-03,9.061730711556226652e+02,1.700088246924905011e+00,2.376169486045298096e-01
1.611197047376700109e+00,0.000000000000000000e+00,0.000000000000000000e+00,9.647499999999999432e+01,1.098009258999999993e+01,1.989589486579999900e+01,1.000000000000000000e+00,1.046787518308506552e-03,2.540718134966236903e+02,1.143589965718087242e+00,1.174278113248759248e-01
0.000000000000000000e+00,0.000000000000000000e+00,0.000000000000000000e+00,8.861666667000000075e+01,1.572175926000000068e+01,2.257491778329999832e+01,0.000000000000000000e+00,1.638410448303543026e-03,3.600932384042500871e+02,1.706002153086286999e+00,2.583439723781976727e-01
2.352944436333789824e+01,1.685296428000000049e+02,6.309478397999998833e+02,4.899166667000000075e+01,2.398888888999999836e+01,2.442485279670000153e+01,0.000000000000000000e+00,2.653523422612122026e-03,8.309883606011621850e+02,1.518179156410710107e+00,2.645838340721909376e-01
4.166004704001060333e+01,0.000000000000000000e+00,0.000000000000000000e+00,7.840000000000000568e+01,-8.888888899999999871e-02,3.833788023079999618e+01,1.000000000000000000e+00,1.767783039842306305e-03,8.982802930747897108e+02,1.459298597235314077e+00,2.201947446446833601e-01
2.024252553075379879e+01,0.000000000000000000e+00,0.000000000000000000e+00,6.089999999999999858e+01,-7.038888888999999871e+00,3.567534024670000292e+01,1.000000000000000000e+00,4.373315535075909810e-03,2.853609739816519095e+02,1.461813783991471771e+00,2.709913464357697199e-01
2.413668704950519839e+01,5.269835997999999933e+01,2.839733773000000294e+00,8.682500000000000284e+01,3.877314815000000081e+00,3.737816090169999939e+01,1.000000000000000000e+00,1.134505924263686915e-03,2.476334184606370741e+02,1.614110242168923959e+00,1.763488423387737369e-01
5.661217575371179755e+00,0.000000000000000000e+00,0.000000000000000000e+00,9.209999999999999432e+01,7.271759258999999531e+00,2.079646712999999991e+01,1.000000000000000000e+00,1.934088313568629435e-03,3.287869091893903715e+02,1.571572137531349167e+00,1.444426779083072265e-01
2.279903585082779927e+01,7.161706197000000884e+00,9.380391351000000100e+01,4.309166667000000217e+01,-7.773148149999999923e-01,5.033448939830000057e+01,1.000000000000000000e+00,2.397796738045944454e-03,5.985661685846591809e+02,1.637025431276780463e+00,2.135381685470186253e-01
0.000000000000000000e+00,6.506031330999999795e+01,3.242854940999999940e+02,3.844166666999999649e+01,1.587314815000000046e+01,2.244450509329999832e+01,0.000000000000000000e+00,1.163744389095558700e-03,7.872795966466964046e+02,1.712874417200004107e+00,1.520323891143737505e-01
0.000000000000000000e+00,2.177837896999999998e+02,1.438999343000000124e+02,5.238333332999999925e+01,2.325833332999999925e+01,2.504338613420000215e+01,0.000000000000000000e+00,4.329924470694817944e-03,2.428325818644280787e+02,1.156416989580218102e+00,5.073274792433000308e-02
2.220139735235619938e+01,1.106207604999999994e+01,3.085153488999999638e+00,9.251666667000000643e+01,1.359398148000000006e+01,2.380801273579999844e+01,0.000000000000000000e+00,1.705303850815381283e-03,2.762135249710030394e+02,1.145096020222331479e+00,8.562612416474325860e-02
1.608323779570000056e+01,0.000000000000000000e+00,0.000000000000000000e+00,7.863333332999999925e+01,-6.287037039999999744e-01,3.774880207420000033e+01,1.000000000000000000e+00,4.948164456180495843e-03,4.487645691222950290e+02,1.378969954712128798e+00,2.768557895142632064e-01
1.532646533842160075e+01,0.000000000000000000e+00,0.000000000000000000e+00,4.714999999999999858e+01,5.107870369999999660e+00,2.806073195829999989e+01,1.000000000000000000e+00,2.636769704523195170e-03,4.167017811658172377e+02,1.622662233252380570e+00,1.692828453994610627e-01
1.927215551767120161e+01,0.000000000000000000e+00,0.000000000000000000e+00,7.392499999999999716e+01,-1.166759258999999993e+01,4.580538680499999771e+01,1.000000000000000000e+00,2.386022720868180048e-03,9.169691141552955287e+02,1.376313157466728221e+00,2.897827557718877234e-01
1.680994064122980092e+01,0.000000000000000000e+00,0.000000000000000000e+00,6.166666666999999791e+01,-4.046759258999999886e+00,3.195388455169999986e+01,1.000000000000000000e+00,4.756321983004579632e-03,5.278658087567680468e+02,1.396925454058941529e+00,2.422088668869427641e-01
6.900870411230430435e+00,0.000000000000000000e+00,0.000000000000000000e+00,6.194166666999999649e+01,2.418518517999999951e+00,2.815927108420000025e+01,1.000000000000000000e+00,4.272041376591428907e-03,7.164625834669868709e+02,1.204438536718637653e+00,2.877083005605031163e-01
2.263555207888870058e+01,1.218110285999999860e+02,6.695821662999999262e+02,7.577500000000000568e+01,1.621759258999999886e+01,2.655339376419999908e+01,0.000000000000000000e+00,3.703251172442418703e-03,8.285120264813529047e+02,1.709718062125539895e+00,2.840746736188670130e-01
2.788335859378510140e+00,0.000000000000000000e+00,0.000000000000000000e+00,8.940000000000000568e+01,8.788888888999998983e+00,2.061605623170000001e+01,1.000000000000000000e+00,3.667660470385333219e-03,8.326443634527042832e+02,1.344981033874490750e+00,9.487620908632071748e-02
2.114719360051190122e+01,1.228593470999999937e+02,4.171193028000000140e+02,5.549166667000000075e+01,-8.361111110999999596e+00,5.989674300920000150e+01,1.000000000000000000e+00,1.358731560304630125e-03,2.728069458114778172e+02,1.361486458868025329e+00,2.458181973462481018e-01
0.000000000000000000e+00,6.435539393999999902e+01,2.523392657000000128e+01,6.456666667000000359e+01,1.352407408000000011e+01,2.112920950000000175e+01,0.000000000000000000e+00,3.595009554233450505e-03,4.319677408068914133e+02,1.288830253931833036e+00,2.176664342541329011e-01
2.779190104035039965e+01,0.000000000000000000e+00,0.000000000000000000e+00,8.269166667000000359e+01,-1.974537036999999939e+00,3.905622791580000097e+01,1.000000000000000000e+00,1.236237578138504791e-03,2.954380730542202400e+02,1.388848289315375961e+00,1.415438962264566336e-01
1.312262579016250008e+01,0.000000000000000000e+00,0.000000000000000000e+00,8.862500000000000000e+01,2.561111110999999774e+00,3.427408383000000214e+01,1.000000000000000000e+00,3.573283274562777476e-03,8.624031180153806417e+02,1.393406621629508013e+00,1.385911337832926304e-01
2.623356293853930055e+01,0.000000000000000000e+00,0.000000000000000000e+00,8.840000000000000568e+01,2.512037036999999806e+00,3.505293704999999704e+01,1.000000000000000000e+00,1.721812408906632594e-03,8.717458500918360187e+02,1.681936977420485313e+00,1.917035191591142662e-01
5.092265399462349684e+00,7.168425451999999609e+01,1.502591776999999951e+01,8.789166667000000643e+01,1.379583333000000067e+01,2.541265021750000130e+01,1.000000000000000000e+00,4.013045338420320220e-03,7.481874274092649557e+02,1.655909075874456127e+00,2.468390671244106715e-01
2.289611703706880164e+01,1.771444401999999627e+02,1.078399442999999902e+00,6.561666667000000075e+01,1.067222222000000009e+01,2.112020344920000170e+01,0.000000000000000000e+00,3.573283274562777476e-03,8.624031180153806417e+02,1.393406621629508013e+00,1.385911337832926304e-01
5.613646452471340353e+01,1.856623551999999790e+02,1.688862514999999860e+02,6.104999999999999716e+01,-4.675925926000000565e+00,5.172069930669999849e+01,1.000000000000000000e+00,2.710317998212594028e-03,5.420392821917571382e+02,1.609045265410323777e+00,2.971046738876080839e-01
1.128145366242290004e+00,1.800434634000000074e+02,3.256976023999999938e+02,5.938333332999999925e+01,1.316249999999999964e+01,2.277313748670000138e+01,1.000000000000000000e+00,1.046787518308506552e-03,2.540718134966236903e+02,1.143589965718087242e+00,1.174278113248759248e-01
2.009114817769659922e+01,0.000000000000000000e+00,0.000000000000000000e+00,5.686666667000000075e+01,4.406944444999999710e+00,3.988441646829999598e+01,1.000000000000000000e+00,4.626627773952131026e-03,6.430342098359487863e+02,1.494749238332789165e+00,2.794851206178539105e-01
2.647691257841569978e+01,1.244118886999999951e+01,1.240225893000000079e+00,8.424166667000000075e+01,8.928240740999999758e+00,3.697503193920000086e+01,1.000000000000000000e+00,2.904950149537445687e-03,3.459000597639321768e+02,1.591683661259200466e+00,1.804895251542102119e-01
2.067915633859769997e+01,0.000000000000000000e+00,0.000000000000000000e+00,8.759999999999999432e+01,1.047731482000000014e+01,2.969335814749999969e+01,1.000000000000000000e+00,2.854441280635278133e-03,5.888214708342868562e+02,1.232482830229531645e+00,1.187565487879695542e-01
2.213118301881180017e+01,0.000000000000000000e+00,0.000000000000000000e+00,6.089999999999999858e+01,-7.038888888999999871e+00,3.567534024670000292e+01,1.000000000000000000e+00,3.842912964318862586e-03,7.189611989058296331e+02,1.512900057398981701e+00,2.870268238371321279e-01
2.193340766975899925e+01,0.000000000000000000e+00,0.000000000000000000e+00,6.979166666999999791e+01,7.708333330000000094e-01,4.834607768499999736e+01,1.000000000000000000e+00,1.531284611953689055e-03,6.795028561248464030e+02,1.548888603744717374e+00,4.325475346705422164e-02
2.341777948134869902e+01,8.896516701000000182e+01,2.755065206000000266e+00,9.300833332999999925e+01,1.248657406999999964e+01,3.204734419500000087e+01,1.000000000000000000e+00,1.163744389095558700e-03,7.872795966466964046e+02,1.712874417200004107e+00,1.520323891143737505e-01
0.000000000000000000e+00,1.541599621999999954e+02,6.252110251000000289e+02,4.823333333000000067e+01,2.326249999999999929e+01,2.025468839750000072e+01,0.000000000000000000e+00,3.155599650884892242e-03,3.852563772083410640e+02,1.528196510677727105e+00,6.267162980161829211e-02
8.042781390443450107e+01,5.721014698999999837e+01,4.687867454999999950e+01,6.542499999999999716e+01,-5.932407407000000354e+00,6.654586958250000350e+01,1.000000000000000000e+00,1.852672079947059042e-03,2.309456351406304293e+02,1.316587711206065547e+00,1.620800857636898462e-01
2.049587671785479870e+01,8.970717274000000430e+01,5.959822402000000920e+02,4.841666666999999791e+01,-2.489351851999999976e+00,3.407449152579999918e+01,1.000000000000000000e+00,1.158962013591483334e-03,3.555724271839590642e+02,1.534381991602795425e+00,1.613198226202016139e-01
2.374490983185519966e+01,6.147882204999999800e+01,5.944142610000000548e-01,8.603333333000000493e+01,4.689814815000000081e+00,3.633611759170000255e+01,1.000000000000000000e+00,3.502091702430740021e-03,4.920747048114934046e+02,1.711132012133297131e+00,1.291657029429929271e-01
2.009814774223420031e+01,2.868795466999999917e+02,3.084793771999999876e+02,5.386666667000000075e+01,8.245370370000000282e-01,4.199091171330000094e+01,1.000000000000000000e+00,4.948164456180495843e-03,4.487645691222950290e+02,1.378969954712128798e+00,2.768557895142632064e-01
2.161342198616240040e+01,0.000000000000000000e+00,0.000000000000000000e+00,9.291666666999999791e+01,5.288425926000000388e+00,2.918430489329999844e+01,1.000000000000000000e+00,3.631307962218118402e-03,4.827258136247086782e+02,1.350879298388139693e+00,1.200794459234259537e-01
1.331277187165819953e+01,0.000000000000000000e+00,0.000000000000000000e+00,6.244166666999999649e+01,-4.930555560000000059e-01,3.410538186250000336e+01,1.000000000000000000e+00,3.744688766127054948e-03,5.806793323229542239e+02,1.400921272516025162e+00,2.218030212695564218e-01
2.408688267978460118e+01,0.000000000000000000e+00,0.000000000000000000e+00,3.102499999999999858e+01,7.296759258999999886e+00,2.184437781829999992e+01,1.000000000000000000e+00,2.094312348833432275e-03,2.499298398502469638e+02,1.360453450963232891e+00,1.123556629470736784e-01
3.465011710657010013e+01,7.521526751000000388e+01,8.292719450000000103e-01,6.516666666999999791e+01,-3.981481481999999961e+00,5.046664652670000351e+01,1.000000000000000000e+00,2.298381235633718215e-03,7.340290173892925623e+02,1.238295198006377440e+00,1.409834943108304872e-01
0.000000000000000000e+00,0.000000000000000000e+00,0.000000000000000000e+00,8.756666628000000685e+01,1.020879651000000088e+01,2.140762175920000132e+01,0.000000000000000000e+00,2.920896325255330564e-03,7.790140281459426888e+02,1.242185071633659543e+00,8.236308246755484619e-02
6.270889557254729851e+01,5.450178113999999852e+01,2.064721960000000245e-01,7.750000000000000000e+01,-4.549074073999999968e+00,6.912184935250000706e+01,1.000000000000000000e+00,4.766283376614981020e-03,4.282799162420939183e+02,1.413971493381880995e+00,3.398113576125512403e-02
