Date/Time,EMS:IW North Zone Average Temperature [C](TimeStep),CMU DISTRICTHEATING:District Heating Hot Water Energy [J](Hourly) 
 01/01  01:00:00,22.8836136732519,0.0 
 01/01  02:00:00,22.6792942965992,0.0 
 01/01  03:00:00,22.5476950737985,0.0 
 01/01  04:00:00,22.4106257468463,0.0 
 01/01  05:00:00,22.2547314049205,0.0 
 01/01  06:00:00,22.0887693275455,0.0 
 01/01  07:00:00,21.9106485340476,0.0 
 01/01  08:00:00,21.7213243456483,0.0 
 01/01  09:00:00,21.5247452988508,0.0 
 01/01  10:00:00,21.3161125853191,1043787253.65294 
 01/01  11:00:00,21.2402218223991,746515225.402744 
 01/01  12:00:00,21.5065384834932,463485926.737754 
 01/01  13:00:00,22.8177225703804,0.0 
 01/01  14:00:00,23.9038134099899,0.0 
 01/01  15:00:00,24.2003300909177,0.0 
 01/01  16:00:00,24.3384492970863,0.0 
 01/01  17:00:00,24.436905702705,0.0 
 01/01  18:00:00,24.5602491831675,0.0 
 01/01  19:00:00,24.5171649900355,0.0 
 01/01  20:00:00,24.337649293979,0.0 
 01/01  21:00:00,24.1468673305898,0.0 
 01/01  22:00:00,23.9594240155148,0.0 
 01/01  23:00:00,23.7556057422771,0.0 
 01/01  24:00:00,23.5285197227674,0.0 
 01/02  01:00:00,23.290424140209,0.0 
 01/02  02:00:00,23.030200239021,0.0 
 01/02  03:00:00,22.8063898617992,0.0 
 01/02  04:00:00,22.6380792281071,0.0 
 01/02  05:00:00,22.4656312410547,0.0 
 01/02  06:00:00,22.290216806881,0.0 
 01/02  07:00:00,22.1231031983016,0.0 
 01/02  08:00:00,21.9795761789687,0.0 
 01/02  09:00:00,21.8337806324099,0.0 
 01/02  10:00:00,21.6886326667145,0.0 
 01/02  11:00:00,21.5496078439766,1039708204.02982 
 01/02  12:00:00,21.5208529066968,744146619.227715 
 01/02  13:00:00,21.8352428021525,4293863.01211744 
 01/02  14:00:00,22.2533288959207,0.0 
 01/02  15:00:00,22.504075720745,20774285.7511716 
 01/02  16:00:00,22.6789994518369,64924849.9166109 
 01/02  17:00:00,22.7294549437251,83513373.4342543 
 01/02  18:00:00,22.743608353037,0.0 
 01/02  19:00:00,22.7350400034728,0.0 
 01/02  20:00:00,22.7057027777186,0.0 
 01/02  21:00:00,22.6544175467625,0.0 
 01/02  22:00:00,22.5895536075504,0.0 
 01/02  23:00:00,22.5182770736667,0.0 
 01/02  24:00:00,22.4328543470714,0.0 
 01/03  01:00:00,22.3304449554714,0.0 
 01/03  02:00:00,22.2162891054481,0.0 
 01/03  03:00:00,22.0937060362105,0.0 
 01/03  04:00:00,21.9625542638337,0.0 
 01/03  05:00:00,21.8321239977229,0.0 
 01/03  06:00:00,21.7057568521883,0.0 
 01/03  07:00:00,21.5860800093909,0.0 
 01/03  08:00:00,21.4615194528027,0.0 
 01/03  09:00:00,21.3370036922148,977998871.370009 
 01/03  10:00:00,21.3054625900142,704581000.004468 
 01/03  11:00:00,21.6013567562027,443435353.830022 
 01/03  12:00:00,22.0384394156438,0.0 
 01/03  13:00:00,22.4463498388955,0.0 
 01/03  14:00:00,22.7023902628471,0.0 
 01/03  15:00:00,22.874058835827,0.0 
 01/03  16:00:00,22.9116505191561,0.0 
 01/03  17:00:00,22.9067576168083,0.0 
 01/03  18:00:00,22.8887764015429,0.0 
 01/03  19:00:00,22.8566777569548,0.0 
 01/03  20:00:00,22.8098293861874,0.0 
 01/03  21:00:00,22.7549075471285,0.0 
 01/03  22:00:00,22.6969663831891,0.0 
 01/03  23:00:00,22.6474981727704,0.0 
 01/03  24:00:00,22.5881782654723,0.0 
 01/04  01:00:00,22.5189063776259,0.0 
 01/04  02:00:00,22.4184550307299,0.0 
 01/04  03:00:00,22.2701560693793,0.0 
 01/04  04:00:00,22.064815623608,0.0 
 01/04  05:00:00,21.8894355653629,0.0 
 01/04  06:00:00,21.7582266713421,0.0 
 01/04  07:00:00,21.6204133379816,0.0 
 01/04  08:00:00,21.4286595069318,1004756322.30687 
 01/04  09:00:00,21.2996154445497,692521759.396947 
 01/04  10:00:00,21.5215332118561,441392367.645659 
 01/04  11:00:00,21.8499198345617,0.0 
 01/04  12:00:00,22.1601051329532,0.0 
 01/04  13:00:00,22.5811678305232,41048733.6355608 
 01/04  14:00:00,22.9670228694308,0.0 
 01/04  15:00:00,23.0821415072079,0.0 
 01/04  16:00:00,22.9335070144284,0.0 
 01/04  17:00:00,22.7170421772745,0.0 
 01/04  18:00:00,22.6270628463169,106737141.57367 
 01/04  19:00:00,22.3837839625792,438424266.882848 
 01/04  20:00:00,22.1913751114309,344312607.4778 
 01/04  21:00:00,22.1580698859158,0.0 
 01/04  22:00:00,22.1258335881393,0.0 
 01/04  23:00:00,21.9721923008335,0.0 
 01/04  24:00:00,21.7594734655122,0.0 
 01/05  01:00:00,21.5083187781015,0.0 
 01/05  02:00:00,21.221090600619,0.0 
 01/05  03:00:00,20.9077117322263,0.0 
 01/05  04:00:00,20.5839833431866,0.0 
 01/05  05:00:00,20.2558922474,803104376.737497 
 01/05  06:00:00,20.0572692023812,544967643.262726 
 01/05  07:00:00,20.0213584303094,349721492.721204 
 01/05  08:00:00,20.0366263680933,252139977.518888 
 01/05  09:00:00,20.0525270307133,212887344.903606 
 01/05  10:00:00,20.0736679482752,195854340.36763 
 01/05  11:00:00,20.1419195858696,195356627.28956 
 01/05  12:00:00,20.5979305377415,197799257.714223 
 01/05  13:00:00,21.0285661563145,197218721.852276 
 01/05  14:00:00,21.1913055222277,196812159.552063 
 01/05  15:00:00,21.2774648358629,196399332.769608 
 01/05  16:00:00,21.3661482611453,196216810.29174 
 01/05  17:00:00,21.4362505718862,194775716.217611 
 01/05  18:00:00,21.5105558625118,194959127.709283 
 01/05  19:00:00,21.5603188293211,196233189.630934 
 01/05  20:00:00,21.6030391881299,196697066.804583 
 01/05  21:00:00,21.6359869883904,181986470.773474 
 01/05  22:00:00,21.6687797028204,0.0 
 01/05  23:00:00,21.6518563754995,0.0 
 01/05  24:00:00,21.5932791751338,0.0 
 01/06  01:00:00,21.4480411313826,0.0 
 01/06  02:00:00,21.2319903713186,0.0 
 01/06  03:00:00,20.9706343680832,0.0 
 01/06  04:00:00,20.6802883085174,0.0 
 01/06  05:00:00,20.3540949287358,561620692.689646 
 01/06  06:00:00,20.1033624329493,404001073.644498 
 01/06  07:00:00,19.9559383189982,277577305.724406 
 01/06  08:00:00,19.865906986394,220439670.804058 
 01/06  09:00:00,19.770818421843,205156318.612384 
 01/06  10:00:00,19.70908259447,203598568.150817 
 01/06  11:00:00,19.7982518002211,203819945.543873 
 01/06  12:00:00,19.9377478678752,201890306.746763 
 01/06  13:00:00,20.149341154802,197953585.855952 
 01/06  14:00:00,20.4819679167868,194764289.303885 
 01/06  15:00:00,21.0353539324907,192567067.845929 
 01/06  16:00:00,21.4131913767292,191390173.8941 
 01/06  17:00:00,21.5674258496974,193221985.462061 
 01/06  18:00:00,21.7304204839654,114985625.774546 
 01/06  19:00:00,21.7842633803474,153574850.459475 
 01/06  20:00:00,21.6957577688398,244757606.402191 
 01/06  21:00:00,21.6228376921155,0.0 
 01/06  22:00:00,21.5540350325874,0.0 
 01/06  23:00:00,21.3815187458523,0.0 
 01/06  24:00:00,21.1672215213875,0.0 
 01/07  01:00:00,20.9052948824384,0.0 
 01/07  02:00:00,20.5946057481289,0.0 
 01/07  03:00:00,20.2613018332185,553679870.825493 
 01/07  04:00:00,20.0058852332366,401639519.6613 
 01/07  05:00:00,19.8624785193228,290011362.82066 
 01/07  06:00:00,19.8978173553576,218166605.167655 
 01/07  07:00:00,19.823920572315,182306123.467864 
 01/07  08:00:00,19.7672667438965,173104377.050518 
 01/07  09:00:00,19.761892368854,185387630.867586 
 01/07  10:00:00,19.7620649230052,199147611.763005 
 01/07  11:00:00,19.7714001248068,203094386.424502 
 01/07  12:00:00,19.9757107763189,202675213.10964 
 01/07  13:00:00,20.3407696228164,201397740.068622 
 01/07  14:00:00,20.7559178581346,199523177.597449 
 01/07  15:00:00,21.0433856820094,199043377.749691 
 01/07  16:00:00,21.2240819512954,200467347.213582 
 01/07  17:00:00,21.3333287516679,198252088.18829 
 01/07  18:00:00,21.3826514705435,198388114.730924 
 01/07  19:00:00,21.3960920835995,201334058.136838 
 01/07  20:00:00,21.4008988056432,0.0 
 01/07  21:00:00,21.3443296695728,0.0 
 01/07  22:00:00,21.1426241387793,0.0 
 01/07  23:00:00,20.8785774261515,0.0 
 01/07  24:00:00,20.5807214640531,0.0 
 01/08  01:00:00,20.2570237455284,482008796.754761 
 01/08  02:00:00,20.0060086965664,370185881.622723 
 01/08  03:00:00,19.9271383991667,264553192.299612 
 01/08  04:00:00,19.8054944767897,214794123.705916 
 01/08  05:00:00,19.7960189516452,188217988.454639 
 01/08  06:00:00,19.7073542266163,173801551.683285 
 01/08  07:00:00,19.6787406689881,172292964.18292 
 01/08  08:00:00,19.6565657156022,172414312.564153 
 01/08  09:00:00,19.6312139061643,187128555.502724 
 01/08  10:00:00,19.5857387959645,201159592.91566 
 01/08  11:00:00,19.7821467626733,204556271.263394 
 01/08  12:00:00,20.0339865227988,204049452.239736 
 01/08  13:00:00,20.2941353549618,201661381.654624 
 01/08  14:00:00,20.4985356337698,201530574.33122 
 01/08  15:00:00,20.6497882555353,202909278.575943 
 01/08  16:00:00,20.7915523319737,201429920.481582 
 01/08  17:00:00,20.887289646757,201172977.692936 
 01/08  18:00:00,21.0717653739913,202329700.886806 
 01/08  19:00:00,21.1999216051626,202637318.026423 
 01/08  20:00:00,21.2208724105696,186868006.821719 
 01/08  21:00:00,21.1956706728089,0.0 
 01/08  22:00:00,21.1295658950319,0.0 
 01/08  23:00:00,20.9655653742038,0.0 
 01/08  24:00:00,20.7400666854523,0.0 
 01/09  01:00:00,20.4689468384024,406570578.322366 
 01/09  02:00:00,20.2266652545789,311893332.461123 
 01/09  03:00:00,20.042078415055,241828952.559183 
 01/09  04:00:00,20.0177789680737,195084686.055808 
 01/09  05:00:00,19.8885476133346,170507231.138601 
 01/09  06:00:00,19.7990413918492,167670445.979907 
 01/09  07:00:00,19.7724100363819,169335683.032815 
 01/09  08:00:00,19.7635014909567,181626319.086236 
 01/09  09:00:00,19.7549930128277,193535450.699574 
 01/09  10:00:00,19.7538883681335,197873332.626372 
 01/09  11:00:00,19.762037838887,200773945.229962 
 01/09  12:00:00,19.855311333666,202704715.00314 
 01/09  13:00:00,20.0032810691984,204237523.374273 
 01/09  14:00:00,20.2247282773192,202987934.481019 
 01/09  15:00:00,20.5719650775933,198442783.680619 
 01/09  16:00:00,21.0691363828343,194096338.446565 
 01/09  17:00:00,21.5335107235655,191304954.284512 
 01/09  18:00:00,21.8482644266201,0.0 
 01/09  19:00:00,22.0055949592967,10695244.1408297 
 01/09  20:00:00,21.9443964281098,83216761.4648776 
 01/09  21:00:00,21.8307067383949,0.0 
 01/09  22:00:00,21.6948282858925,0.0 
 01/09  23:00:00,21.5193567852461,0.0 
 01/09  24:00:00,21.3258967761117,0.0 
 01/10  01:00:00,21.1064925077251,0.0 
 01/10  02:00:00,20.8693692991597,0.0 
 01/10  03:00:00,20.6291519622261,0.0 
 01/10  04:00:00,20.3963247747116,677097694.067029 
 01/10  05:00:00,20.288934095797,467527050.713061 
 01/10  06:00:00,20.3057510044503,304860538.518903 
 01/10  07:00:00,20.3565933017449,212843250.011358 
 01/10  08:00:00,20.3757356599321,181522289.103035 
 01/10  09:00:00,20.3978428293719,185884946.955422 
 01/10  10:00:00,20.6284398750783,190882731.095721 
 01/10  11:00:00,20.9281730046854,188996678.913155 
 01/10  12:00:00,21.2448965132234,186983227.982907 
 01/10  13:00:00,21.5657625808572,185864443.569047 
 01/10  14:00:00,21.8652304432743,0.0 
 01/10  15:00:00,22.1154993204938,0.0 
 01/10  16:00:00,22.2485861421038,0.0 
 01/10  17:00:00,22.3352421626735,0.0 
 01/10  18:00:00,22.4217324731679,0.0 
 01/10  19:00:00,22.4148568749716,0.0 
 01/10  20:00:00,22.3957638860139,8851287.87226134 
 01/10  21:00:00,22.3722042062087,27394492.5165287 
 01/10  22:00:00,22.3455762376017,0.0 
 01/10  23:00:00,22.3056999885726,0.0 
 01/10  24:00:00,22.2624608773754,0.0 
 01/11  01:00:00,22.2002195875502,0.0 
 01/11  02:00:00,22.134509516798,0.0 
 01/11  03:00:00,22.0782169273137,0.0 
 01/11  04:00:00,22.0082910180677,0.0 
 01/11  05:00:00,21.9290819782414,0.0 
 01/11  06:00:00,21.8348518584851,0.0 
 01/11  07:00:00,21.721077423428,0.0 
 01/11  08:00:00,21.591103451133,0.0 
 01/11  09:00:00,21.4490582318713,868756392.392472 
 01/11  10:00:00,21.3890994197135,632273544.172381 
 01/11  11:00:00,21.6774794476447,404921822.396967 
 01/11  12:00:00,22.1924877729645,0.0 
 01/11  13:00:00,22.9476113529561,0.0 
 01/11  14:00:00,23.5120722257671,0.0 
 01/11  15:00:00,23.0536140791376,0.0 
 01/11  16:00:00,22.5637001948828,0.0 
 01/11  17:00:00,22.3434430226885,0.0 
 01/11  18:00:00,22.1624293016633,0.0 
 01/11  19:00:00,21.9761209230348,0.0 
 01/11  20:00:00,21.7558600698676,0.0 
 01/11  21:00:00,21.5027331424719,0.0 
 01/11  22:00:00,21.9491491775064,0.0 
 01/11  23:00:00,22.4851192285184,0.0 
 01/11  24:00:00,22.3121613628535,0.0 
 01/12  01:00:00,21.9867945483415,0.0 
 01/12  02:00:00,21.7934014324169,0.0 
 01/12  03:00:00,21.6897999374999,0.0 
 01/12  04:00:00,21.6123780548252,0.0 
 01/12  05:00:00,21.5426478510449,0.0 
 01/12  06:00:00,21.4804791649621,0.0 
 01/12  07:00:00,21.422767710137,0.0 
 01/12  08:00:00,21.3731393135715,0.0 
 01/12  09:00:00,21.3261862948727,0.0 
 01/12  10:00:00,21.2879327056795,0.0 
 01/12  11:00:00,21.2574438410484,0.0 
 01/12  12:00:00,21.2427306985209,0.0 
 01/12  13:00:00,21.2318263088752,0.0 
 01/12  14:00:00,21.2876701247381,0.0 
 01/12  15:00:00,21.3409561997811,0.0 
 01/12  16:00:00,21.3661947489926,0.0 
 01/12  17:00:00,21.3938243473641,0.0 
 01/12  18:00:00,21.3939211738226,0.0 
 01/12  19:00:00,21.3256822951402,0.0 
 01/12  20:00:00,21.1995598455225,0.0 
 01/12  21:00:00,21.0904702056461,0.0 
 01/12  22:00:00,21.0058851806244,0.0 
 01/12  23:00:00,20.8581916597314,0.0 
 01/12  24:00:00,21.2339251180746,0.0 
 01/13  01:00:00,21.5296365354648,0.0 
 01/13  02:00:00,21.6429701776632,0.0 
 01/13  03:00:00,21.6705686336545,0.0 
 01/13  04:00:00,21.6147966707944,0.0 
 01/13  05:00:00,21.5662914504359,0.0 
 01/13  06:00:00,21.4635014261502,0.0 
 01/13  07:00:00,21.3660740656948,0.0 
 01/13  08:00:00,21.2572452427018,0.0 
 01/13  09:00:00,21.0936061716709,834630232.513584 
 01/13  10:00:00,21.0321665699194,612195832.918754 
 01/13  11:00:00,21.3019293397369,396358516.713941 
 01/13  12:00:00,22.0581510705188,0.0 
 01/13  13:00:00,22.837428949174,0.0 
 01/13  14:00:00,23.2838669951255,0.0 
 01/13  15:00:00,23.6224151705801,0.0 
 01/13  16:00:00,23.7664441747312,0.0 
 01/13  17:00:00,23.8297501817991,0.0 
 01/13  18:00:00,23.8193099240112,0.0 
 01/13  19:00:00,23.6469463020593,0.0 
 01/13  20:00:00,23.4015037081924,0.0 
 01/13  21:00:00,23.1775526464138,0.0 
 01/13  22:00:00,22.9493529566293,0.0 
 01/13  23:00:00,22.7057679900283,0.0 
 01/13  24:00:00,22.4420027610582,0.0 
 01/14  01:00:00,22.1692121446908,0.0 
 01/14  02:00:00,21.898808455677,0.0 
 01/14  03:00:00,21.6253676033108,0.0 
 01/14  04:00:00,21.3386238457423,0.0 
 01/14  05:00:00,21.0519627426718,0.0 
 01/14  06:00:00,20.8183897857714,0.0 
 01/14  07:00:00,20.6412383556212,0.0 
 01/14  08:00:00,20.472563293822,0.0 
 01/14  09:00:00,20.3027129753672,1028429758.33198 
 01/14  10:00:00,20.2343446045711,741027233.250928 
 01/14  11:00:00,20.5031034607902,467288968.214871 
 01/14  12:00:00,20.9070391569509,318425718.176306 
 01/14  13:00:00,21.349072357963,247750542.275328 
 01/14  14:00:00,21.7941807712154,0.0 
 01/14  15:00:00,22.2753049674358,0.0 
 01/14  16:00:00,22.5852762240739,0.0 
 01/14  17:00:00,22.6424729395252,33525072.6695774 
 01/14  18:00:00,22.6200673849186,87628879.840339 
 01/14  19:00:00,22.5804884485763,116420146.446754 
 01/14  20:00:00,22.5435596539034,118840295.696291 
 01/14  21:00:00,22.5082762837783,0.0 
 01/14  22:00:00,22.4634982862918,0.0 
 01/14  23:00:00,22.4028029767789,0.0 
 01/14  24:00:00,22.3260627143378,0.0 
 01/15  01:00:00,22.2374564821442,0.0 
 01/15  02:00:00,22.1363933629661,0.0 
 01/15  03:00:00,22.025584082289,0.0 
 01/15  04:00:00,21.8946297364653,0.0 
 01/15  05:00:00,21.7490420304552,0.0 
 01/15  06:00:00,21.5670142100254,0.0 
 01/15  07:00:00,21.3057722364186,0.0 
 01/15  08:00:00,21.0413942533502,0.0 
 01/15  09:00:00,20.7735131054683,0.0 
 01/15  10:00:00,20.5559077219435,924188558.036046 
 01/15  11:00:00,20.6407383400575,637870479.321329 
 01/15  12:00:00,21.1414895895971,407516658.159514 
 01/15  13:00:00,22.3388391665833,0.0 
 01/15  14:00:00,23.2009880153998,0.0 
 01/15  15:00:00,23.3867497175877,0.0 
 01/15  16:00:00,23.4581322860981,0.0 
 01/15  17:00:00,23.4861129547689,0.0 
 01/15  18:00:00,23.4521260588308,0.0 
 01/15  19:00:00,23.3211762789436,0.0 
 01/15  20:00:00,23.1623600106634,0.0 
 01/15  21:00:00,22.9869354141796,0.0 
 01/15  22:00:00,22.778427546336,0.0 
 01/15  23:00:00,22.5439727868569,0.0 
 01/15  24:00:00,22.2845810165977,0.0 
 01/16  01:00:00,22.0031491910822,0.0 
 01/16  02:00:00,21.7489144132985,0.0 
 01/16  03:00:00,21.5386552845677,0.0 
 01/16  04:00:00,21.3747351354606,0.0 
 01/16  05:00:00,21.199793280579,0.0 
 01/16  06:00:00,20.9629572688943,0.0 
 01/16  07:00:00,20.6417158463992,0.0 
 01/16  08:00:00,20.3265256835944,1031950277.45828 
 01/16  09:00:00,20.1949961663378,713881824.881463 
 01/16  10:00:00,20.7510072176674,453160915.647572 
 01/16  11:00:00,21.840360849388,36995113.7529849 
 01/16  12:00:00,22.720124479222,0.0 
 01/16  13:00:00,23.2722521971122,0.0 
 01/16  14:00:00,23.427473344048,0.0 
 01/16  15:00:00,23.533484018442,0.0 
 01/16  16:00:00,23.7651358757555,0.0 
 01/16  17:00:00,23.8747734989309,0.0 
 01/16  18:00:00,23.8582027404415,0.0 
 01/16  19:00:00,23.7323215025256,0.0 
 01/16  20:00:00,23.3773976120877,0.0 
 01/16  21:00:00,23.0166357847292,0.0 
 01/16  22:00:00,22.7236698055805,0.0 
 01/16  23:00:00,22.4544083731113,0.0 
 01/16  24:00:00,22.2043405751805,0.0 
 01/17  01:00:00,21.9820336747195,0.0 
 01/17  02:00:00,21.8245273155674,0.0 
 01/17  03:00:00,21.7055817163378,0.0 
 01/17  04:00:00,21.5882842947603,0.0 
 01/17  05:00:00,21.4705296219875,0.0 
 01/17  06:00:00,21.3460255114897,0.0 
 01/17  07:00:00,21.223801228363,0.0 
 01/17  08:00:00,21.1171023190336,0.0 
 01/17  09:00:00,21.0354037389864,1074221040.25773 
 01/17  10:00:00,21.3455191703525,725154802.837521 
 01/17  11:00:00,22.4492580071042,0.0 
 01/17  12:00:00,22.9110923419975,0.0 
 01/17  13:00:00,22.8835828264925,0.0 
 01/17  14:00:00,22.6725071250956,0.0 
 01/17  15:00:00,22.5764289098974,0.0 
 01/17  16:00:00,22.8967351192013,0.0 
 01/17  17:00:00,23.1552188570405,0.0 
 01/17  18:00:00,23.1873471761422,0.0 
 01/17  19:00:00,23.0637695975382,0.0 
 01/17  20:00:00,22.7576350068995,0.0 
 01/17  21:00:00,22.4001601026712,0.0 
 01/17  22:00:00,22.0854178964386,0.0 
 01/17  23:00:00,21.8677261843801,0.0 
 01/17  24:00:00,21.6782971837061,0.0 
 01/18  01:00:00,21.487195596678,0.0 
 01/18  02:00:00,21.3744259040073,0.0 
 01/18  03:00:00,21.2448983231666,0.0 
 01/18  04:00:00,21.1113094026255,0.0 
 01/18  05:00:00,21.9123268630639,0.0 
 01/18  06:00:00,22.5370734406043,0.0 
 01/18  07:00:00,22.7496114704086,0.0 
 01/18  08:00:00,22.8002545942456,0.0 
 01/18  09:00:00,22.7641954421324,0.0 
 01/18  10:00:00,22.8613816268199,0.0 
 01/18  11:00:00,23.0896104026599,0.0 
 01/18  12:00:00,23.3466706226354,0.0 
 01/18  13:00:00,23.4590060002233,0.0 
 01/18  14:00:00,23.3565517925756,0.0 
 01/18  15:00:00,23.2832265871487,0.0 
 01/18  16:00:00,23.4438128391057,0.0 
 01/18  17:00:00,23.5138337725119,0.0 
 01/18  18:00:00,23.437101679114,0.0 
 01/18  19:00:00,23.2596086151803,0.0 
 01/18  20:00:00,22.8567304305993,0.0 
 01/18  21:00:00,22.446824566184,0.0 
 01/18  22:00:00,22.1088808666422,0.0 
 01/18  23:00:00,21.8525841276241,0.0 
 01/18  24:00:00,21.6275910381218,0.0 
 01/19  01:00:00,21.3298300400679,0.0 
 01/19  02:00:00,21.0820300238215,0.0 
 01/19  03:00:00,20.8935668080004,0.0 
 01/19  04:00:00,20.7589447652639,0.0 
 01/19  05:00:00,20.6233161443808,0.0 
 01/19  06:00:00,20.4798507083379,0.0 
 01/19  07:00:00,20.3428121070336,1134533674.71718 
 01/19  08:00:00,20.3124661115614,801361911.026125 
 01/19  09:00:00,20.6616917665659,493873952.865017 
 01/19  10:00:00,21.5308107851655,324163104.098808 
 01/19  11:00:00,22.7717538806426,0.0 
 01/19  12:00:00,23.6313405498984,0.0 
 01/19  13:00:00,24.047682500612,0.0 
 01/19  14:00:00,24.1139500138243,0.0 
 01/19  15:00:00,24.2399793392655,0.0 
 01/19  16:00:00,24.5812422398913,0.0 
 01/19  17:00:00,24.9015893945066,0.0 
 01/19  18:00:00,24.9556132440786,0.0 
 01/19  19:00:00,24.8327407767468,0.0 
 01/19  20:00:00,24.4767364804392,0.0 
 01/19  21:00:00,24.0666285599831,0.0 
 01/19  22:00:00,23.7078728575474,0.0 
 01/19  23:00:00,23.3673314572251,0.0 
 01/19  24:00:00,23.0023368812121,0.0 
 01/20  01:00:00,22.6745578611585,0.0 
 01/20  02:00:00,22.43340564861,0.0 
 01/20  03:00:00,22.235619297347,0.0 
 01/20  04:00:00,22.0872788138584,0.0 
 01/20  05:00:00,21.9345492708348,0.0 
 01/20  06:00:00,21.7867451571253,0.0 
 01/20  07:00:00,21.6345037150247,0.0 
 01/20  08:00:00,21.4846532179891,0.0 
 01/20  09:00:00,21.3585668124721,1072943757.3872 
 01/20  10:00:00,21.5521727408927,734131558.307537 
 01/20  11:00:00,22.4420610115203,13413341.0746707 
 01/20  12:00:00,23.5951003086365,0.0 
 01/20  13:00:00,24.1487581071908,0.0 
 01/20  14:00:00,24.3029798460292,0.0 
 01/20  15:00:00,24.4714342622373,0.0 
 01/20  16:00:00,24.4526644384653,0.0 
 01/20  17:00:00,24.330775193001,0.0 
 01/20  18:00:00,24.1371167311665,0.0 
 01/20  19:00:00,23.8759049622963,0.0 
 01/20  20:00:00,23.4125210609172,0.0 
 01/20  21:00:00,22.979192187073,0.0 
 01/20  22:00:00,22.6559643776397,0.0 
 01/20  23:00:00,22.4371155928687,0.0 
 01/20  24:00:00,22.2364638969092,0.0 
 01/21  01:00:00,21.9780472759203,0.0 
 01/21  02:00:00,21.7923184717984,0.0 
 01/21  03:00:00,21.6458669248791,0.0 
 01/21  04:00:00,21.8991874749378,0.0 
 01/21  05:00:00,22.073278821265,0.0 
 01/21  06:00:00,22.0875857243509,0.0 
 01/21  07:00:00,22.058216566674,0.0 
 01/21  08:00:00,22.0246066822434,0.0 
 01/21  09:00:00,21.97533576561,0.0 
 01/21  10:00:00,21.9198929623353,0.0 
 01/21  11:00:00,21.9233283501557,0.0 
 01/21  12:00:00,21.6604042246939,0.0 
 01/21  13:00:00,21.5618350808616,0.0 
 01/21  14:00:00,21.6562800686585,0.0 
 01/21  15:00:00,21.7693907975708,0.0 
 01/21  16:00:00,21.8684880898681,0.0 
 01/21  17:00:00,21.9390320184596,0.0 
 01/21  18:00:00,22.0006258360331,0.0 
 01/21  19:00:00,22.0118972325727,0.0 
 01/21  20:00:00,21.9685262405467,0.0 
 01/21  21:00:00,21.8802476824171,0.0 
 01/21  22:00:00,21.7740974821563,0.0 
 01/21  23:00:00,21.6378470348541,0.0 
 01/21  24:00:00,21.4932516976626,0.0 
 01/22  01:00:00,21.3785512792503,0.0 
 01/22  02:00:00,21.2905937169451,0.0 
 01/22  03:00:00,21.1884912705102,0.0 
 01/22  04:00:00,21.0780500335369,0.0 
 01/22  05:00:00,20.9589595238654,0.0 
 01/22  06:00:00,20.8301960911457,0.0 
 01/22  07:00:00,20.7053694956505,0.0 
 01/22  08:00:00,20.5817696874361,0.0 
 01/22  09:00:00,20.6764753196746,14187079.9089632 
 01/22  10:00:00,20.695665048564,953304970.743193 
 01/22  11:00:00,20.9345449570144,659556013.926842 
 01/22  12:00:00,21.5862198699438,0.0 
 01/22  13:00:00,21.5806026838095,0.0 
 01/22  14:00:00,21.3884696014764,0.0 
 01/22  15:00:00,21.2996107269156,0.0 
 01/22  16:00:00,21.2663683969458,0.0 
 01/22  17:00:00,21.2570808319122,0.0 
 01/22  18:00:00,21.2929049656083,0.0 
 01/22  19:00:00,21.2567194708596,0.0 
 01/22  20:00:00,21.1880653469632,0.0 
 01/22  21:00:00,21.1206197743194,0.0 
 01/22  22:00:00,21.0645574762321,0.0 
 01/22  23:00:00,20.9934290887801,0.0 
 01/22  24:00:00,20.8690292381199,0.0 
 01/23  01:00:00,20.6855772393501,0.0 
 01/23  02:00:00,20.5129605636661,0.0 
 01/23  03:00:00,20.345611760926,0.0 
 01/23  04:00:00,20.1847635651827,0.0 
 01/23  05:00:00,20.076753013793,0.0 
 01/23  06:00:00,20.0054371610491,0.0 
 01/23  07:00:00,19.9287933967516,0.0 
 01/23  08:00:00,19.849617086346,0.0 
 01/23  09:00:00,19.7864076814344,430502144.454753 
 01/23  10:00:00,21.1873573807768,300093040.254022 
 01/23  11:00:00,23.1374532219528,0.0 
 01/23  12:00:00,24.1820440191662,0.0 
 01/23  13:00:00,24.5512646738744,0.0 
 01/23  14:00:00,24.5427178738145,0.0 
 01/23  15:00:00,24.4738226854637,0.0 
 01/23  16:00:00,24.6658924879446,0.0 
 01/23  17:00:00,24.7282038794066,0.0 
 01/23  18:00:00,24.6474562678213,0.0 
 01/23  19:00:00,24.442862645645,0.0 
 01/23  20:00:00,23.9680753599178,0.0 
 01/23  21:00:00,23.3755411654878,0.0 
 01/23  22:00:00,22.9689700402508,0.0 
 01/23  23:00:00,22.644261374238,0.0 
 01/23  24:00:00,22.3259866747333,0.0 
 01/24  01:00:00,22.0394611535698,0.0 
 01/24  02:00:00,21.8458124399755,0.0 
 01/24  03:00:00,21.7021442577547,0.0 
 01/24  04:00:00,21.5596738493446,0.0 
 01/24  05:00:00,21.4127625193887,0.0 
 01/24  06:00:00,21.264086844414,0.0 
 01/24  07:00:00,21.1133200215539,0.0 
 01/24  08:00:00,20.9662231494046,0.0 
 01/24  09:00:00,20.8306768507495,1056594364.52504 
 01/24  10:00:00,21.016053368873,720423960.451096 
 01/24  11:00:00,21.9105220945243,67116257.6739019 
 01/24  12:00:00,22.9029894575963,0.0 
 01/24  13:00:00,23.3674859687263,0.0 
 01/24  14:00:00,23.4410467525808,0.0 
 01/24  15:00:00,23.4986906409261,0.0 
 01/24  16:00:00,23.6902184857622,0.0 
 01/24  17:00:00,23.7686843038007,0.0 
 01/24  18:00:00,23.7221788760915,0.0 
 01/24  19:00:00,23.581522351632,0.0 
 01/24  20:00:00,23.2215964381416,0.0 
 01/24  21:00:00,22.8513429055903,0.0 
 01/24  22:00:00,22.5510085495121,0.0 
 01/24  23:00:00,22.3132929418882,0.0 
 01/24  24:00:00,22.1106814962874,0.0 
 01/25  01:00:00,21.8464339206317,0.0 
 01/25  02:00:00,21.6670564715853,0.0 
 01/25  03:00:00,21.5326817630072,0.0 
 01/25  04:00:00,21.3966844590718,0.0 
 01/25  05:00:00,21.2555106697294,0.0 
 01/25  06:00:00,21.1121600592679,0.0 
 01/25  07:00:00,20.9630899980692,0.0 
 01/25  08:00:00,20.8132168096915,0.0 
 01/25  09:00:00,20.6739896734941,1116604002.08479 
 01/25  10:00:00,20.8454018281115,753386792.496933 
 01/25  11:00:00,21.7469213595157,59826267.5150621 
 01/25  12:00:00,22.8905715365337,0.0 
 01/25  13:00:00,23.5990828099285,0.0 
 01/25  14:00:00,23.9606317721038,0.0 
 01/25  15:00:00,24.362976623836,0.0 
 01/25  16:00:00,24.4265442331942,0.0 
 01/25  17:00:00,24.2792512430429,0.0 
 01/25  18:00:00,23.9623276668405,0.0 
 01/25  19:00:00,23.5491766647339,0.0 
 01/25  20:00:00,22.9525057860589,0.0 
 01/25  21:00:00,22.4961377594756,0.0 
 01/25  22:00:00,22.1546589010001,0.0 
 01/25  23:00:00,21.837000348993,0.0 
 01/25  24:00:00,21.5180381768665,0.0 
 01/26  01:00:00,21.251010753415,0.0 
 01/26  02:00:00,21.1086047557588,0.0 
 01/26  03:00:00,21.0091254578337,0.0 
 01/26  04:00:00,21.3607163716282,0.0 
 01/26  05:00:00,21.6515413873262,0.0 
 01/26  06:00:00,21.7307367817548,0.0 
 01/26  07:00:00,21.7469720233789,0.0 
 01/26  08:00:00,21.7123920431967,0.0 
 01/26  09:00:00,21.6276046382411,808481385.063693 
 01/26  10:00:00,21.7753769988346,201716791.205457 
 01/26  11:00:00,22.3991194727075,140970312.378102 
 01/26  12:00:00,23.0377887713712,0.0 
 01/26  13:00:00,23.3952009294619,0.0 
 01/26  14:00:00,23.3787148620377,0.0 
 01/26  15:00:00,23.316396462676,0.0 
 01/26  16:00:00,23.5153921784138,0.0 
 01/26  17:00:00,23.5976096406309,0.0 
 01/26  18:00:00,23.5444929967628,0.0 
 01/26  19:00:00,23.3580203825168,0.0 
 01/26  20:00:00,22.9414874496967,0.0 
 01/26  21:00:00,22.4285334168888,0.0 
 01/26  22:00:00,22.0621019213957,0.0 
 01/26  23:00:00,21.7483595251154,0.0 
 01/26  24:00:00,21.40112907222,0.0 
 01/27  01:00:00,21.0755906964481,0.0 
 01/27  02:00:00,20.8091504676024,0.0 
 01/27  03:00:00,20.5413143195964,0.0 
 01/27  04:00:00,20.3214235398487,0.0 
 01/27  05:00:00,20.1537834984331,1046437709.82277 
 01/27  06:00:00,20.0803727080805,736718935.900615 
 01/27  07:00:00,20.324456699498,443926074.524165 
 01/27  08:00:00,20.6986080088792,297432745.075714 
 01/27  09:00:00,21.0907063469185,235979349.648873 
 01/27  10:00:00,21.6549732281029,206628293.398077 
 01/27  11:00:00,22.4598347621234,0.0 
 01/27  12:00:00,23.1920427079992,0.0 
 01/27  13:00:00,23.5341698944587,0.0 
 01/27  14:00:00,23.5023140085496,0.0 
 01/27  15:00:00,23.5743900419948,0.0 
 01/27  16:00:00,23.7823363139212,0.0 
 01/27  17:00:00,23.8106793770317,0.0 
 01/27  18:00:00,23.7260170507638,0.0 
 01/27  19:00:00,23.5289778145569,0.0 
 01/27  20:00:00,23.1073542944244,0.0 
 01/27  21:00:00,22.5768235411124,0.0 
 01/27  22:00:00,22.1947614307173,0.0 
 01/27  23:00:00,21.8783786960363,0.0 
 01/27  24:00:00,21.539979687189,0.0 
 01/28  01:00:00,21.2156365907654,0.0 
 01/28  02:00:00,20.9321772927845,0.0 
 01/28  03:00:00,20.6477503058853,0.0 
 01/28  04:00:00,20.3679237838412,0.0 
 01/28  05:00:00,20.1450830763473,937251010.193509 
 01/28  06:00:00,20.0722887738787,668799546.226722 
 01/28  07:00:00,20.2931753980855,413386488.961649 
 01/28  08:00:00,20.6131827372068,0.0 
 01/28  09:00:00,20.8848337496302,0.0 
 01/28  10:00:00,20.9007023977829,357218920.866028 
 01/28  11:00:00,20.8870868255266,303155099.215448 
 01/28  12:00:00,20.9191602254049,250805564.696683 
 01/28  13:00:00,21.1471589740988,221194128.871036 
 01/28  14:00:00,21.5184640325865,204354561.572271 
 01/28  15:00:00,22.0418421443163,0.0 
 01/28  16:00:00,22.4170074865183,0.0 
 01/28  17:00:00,22.5096705630543,16187707.7885154 
 01/28  18:00:00,22.5242662304096,75422223.4962698 
 01/28  19:00:00,22.4852066512554,114450566.691226 
 01/28  20:00:00,22.4321799316871,118851907.968389 
 01/28  21:00:00,22.3296526426464,0.0 
 01/28  22:00:00,22.2379927719066,0.0 
 01/28  23:00:00,22.1321604664264,0.0 
 01/28  24:00:00,22.0035889834582,0.0 
 01/29  01:00:00,21.8643347767584,0.0 
 01/29  02:00:00,21.6256950920691,0.0 
 01/29  03:00:00,21.3682917053321,0.0 
 01/29  04:00:00,21.1045719268874,0.0 
 01/29  05:00:00,20.8438012547686,0.0 
 01/29  06:00:00,20.587438987281,0.0 
 01/29  07:00:00,20.3298593185663,827441940.413914 
 01/29  08:00:00,20.2028266359929,557163929.720322 
 01/29  09:00:00,20.2304852799494,364184814.36557 
 01/29  10:00:00,20.2907803831428,262325862.696499 
 01/29  11:00:00,20.3710375194928,220664848.688181 
 01/29  12:00:00,20.7446673405037,204848674.736185 
 01/29  13:00:00,21.2671959733045,195550876.878913 
 01/29  14:00:00,21.7556471616151,0.0 
 01/29  15:00:00,22.261593472748,0.0 
 01/29  16:00:00,22.4730379972786,11837975.136959 
 01/29  17:00:00,22.4949796060765,78173693.9385976 
 01/29  18:00:00,22.4534502132437,120161140.523284 
 01/29  19:00:00,22.395037137144,129160895.664587 
 01/29  20:00:00,22.2745930786664,123527721.425051 
 01/29  21:00:00,22.1839074325806,0.0 
 01/29  22:00:00,22.0802041766674,0.0 
 01/29  23:00:00,21.9582615488239,0.0 
 01/29  24:00:00,21.8234591638091,0.0 
 01/30  01:00:00,21.6759023998168,0.0 
 01/30  02:00:00,21.5452041785285,0.0 
 01/30  03:00:00,21.3982585964734,0.0 
 01/30  04:00:00,21.2400114588133,0.0 
 01/30  05:00:00,21.0670503471801,0.0 
 01/30  06:00:00,20.8812496510898,0.0 
 01/30  07:00:00,20.6910874168073,0.0 
 01/30  08:00:00,20.4966960243274,0.0 
 01/30  09:00:00,20.317100488539,838171152.120919 
 01/30  10:00:00,20.4161533092741,590258601.872242 
 01/30  11:00:00,21.0209487088034,388595329.478242 
 01/30  12:00:00,21.8447892154156,68673670.4045663 
 01/30  13:00:00,22.3997253144819,70077827.0547378 
 01/30  14:00:00,22.6131190049316,98724648.8399175 
 01/30  15:00:00,22.9490211077423,0.0 
 01/30  16:00:00,23.3623617208393,0.0 
 01/30  17:00:00,23.5495910896514,0.0 
 01/30  18:00:00,23.5326378947409,0.0 
 01/30  19:00:00,23.2464758851377,0.0 
 01/30  20:00:00,22.7278565982716,0.0 
 01/30  21:00:00,22.1978986266967,0.0 
 01/30  22:00:00,21.798983293068,0.0 
 01/30  23:00:00,21.4487308486283,0.0 
 01/30  24:00:00,21.0622577386511,0.0 
 01/31  01:00:00,20.7051819385998,0.0 
 01/31  02:00:00,20.4279664299707,862092493.607168 
 01/31  03:00:00,20.2798679308828,578542189.872528 
 01/31  04:00:00,20.3053791215667,364614566.101173 
 01/31  05:00:00,20.3783702666995,244616282.605651 
 01/31  06:00:00,20.4604218063547,188842031.075634 
 01/31  07:00:00,20.5450601503924,167558337.894548 
 01/31  08:00:00,20.6601627978193,0.0 
 01/31  09:00:00,20.7849169142187,237370028.211978 
 01/31  10:00:00,21.2558073559953,235590203.108369 
 01/31  11:00:00,22.1154623680951,0.0 
 01/31  12:00:00,22.9303689959576,0.0 
 01/31  13:00:00,23.455615229759,0.0 
 01/31  14:00:00,23.5463749769648,0.0 
 01/31  15:00:00,23.5450880348237,0.0 
 01/31  16:00:00,23.6995160905068,0.0 
 01/31  17:00:00,23.744941149318,0.0 
 01/31  18:00:00,23.6959717358343,0.0 
 01/31  19:00:00,23.5711294363071,0.0 
 01/31  20:00:00,23.2213023004417,0.0 
 01/31  21:00:00,22.7768774618847,0.0 
 01/31  22:00:00,22.4666803189611,0.0 
 01/31  23:00:00,22.2004601439779,0.0 
 01/31  24:00:00,21.9245911575811,0.0 
 02/01  01:00:00,21.6627876600724,0.0 
 02/01  02:00:00,21.4827640362198,0.0 
 02/01  03:00:00,21.3261637814222,0.0 
 02/01  04:00:00,21.1044165614784,0.0 
 02/01  05:00:00,20.8752244135444,0.0 
 02/01  06:00:00,20.6102512414659,0.0 
 02/01  07:00:00,20.3477814620977,1032317042.56991 
 02/01  08:00:00,20.2619858881189,703405201.379926 
 02/01  09:00:00,20.5701199038735,446467633.954712 
 02/01  10:00:00,21.2781064368552,301942794.719312 
 02/01  11:00:00,22.1976445629571,0.0 
 02/01  12:00:00,22.8392478981466,0.0 
 02/01  13:00:00,23.2091522918253,0.0 
 02/01  14:00:00,23.2972657450141,0.0 
 02/01  15:00:00,23.3881613771785,0.0 
 02/01  16:00:00,23.5602390149212,0.0 
 02/01  17:00:00,23.6198081566479,0.0 
 02/01  18:00:00,23.6031919054622,0.0 
 02/01  19:00:00,23.52668025196,0.0 
 02/01  20:00:00,23.1701218962884,0.0 
 02/01  21:00:00,22.7116769792592,0.0 
 02/01  22:00:00,22.378575937818,0.0 
 02/01  23:00:00,22.0840134333587,0.0 
 02/01  24:00:00,21.7741708817567,0.0 
 02/02  01:00:00,21.4881653905895,0.0 
 02/02  02:00:00,21.2640175905202,0.0 
 02/02  03:00:00,21.0672308300282,0.0 
 02/02  04:00:00,20.8917923453603,0.0 
 02/02  05:00:00,20.6797323954128,0.0 
 02/02  06:00:00,20.5110748839628,0.0 
 02/02  07:00:00,20.3430237938231,0.0 
 02/02  08:00:00,20.1653159939582,994947524.14644 
 02/02  09:00:00,20.0929205108409,719385105.418244 
 02/02  10:00:00,20.6062033446364,447970252.16711 
 02/02  11:00:00,21.7032447826019,2083504.34138609 
 02/02  12:00:00,22.5703852211892,33559128.9201024 
 02/02  13:00:00,23.2457545786627,0.0 
 02/02  14:00:00,23.3474061896534,0.0 
 02/02  15:00:00,23.3556988107936,0.0 
 02/02  16:00:00,23.8397512374477,0.0 
 02/02  17:00:00,24.1496355374975,0.0 
 02/02  18:00:00,24.1912162869098,0.0 
 02/02  19:00:00,24.0490713514969,0.0 
 02/02  20:00:00,23.499275171835,0.0 
 02/02  21:00:00,22.94708477979,0.0 
 02/02  22:00:00,22.5513091374213,0.0 
 02/02  23:00:00,22.1995627125849,0.0 
 02/02  24:00:00,21.8110453961864,0.0 
 02/03  01:00:00,21.4286189229512,0.0 
 02/03  02:00:00,21.1086607899923,0.0 
 02/03  03:00:00,20.7947327281741,0.0 
 02/03  04:00:00,20.4813310546753,986731795.244877 
 02/03  05:00:00,20.3171529054704,669033354.324441 
 02/03  06:00:00,20.5094584912334,0.0 
 02/03  07:00:00,20.7356310480428,0.0 
 02/03  08:00:00,20.7192150827092,0.0 
 02/03  09:00:00,20.646542207035,527937184.118228 
 02/03  10:00:00,20.8636478032329,408853629.214967 
 02/03  11:00:00,21.5047594101717,299335351.605634 
 02/03  12:00:00,22.3907050483792,51877355.2391098 
 02/03  13:00:00,23.2506599145995,0.0 
 02/03  14:00:00,23.5532056526676,0.0 
 02/03  15:00:00,23.6313833394526,0.0 
 02/03  16:00:00,23.7951393454987,0.0 
 02/03  17:00:00,23.8433656717062,0.0 
 02/03  18:00:00,23.7513732189167,0.0 
 02/03  19:00:00,23.5615021286944,0.0 
 02/03  20:00:00,23.0711963696929,0.0 
 02/03  21:00:00,22.4618058487067,0.0 
 02/03  22:00:00,22.0191697023921,0.0 
 02/03  23:00:00,21.6342569806984,0.0 
 02/03  24:00:00,21.2237370874691,0.0 
 02/04  01:00:00,20.8267864265806,0.0 
 02/04  02:00:00,20.4610230893442,904750919.349691 
 02/04  03:00:00,20.2349633608324,604993649.529435 
 02/04  04:00:00,20.2104285273317,391812543.950333 
 02/04  05:00:00,20.3780931964524,269960242.557292 
 02/04  06:00:00,20.5794563480556,201163809.763352 
 02/04  07:00:00,20.6126746820889,0.0 
 02/04  08:00:00,20.5754091792375,0.0 
 02/04  09:00:00,20.4973612727838,0.0 
 02/04  10:00:00,20.3899620651572,345833771.529945 
 02/04  11:00:00,20.5438524236459,299343702.213629 
 02/04  12:00:00,21.1420067185046,245435581.486417 
 02/04  13:00:00,21.8482396192964,1323103.73756268 
 02/04  14:00:00,22.318301875217,12821879.2453221 
 02/04  15:00:00,22.5313178858045,41183678.6160306 
 02/04  16:00:00,22.6789303179223,84462074.2731535 
 02/04  17:00:00,22.7844838475317,0.0 
 02/04  18:00:00,22.8626278850314,0.0 
 02/04  19:00:00,22.8687305089147,0.0 
 02/04  20:00:00,22.7224459576242,0.0 
 02/04  21:00:00,22.5236879186712,0.0 
 02/04  22:00:00,22.3165578592824,0.0 
 02/04  23:00:00,22.0862149380625,0.0 
 02/04  24:00:00,21.8379427011198,0.0 
 02/05  01:00:00,21.5724868447705,0.0 
 02/05  02:00:00,21.2884118809618,0.0 
 02/05  03:00:00,20.9785804955814,0.0 
 02/05  04:00:00,20.6746980074959,0.0 
 02/05  05:00:00,20.399137105568,0.0 
 02/05  06:00:00,20.1853444947473,869684403.700074 
 02/05  07:00:00,20.1185551917238,624252800.79863 
 02/05  08:00:00,20.3503524426555,389578941.540893 
 02/05  09:00:00,20.7030214290919,270036076.858113 
 02/05  10:00:00,21.0844667883582,218413293.761603 
 02/05  11:00:00,21.4481180165879,196905491.589667 
 02/05  12:00:00,21.7882488782014,0.0 
 02/05  13:00:00,22.0879082619764,0.0 
 02/05  14:00:00,22.2561902319664,0.0 
 02/05  15:00:00,22.6528161148008,0.0 
 02/05  16:00:00,22.9845726463519,0.0 
 02/05  17:00:00,23.1033311447641,0.0 
 02/05  18:00:00,23.1330962770779,0.0 
 02/05  19:00:00,23.0810059589472,0.0 
 02/05  20:00:00,23.0105751132699,0.0 
 02/05  21:00:00,22.9305328626883,0.0 
 02/05  22:00:00,22.8385727717285,0.0 
 02/05  23:00:00,22.732179771793,0.0 
 02/05  24:00:00,22.6088856726316,0.0 
 02/06  01:00:00,22.4461870462999,0.0 
 02/06  02:00:00,22.2264823704214,0.0 
 02/06  03:00:00,22.026631356294,0.0 
 02/06  04:00:00,21.8748863593238,0.0 
 02/06  05:00:00,21.6782397597786,0.0 
 02/06  06:00:00,21.4453164793925,0.0 
 02/06  07:00:00,21.2645575890453,0.0 
 02/06  08:00:00,21.0786932944091,0.0 
 02/06  09:00:00,20.9022226606136,1003486575.58396 
 02/06  10:00:00,21.035458722747,684815561.968608 
 02/06  11:00:00,21.984845050257,39539828.613425 
 02/06  12:00:00,23.7909312111,0.0 
 02/06  13:00:00,24.8033398440158,0.0 
 02/06  14:00:00,24.9583624289787,0.0 
 02/06  15:00:00,25.1359893093395,0.0 
 02/06  16:00:00,25.6807577962524,0.0 
 02/06  17:00:00,25.7532406246732,0.0 
 02/06  18:00:00,25.5238141654383,0.0 
 02/06  19:00:00,25.2564510227333,0.0 
 02/06  20:00:00,24.6524498071706,0.0 
 02/06  21:00:00,24.0811168705118,0.0 
 02/06  22:00:00,23.6800623862249,0.0 
 02/06  23:00:00,23.7836041244244,0.0 
 02/06  24:00:00,23.8687812494538,0.0 
 02/07  01:00:00,23.8701486454242,0.0 
 02/07  02:00:00,23.8409374258832,0.0 
 02/07  03:00:00,23.7630532454587,0.0 
 02/07  04:00:00,23.6598521203382,0.0 
 02/07  05:00:00,23.5779111133469,0.0 
 02/07  06:00:00,23.5016024421237,0.0 
 02/07  07:00:00,23.4396021302631,0.0 
 02/07  08:00:00,23.1795019357681,0.0 
 02/07  09:00:00,22.8850437490082,0.0 
 02/07  10:00:00,22.7440632126285,0.0 
 02/07  11:00:00,22.8007924532127,0.0 
 02/07  12:00:00,22.9344580495493,0.0 
 02/07  13:00:00,23.0378465529197,0.0 
 02/07  14:00:00,22.9404283718565,0.0 
 02/07  15:00:00,22.9592636595507,0.0 
 02/07  16:00:00,23.3127572700315,0.0 
 02/07  17:00:00,23.6256617883712,0.0 
 02/07  18:00:00,23.7007503688107,0.0 
 02/07  19:00:00,23.64152935663,0.0 
 02/07  20:00:00,23.361562428694,0.0 
 02/07  21:00:00,23.0225121987576,0.0 
 02/07  22:00:00,22.7781082918145,0.0 
 02/07  23:00:00,22.6295917294668,0.0 
 02/07  24:00:00,22.4410335046285,0.0 
 02/08  01:00:00,22.1807685766076,0.0 
 02/08  02:00:00,22.0241886124768,0.0 
 02/08  03:00:00,21.9251967435603,0.0 
 02/08  04:00:00,21.8343390785638,0.0 
 02/08  05:00:00,21.7365786253085,0.0 
 02/08  06:00:00,21.5747905173814,0.0 
 02/08  07:00:00,21.3606285465709,0.0 
 02/08  08:00:00,21.1948761807733,0.0 
 02/08  09:00:00,21.0478118367487,0.0 
 02/08  10:00:00,21.3393782203414,119072019.605924 
 02/08  11:00:00,21.769795146096,458416044.721407 
 02/08  12:00:00,22.1849630145149,0.0 
 02/08  13:00:00,22.5926383362896,0.0 
 02/08  14:00:00,22.6302557103432,0.0 
 02/08  15:00:00,22.6268104792049,0.0 
 02/08  16:00:00,22.8505324773283,0.0 
 02/08  17:00:00,22.9934433519399,0.0 
 02/08  18:00:00,22.9507054728937,0.0 
 02/08  19:00:00,22.8063807024992,0.0 
 02/08  20:00:00,22.3881214738344,0.0 
 02/08  21:00:00,21.8341843926382,0.0 
 02/08  22:00:00,21.4103411293123,0.0 
 02/08  23:00:00,21.0518929511256,0.0 
 02/08  24:00:00,20.6535848611565,0.0 
 02/09  01:00:00,20.2704021899203,0.0 
 02/09  02:00:00,19.9691438378484,0.0 
 02/09  03:00:00,19.6814553397841,1144408034.53695 
 02/09  04:00:00,19.5498315231969,764303394.832863 
 02/09  05:00:00,19.8192058690734,0.0 
 02/09  06:00:00,20.1341097750161,0.0 
 02/09  07:00:00,20.2522158383974,0.0 
 02/09  08:00:00,20.2104252158879,554756706.421396 
 02/09  09:00:00,20.264913449688,429078576.748689 
 02/09  10:00:00,20.6917381936234,314869181.410774 
 02/09  11:00:00,21.4231891982962,58910046.6125034 
 02/09  12:00:00,21.9864760152692,87037725.6858943 
 02/09  13:00:00,22.3241308804283,0.0 
 02/09  14:00:00,22.3480351014906,0.0 
 02/09  15:00:00,22.3248876383072,0.0 
 02/09  16:00:00,22.4545421647629,0.0 
 02/09  17:00:00,22.4725082699224,0.0 
 02/09  18:00:00,22.317769754871,0.0 
 02/09  19:00:00,22.0460533641619,0.0 
 02/09  20:00:00,21.5285434755837,278033338.260838 
 02/09  21:00:00,20.9055433461028,0.0 
 02/09  22:00:00,20.6002501327756,0.0 
 02/09  23:00:00,20.2839343150601,0.0 
 02/09  24:00:00,19.9256250991511,0.0 
 02/10  01:00:00,19.5813551309555,820491874.096969 
 02/10  02:00:00,19.4363668183157,557165740.559666 
 02/10  03:00:00,19.4648993995767,356433029.713206 
 02/10  04:00:00,19.5304982419299,244804874.96187 
 02/10  05:00:00,19.5951248079084,192907477.860148 
 02/10  06:00:00,19.650110171697,172345313.070159 
 02/10  07:00:00,19.7225046021097,170034046.358113 
 02/10  08:00:00,19.9289295642813,182516740.757833 
 02/10  09:00:00,20.0943018638935,193140082.418312 
 02/10  10:00:00,20.4892992902592,194394052.536269 
 02/10  11:00:00,21.3398765538914,53582216.9211103 
 02/10  12:00:00,22.5317618640583,0.0 
 02/10  13:00:00,23.3554547904027,0.0 
 02/10  14:00:00,23.3060349863812,0.0 
 02/10  15:00:00,23.2104773229776,0.0 
 02/10  16:00:00,23.3593181666003,0.0 
 02/10  17:00:00,23.3910271729586,0.0 
 02/10  18:00:00,23.2115518613073,0.0 
 02/10  19:00:00,23.0043550320418,0.0 
 02/10  20:00:00,22.5447038916104,0.0 
 02/10  21:00:00,21.9997169364297,0.0 
 02/10  22:00:00,21.6146679043534,0.0 
 02/10  23:00:00,21.3032313823386,0.0 
 02/10  24:00:00,21.0257924977707,0.0 
 02/11  01:00:00,20.7899187158083,0.0 
 02/11  02:00:00,20.6205759573352,0.0 
 02/11  03:00:00,20.5116940739651,0.0 
 02/11  04:00:00,20.3996487457771,0.0 
 02/11  05:00:00,20.2938938128717,947636700.901715 
 02/11  06:00:00,20.2777887988273,672114701.655703 
 02/11  07:00:00,20.6003250331672,0.0 
 02/11  08:00:00,21.0068435357182,0.0 
 02/11  09:00:00,21.2363037695836,0.0 
 02/11  10:00:00,21.2860961527462,516102551.284137 
 02/11  11:00:00,21.4919317117026,397283250.280971 
 02/11  12:00:00,21.9809990358658,0.0 
 02/11  13:00:00,22.981101603224,0.0 
 02/11  14:00:00,22.8170504140179,0.0 
 02/11  15:00:00,22.1543893072561,0.0 
 02/11  16:00:00,21.7876112795035,0.0 
 02/11  17:00:00,21.6464236271603,0.0 
 02/11  18:00:00,21.5794424560119,0.0 
 02/11  19:00:00,21.4891755435343,0.0 
 02/11  20:00:00,21.2458140911214,0.0 
 02/11  21:00:00,21.0282187526404,0.0 
 02/11  22:00:00,20.8701712199746,0.0 
 02/11  23:00:00,20.6816725130972,0.0 
 02/11  24:00:00,20.4752496009959,323804783.113965 
 02/12  01:00:00,21.2194893711392,0.0 
 02/12  02:00:00,22.2189018237954,0.0 
 02/12  03:00:00,22.6535028120489,0.0 
 02/12  04:00:00,22.7440800210053,0.0 
 02/12  05:00:00,22.7509528609055,0.0 
 02/12  06:00:00,22.7394697756148,0.0 
 02/12  07:00:00,22.7216743621568,0.0 
 02/12  08:00:00,22.6963751076818,0.0 
 02/12  09:00:00,22.676113523268,0.0 
 02/12  10:00:00,22.6576879002623,0.0 
 02/12  11:00:00,22.2827392829491,0.0 
 02/12  12:00:00,21.9310381052813,0.0 
 02/12  13:00:00,21.7224949192133,0.0 
 02/12  14:00:00,21.583904394291,0.0 
 02/12  15:00:00,21.4157363284027,626889227.525925 
 02/12  16:00:00,21.6476730846668,466919442.535176 
 02/12  17:00:00,22.2417122015692,0.0 
 02/12  18:00:00,22.9803675037722,0.0 
 02/12  19:00:00,23.3061768091323,0.0 
 02/12  20:00:00,23.4270826670632,0.0 
 02/12  21:00:00,23.4072494971725,0.0 
 02/12  22:00:00,23.3756368638039,0.0 
 02/12  23:00:00,23.272014687703,0.0 
 02/12  24:00:00,23.111752651124,0.0 
 02/13  01:00:00,22.9122681077123,0.0 
 02/13  02:00:00,22.7188343421276,0.0 
 02/13  03:00:00,22.480946895207,0.0 
 02/13  04:00:00,22.2254609088913,0.0 
 02/13  05:00:00,21.9616925939893,0.0 
 02/13  06:00:00,21.6651767575116,0.0 
 02/13  07:00:00,21.3714557261688,0.0 
 02/13  08:00:00,21.0770611096135,0.0 
 02/13  09:00:00,20.8529685225991,953037702.649521 
 02/13  10:00:00,20.9921333900634,658962258.421991 
 02/13  11:00:00,21.6858647403477,423107254.454444 
 02/13  12:00:00,22.5639611389042,0.0 
 02/13  13:00:00,23.3130614144683,0.0 
 02/13  14:00:00,23.5912851706305,0.0 
 02/13  15:00:00,24.1313624541093,0.0 
 02/13  16:00:00,24.7288014126228,0.0 
 02/13  17:00:00,25.0597882167381,0.0 
 02/13  18:00:00,25.1895376292017,0.0 
 02/13  19:00:00,25.1092291084182,0.0 
 02/13  20:00:00,24.6418530203702,0.0 
 02/13  21:00:00,24.1215927856833,0.0 
 02/13  22:00:00,23.7423087690851,0.0 
 02/13  23:00:00,23.4046484386058,0.0 
 02/13  24:00:00,23.0153961257768,0.0 
 02/14  01:00:00,22.6201371061018,0.0 
 02/14  02:00:00,22.2920423590932,0.0 
 02/14  03:00:00,21.9797743760678,0.0 
 02/14  04:00:00,21.6754819564024,0.0 
 02/14  05:00:00,21.3760262802126,0.0 
 02/14  06:00:00,21.1344801581811,0.0 
 02/14  07:00:00,20.9088052318762,0.0 
 02/14  08:00:00,20.6095489188892,0.0 
 02/14  09:00:00,20.3914605220083,1092181328.30513 
 02/14  10:00:00,20.5529470221792,741896456.421798 
 02/14  11:00:00,21.470922335638,462429022.389907 
 02/14  12:00:00,22.7377340697914,0.0 
 02/14  13:00:00,24.3838880742749,0.0 
 02/14  14:00:00,24.9064406788087,0.0 
 02/14  15:00:00,25.0890646909817,0.0 
 02/14  16:00:00,25.6151438970456,0.0 
 02/14  17:00:00,26.0393541913902,0.0 
 02/14  18:00:00,26.2320638240738,0.0 
 02/14  19:00:00,26.2260975697409,0.0 
 02/14  20:00:00,25.7876596818635,0.0 
 02/14  21:00:00,25.3313921812485,0.0 
 02/14  22:00:00,25.0142465828168,0.0 
 02/14  23:00:00,24.6866371353624,0.0 
 02/14  24:00:00,24.3034940501577,0.0 
 02/15  01:00:00,24.0276288549185,0.0 
 02/15  02:00:00,23.8076395529401,0.0 
 02/15  03:00:00,23.6279716756546,0.0 
 02/15  04:00:00,23.4912109624277,0.0 
 02/15  05:00:00,23.353018534153,0.0 
 02/15  06:00:00,23.2020119525529,0.0 
 02/15  07:00:00,23.0379675785084,0.0 
 02/15  08:00:00,22.8647174604594,0.0 
 02/15  09:00:00,22.6461299064953,75047977.7412956 
 02/15  10:00:00,22.393113452894,647656976.390961 
 02/15  11:00:00,22.467168270647,482821735.741291 
 02/15  12:00:00,22.86252674858,0.0 
 02/15  13:00:00,23.4280710623652,0.0 
 02/15  14:00:00,23.5692058833903,0.0 
 02/15  15:00:00,23.5728566622236,0.0 
 02/15  16:00:00,23.7533745018719,0.0 
 02/15  17:00:00,23.8108363765504,0.0 
 02/15  18:00:00,23.620696034212,0.0 
 02/15  19:00:00,23.3469008230758,0.0 
 02/15  20:00:00,22.8435136177966,0.0 
 02/15  21:00:00,22.2075343096932,0.0 
 02/15  22:00:00,21.7529829151413,0.0 
 02/15  23:00:00,21.3470541363129,0.0 
 02/15  24:00:00,20.8900488154018,0.0 
 02/16  01:00:00,20.4722695817379,1050795501.90494 
 02/16  02:00:00,20.3043160866072,706396525.074704 
 02/16  03:00:00,20.5359603109255,0.0 
 02/16  04:00:00,20.8140461335157,0.0 
 02/16  05:00:00,20.8392798856864,0.0 
 02/16  06:00:00,20.7844199281361,0.0 
 02/16  07:00:00,20.7057748955505,0.0 
 02/16  08:00:00,20.6563667217267,594186516.054309 
 02/16  09:00:00,20.6524228750298,446789313.341954 
 02/16  10:00:00,21.0404331205916,317598922.012104 
 02/16  11:00:00,21.7440501793959,33991120.0558918 
 02/16  12:00:00,22.3020880024788,64378928.5221472 
 02/16  13:00:00,22.6376967622883,98912685.8235258 
 02/16  14:00:00,22.7092751775732,0.0 
 02/16  15:00:00,22.8241768821891,0.0 
 02/16  16:00:00,23.0508765173593,0.0 
 02/16  17:00:00,23.122138471413,0.0 
 02/16  18:00:00,23.0943640273496,0.0 
 02/16  19:00:00,22.9697156273193,0.0 
 02/16  20:00:00,22.579248944659,68519347.0809496 
 02/16  21:00:00,22.0750700361821,0.0 
 02/16  22:00:00,21.7532953084852,0.0 
 02/16  23:00:00,21.4420450255167,0.0 
 02/16  24:00:00,21.0706260795543,0.0 
 02/17  01:00:00,20.7081135290445,0.0 
 02/17  02:00:00,20.409936214612,849110439.447901 
 02/17  03:00:00,20.2510025850169,568568587.805629 
 02/17  04:00:00,20.2813514681688,355488075.975076 
 02/17  05:00:00,20.3642195471274,235938098.683679 
 02/17  06:00:00,20.4509088552381,178865201.863943 
 02/17  07:00:00,20.5376980836968,155873518.442721 
 02/17  08:00:00,20.6476315596062,0.0 
 02/17  09:00:00,20.7550963258354,219870546.433858 
 02/17  10:00:00,21.2357084682388,216714297.061201 
 02/17  11:00:00,22.5445184445915,0.0 
 02/17  12:00:00,23.9960031533077,0.0 
 02/17  13:00:00,24.7803433216024,0.0 
 02/17  14:00:00,24.9870078971869,0.0 
 02/17  15:00:00,25.3448775299244,0.0 
 02/17  16:00:00,25.9670462070876,0.0 
 02/17  17:00:00,25.9299470415526,0.0 
 02/17  18:00:00,25.5790834605935,0.0 
 02/17  19:00:00,25.1355271879769,0.0 
 02/17  20:00:00,24.3319804941244,0.0 
 02/17  21:00:00,24.2777078993623,0.0 
 02/17  22:00:00,24.4143223618567,0.0 
 02/17  23:00:00,24.3944693559777,0.0 
 02/17  24:00:00,24.2920830288448,0.0 
 02/18  01:00:00,24.1246599261823,0.0 
 02/18  02:00:00,23.9164283385337,0.0 
 02/18  03:00:00,23.6882115678377,0.0 
 02/18  04:00:00,23.4801617793504,0.0 
 02/18  05:00:00,23.2858863806304,0.0 
 02/18  06:00:00,23.0621616386003,0.0 
 02/18  07:00:00,22.9475651616807,0.0 
 02/18  08:00:00,22.8201027396992,0.0 
 02/18  09:00:00,22.6838127915874,0.0 
 02/18  10:00:00,22.5736784111624,0.0 
 02/18  11:00:00,22.5672372390908,0.0 
 02/18  12:00:00,22.283739282703,0.0 
 02/18  13:00:00,22.0914903023825,0.0 
 02/18  14:00:00,22.1318271596806,0.0 
 02/18  15:00:00,22.258617029275,0.0 
 02/18  16:00:00,22.4487122155833,0.0 
 02/18  17:00:00,22.6540911663554,0.0 
 02/18  18:00:00,22.8332571885104,0.0 
 02/18  19:00:00,23.0144730210449,0.0 
 02/18  20:00:00,23.0222383285324,0.0 
 02/18  21:00:00,22.8865431310333,0.0 
 02/18  22:00:00,22.7084604145861,0.0 
 02/18  23:00:00,22.5521606786059,0.0 
 02/18  24:00:00,22.3959192160279,0.0 
 02/19  01:00:00,22.2228313421733,0.0 
 02/19  02:00:00,22.0154111415597,0.0 
 02/19  03:00:00,21.7929298039296,0.0 
 02/19  04:00:00,21.6222713940008,0.0 
 02/19  05:00:00,21.4974836319719,0.0 
 02/19  06:00:00,21.5499499381557,0.0 
 02/19  07:00:00,21.5363259363278,0.0 
 02/19  08:00:00,21.4921933302326,0.0 
 02/19  09:00:00,21.4376399737411,0.0 
 02/19  10:00:00,21.3748438472226,1020873168.23099 
 02/19  11:00:00,21.4303124971416,728302421.343819 
 02/19  12:00:00,22.0000613514971,0.0 
 02/19  13:00:00,21.929927311251,0.0 
 02/19  14:00:00,21.7543310700859,0.0 
 02/19  15:00:00,21.8041358364476,0.0 
 02/19  16:00:00,21.9350676654216,0.0 
 02/19  17:00:00,22.0929365933848,0.0 
 02/19  18:00:00,22.3168925327185,0.0 
 02/19  19:00:00,22.585671227651,0.0 
 02/19  20:00:00,22.6597774921483,0.0 
 02/19  21:00:00,22.5678843020036,0.0 
 02/19  22:00:00,22.3925630541381,0.0 
 02/19  23:00:00,22.2199445191381,0.0 
 02/19  24:00:00,22.0440837473832,0.0 
 02/20  01:00:00,21.8382227497036,0.0 
 02/20  02:00:00,21.6524005628116,0.0 
 02/20  03:00:00,22.4547338714062,0.0 
 02/20  04:00:00,23.128857265367,0.0 
 02/20  05:00:00,23.3655567755306,0.0 
 02/20  06:00:00,23.4216708313275,0.0 
 02/20  07:00:00,23.3889182800407,0.0 
 02/20  08:00:00,23.3017444430139,0.0 
 02/20  09:00:00,23.1885267736788,0.0 
 02/20  10:00:00,23.2523721550932,0.0 
 02/20  11:00:00,23.4738544246296,0.0 
 02/20  12:00:00,23.7560097458222,0.0 
 02/20  13:00:00,24.5674226715398,0.0 
 02/20  14:00:00,24.5067804537632,0.0 
 02/20  15:00:00,24.3413831063114,0.0 
 02/20  16:00:00,24.7048930657447,0.0 
 02/20  17:00:00,25.0199043754266,0.0 
 02/20  18:00:00,25.1411881181837,0.0 
 02/20  19:00:00,25.1250402006889,0.0 
 02/20  20:00:00,24.7026971515922,0.0 
 02/20  21:00:00,24.1212927910715,0.0 
 02/20  22:00:00,23.6757029508733,0.0 
 02/20  23:00:00,23.3606243106921,0.0 
 02/20  24:00:00,23.0961832753231,0.0 
 02/21  01:00:00,22.8527431849266,0.0 
 02/21  02:00:00,22.6512840101764,0.0 
 02/21  03:00:00,22.452179651639,0.0 
 02/21  04:00:00,22.5370202287267,0.0 
 02/21  05:00:00,22.5947658144136,0.0 
 02/21  06:00:00,22.5899998150218,0.0 
 02/21  07:00:00,22.570444609951,0.0 
 02/21  08:00:00,22.5342159423543,0.0 
 02/21  09:00:00,22.5017159008882,0.0 
 02/21  10:00:00,22.6689382547563,0.0 
 02/21  11:00:00,23.0843365600465,0.0 
 02/21  12:00:00,23.4307660563872,0.0 
 02/21  13:00:00,23.6724137774204,0.0 
 02/21  14:00:00,23.6897407192259,0.0 
 02/21  15:00:00,23.7775106024349,0.0 
 02/21  16:00:00,24.1435157895186,0.0 
 02/21  17:00:00,24.4441769044201,0.0 
 02/21  18:00:00,24.523205698063,0.0 
 02/21  19:00:00,24.4979107604131,0.0 
 02/21  20:00:00,24.2844809995191,0.0 
 02/21  21:00:00,23.9767174659013,0.0 
 02/21  22:00:00,23.7021523966343,0.0 
 02/21  23:00:00,23.5209152957095,0.0 
 02/21  24:00:00,23.3412575702752,0.0 
 02/22  01:00:00,23.1571131998325,0.0 
 02/22  02:00:00,23.0558711194355,0.0 
 02/22  03:00:00,22.9348453484179,0.0 
 02/22  04:00:00,22.8122104426447,0.0 
 02/22  05:00:00,22.6918723304496,0.0 
 02/22  06:00:00,22.5686826213378,0.0 
 02/22  07:00:00,22.4443458512868,0.0 
 02/22  08:00:00,22.3262844928442,0.0 
 02/22  09:00:00,22.2318425885316,0.0 
 02/22  10:00:00,22.2317742124535,0.0 
 02/22  11:00:00,22.4045128433573,0.0 
 02/22  12:00:00,22.6793303946497,0.0 
 02/22  13:00:00,23.0706527679664,0.0 
 02/22  14:00:00,23.195030195015,0.0 
 02/22  15:00:00,23.3683895493238,0.0 
 02/22  16:00:00,23.8946589821503,0.0 
 02/22  17:00:00,24.5169976887842,0.0 
 02/22  18:00:00,24.8250019384217,0.0 
 02/22  19:00:00,24.8451799362749,0.0 
 02/22  20:00:00,24.550095425741,0.0 
 02/22  21:00:00,24.1342936362755,0.0 
 02/22  22:00:00,23.8235841155402,0.0 
 02/22  23:00:00,23.5625449805191,0.0 
 02/22  24:00:00,23.3151041407838,0.0 
 02/23  01:00:00,23.0796332791341,0.0 
 02/23  02:00:00,22.8852870688874,0.0 
 02/23  03:00:00,22.6990100469043,0.0 
 02/23  04:00:00,22.5146151438429,0.0 
 02/23  05:00:00,22.3349643153369,0.0 
 02/23  06:00:00,22.1491725609154,0.0 
 02/23  07:00:00,21.9603951598994,0.0 
 02/23  08:00:00,21.8199148720706,0.0 
 02/23  09:00:00,21.7408779575551,0.0 
 02/23  10:00:00,21.7733254049125,0.0 
 02/23  11:00:00,21.9808186880958,0.0 
 02/23  12:00:00,22.4221354988663,0.0 
 02/23  13:00:00,23.0611480119735,0.0 
 02/23  14:00:00,23.2676246748427,0.0 
 02/23  15:00:00,23.36933876824,0.0 
 02/23  16:00:00,23.7138478262256,0.0 
 02/23  17:00:00,23.9769107795551,0.0 
 02/23  18:00:00,24.0862670131958,0.0 
 02/23  19:00:00,24.1148197275022,0.0 
 02/23  20:00:00,23.921747626277,0.0 
 02/23  21:00:00,23.6496508190629,0.0 
 02/23  22:00:00,23.3789017605014,0.0 
 02/23  23:00:00,23.1817679338094,0.0 
 02/23  24:00:00,23.0149169889721,0.0 
 02/24  01:00:00,22.8565628724204,0.0 
 02/24  02:00:00,22.7762280069896,0.0 
 02/24  03:00:00,22.6831686452102,0.0 
 02/24  04:00:00,22.5956698659264,0.0 
 02/24  05:00:00,22.4972323568683,0.0 
 02/24  06:00:00,22.3847940688917,0.0 
 02/24  07:00:00,22.270656302324,0.0 
 02/24  08:00:00,22.1650504461567,0.0 
 02/24  09:00:00,22.085548686234,0.0 
 02/24  10:00:00,22.1231936326664,0.0 
 02/24  11:00:00,22.4093893544169,0.0 
 02/24  12:00:00,23.2166717120848,0.0 
 02/24  13:00:00,23.9856432199599,0.0 
 02/24  14:00:00,24.1767996076662,0.0 
 02/24  15:00:00,24.3915693663147,0.0 
 02/24  16:00:00,24.9421320453805,0.0 
 02/24  17:00:00,25.4060925150314,0.0 
 02/24  18:00:00,25.6847079045671,0.0 
 02/24  19:00:00,25.7883221040808,0.0 
 02/24  20:00:00,25.5936214019117,0.0 
 02/24  21:00:00,25.268373961146,0.0 
 02/24  22:00:00,24.9062830700112,0.0 
 02/24  23:00:00,24.5655957613837,0.0 
 02/24  24:00:00,24.3553947587186,0.0 
 02/25  01:00:00,24.1903629293316,0.0 
 02/25  02:00:00,24.0349382683426,0.0 
 02/25  03:00:00,23.876668466343,0.0 
 02/25  04:00:00,23.7095229192085,0.0 
 02/25  05:00:00,23.5802604622626,0.0 
 02/25  06:00:00,23.4262268621804,0.0 
 02/25  07:00:00,23.1677576585125,0.0 
 02/25  08:00:00,22.889396852691,0.0 
 02/25  09:00:00,22.6828352613741,0.0 
 02/25  10:00:00,22.5302184881058,0.0 
 02/25  11:00:00,22.2710240096725,0.0 
 02/25  12:00:00,22.0989749959489,79223532.8426406 
 02/25  13:00:00,22.0127141171751,149288170.709842 
 02/25  14:00:00,21.9710107394903,165957566.312392 
 02/25  15:00:00,21.9697175689482,306069203.775179 
 02/25  16:00:00,22.1786704374704,364625417.695139 
 02/25  17:00:00,22.4805059458274,237202407.470149 
 02/25  18:00:00,22.6258682537347,247039601.274717 
 02/25  19:00:00,22.873772129316,0.0 
 02/25  20:00:00,23.0556007222374,0.0 
 02/25  21:00:00,22.9793982253633,0.0 
 02/25  22:00:00,22.8136893038355,0.0 
 02/25  23:00:00,22.5919639660484,0.0 
 02/25  24:00:00,22.3260474731629,0.0 
 02/26  01:00:00,22.0430335172851,0.0 
 02/26  02:00:00,21.7535497952266,0.0 
 02/26  03:00:00,21.4551883479551,0.0 
 02/26  04:00:00,21.1491910923696,0.0 
 02/26  05:00:00,20.8481237871075,0.0 
 02/26  06:00:00,20.5478634613256,0.0 
 02/26  07:00:00,20.2502478703352,0.0 
 02/26  08:00:00,19.9568443206435,0.0 
 02/26  09:00:00,19.7175121104013,1003792341.92582 
 02/26  10:00:00,19.6411794584158,722323433.503389 
 02/26  11:00:00,19.8894977607554,452718179.058423 
 02/26  12:00:00,20.2953229384202,305116490.526431 
 02/26  13:00:00,20.8196170065461,234428721.081059 
 02/26  14:00:00,21.4420756800518,0.0 
 02/26  15:00:00,22.2162890620458,0.0 
 02/26  16:00:00,22.9035864038043,0.0 
 02/26  17:00:00,23.376263748068,0.0 
 02/26  18:00:00,23.6738686892108,0.0 
 02/26  19:00:00,23.8892812439645,0.0 
 02/26  20:00:00,23.8644831800307,0.0 
 02/26  21:00:00,23.6770737356965,0.0 
 02/26  22:00:00,23.4998203508014,0.0 
 02/26  23:00:00,23.301339883143,0.0 
 02/26  24:00:00,23.0876396372495,0.0 
 02/27  01:00:00,22.8534150714659,0.0 
 02/27  02:00:00,22.6472119204231,0.0 
 02/27  03:00:00,22.432581426414,0.0 
 02/27  04:00:00,22.2318474523844,0.0 
 02/27  05:00:00,22.0819280503782,0.0 
 02/27  06:00:00,21.93067146515,0.0 
 02/27  07:00:00,21.7777139448711,0.0 
 02/27  08:00:00,21.6241146347883,0.0 
 02/27  09:00:00,21.4934226442453,37459186.4892446 
 02/27  10:00:00,21.4726907303838,488366185.311656 
 02/27  11:00:00,21.6878706941147,382153180.498818 
 02/27  12:00:00,22.2574289454087,0.0 
 02/27  13:00:00,22.9732259617,0.0 
 02/27  14:00:00,23.1881427240739,0.0 
 02/27  15:00:00,23.4943435537745,0.0 
 02/27  16:00:00,23.9184847163715,0.0 
 02/27  17:00:00,24.1718139820401,0.0 
 02/27  18:00:00,24.1325991222001,0.0 
 02/27  19:00:00,23.8893683401084,0.0 
 02/27  20:00:00,23.4420987844536,0.0 
 02/27  21:00:00,23.0609741143794,0.0 
 02/27  22:00:00,22.7448764707256,0.0 
 02/27  23:00:00,22.5061318745803,0.0 
 02/27  24:00:00,22.2993889021318,0.0 
 02/28  01:00:00,22.0249870112834,0.0 
 02/28  02:00:00,21.8317653666265,0.0 
 02/28  03:00:00,21.6839811332892,0.0 
 02/28  04:00:00,21.5453076975219,0.0 
 02/28  05:00:00,21.4039955964197,0.0 
 02/28  06:00:00,21.2170396603852,0.0 
 02/28  07:00:00,20.9435061744096,0.0 
 02/28  08:00:00,20.6683468563918,0.0 
 02/28  09:00:00,20.4622441811902,1168609924.63958 
 02/28  10:00:00,20.7565120050301,778393798.681607 
 02/28  11:00:00,21.8684060201735,0.0 
 02/28  12:00:00,23.3793661844561,0.0 
 02/28  13:00:00,23.6243685773547,0.0 
 02/28  14:00:00,23.2141904676089,0.0 
 02/28  15:00:00,22.9878097070327,0.0 
 02/28  16:00:00,23.1020635061656,0.0 
 02/28  17:00:00,23.1858279790535,0.0 
 02/28  18:00:00,23.1004648967125,0.0 
 02/28  19:00:00,22.9423147035122,0.0 
 02/28  20:00:00,22.5475005174102,0.0 
 02/28  21:00:00,22.1568688952324,0.0 
 02/28  22:00:00,21.9171337414443,0.0 
 02/28  23:00:00,21.7659220080707,0.0 
 02/28  24:00:00,21.5864714871524,0.0 
 03/01  01:00:00,21.412585481656,0.0 
 03/01  02:00:00,21.3339608706021,0.0 
 03/01  03:00:00,21.2605618752563,0.0 
 03/01  04:00:00,21.2060623685007,0.0 
 03/01  05:00:00,21.1607700323068,0.0 
 03/01  06:00:00,21.1168082608947,0.0 
 03/01  07:00:00,21.0685364327588,0.0 
 03/01  08:00:00,21.016120412243,0.0 
 03/01  09:00:00,20.9871594496565,0.0 
 03/01  10:00:00,21.0916781250632,0.0 
 03/01  11:00:00,21.4036263334172,0.0 
 03/01  12:00:00,21.6698530946946,0.0 
 03/01  13:00:00,21.7966688773719,0.0 
 03/01  14:00:00,21.6650088531876,0.0 
 03/01  15:00:00,21.6734254840844,0.0 
 03/01  16:00:00,22.1024226827283,0.0 
 03/01  17:00:00,22.8729392654762,0.0 
 03/01  18:00:00,23.1535247842038,0.0 
 03/01  19:00:00,23.089997690911,0.0 
 03/01  20:00:00,22.8308846928738,0.0 
 03/01  21:00:00,22.4989035668081,0.0 
 03/01  22:00:00,22.1577983831483,0.0 
 03/01  23:00:00,21.7610663786483,0.0 
 03/01  24:00:00,21.9487303306683,0.0 
 03/02  01:00:00,22.226644818437,0.0 
 03/02  02:00:00,22.369564710733,0.0 
 03/02  03:00:00,22.4151742377076,0.0 
 03/02  04:00:00,22.3956618374685,0.0 
 03/02  05:00:00,22.2277184686975,0.0 
 03/02  06:00:00,22.0351473730463,0.0 
 03/02  07:00:00,21.8454171570247,0.0 
 03/02  08:00:00,21.6197391049652,0.0 
 03/02  09:00:00,21.4278701269605,155328592.714808 
 03/02  10:00:00,21.4047390197536,559815951.947385 
 03/02  11:00:00,21.7472720269134,370878864.59857 
 03/02  12:00:00,22.5028432949555,0.0 
 03/02  13:00:00,23.259680995132,0.0 
 03/02  14:00:00,23.4206219579668,0.0 
 03/02  15:00:00,23.5466409864373,0.0 
 03/02  16:00:00,23.8883823381677,0.0 
 03/02  17:00:00,24.1619272412437,0.0 
 03/02  18:00:00,24.0843367484004,0.0 
 03/02  19:00:00,23.8898114710985,0.0 
 03/02  20:00:00,23.4456693429049,0.0 
 03/02  21:00:00,22.8929756271004,0.0 
 03/02  22:00:00,22.4606696144951,0.0 
 03/02  23:00:00,22.0722485460386,0.0 
 03/02  24:00:00,21.6392807912109,0.0 
 03/03  01:00:00,21.2275862546713,0.0 
 03/03  02:00:00,20.9127439339922,0.0 
 03/03  03:00:00,20.6164227887401,0.0 
 03/03  04:00:00,20.3342304290459,0.0 
 03/03  05:00:00,20.0518543272706,0.0 
 03/03  06:00:00,19.7580272517406,0.0 
 03/03  07:00:00,19.4688922272079,0.0 
 03/03  08:00:00,19.2409869228089,0.0 
 03/03  09:00:00,19.0854775446679,1193955398.90116 
 03/03  10:00:00,19.2565228209928,800494303.400002 
 03/03  11:00:00,20.4135578592089,487851316.708915 
 03/03  12:00:00,21.7869907464654,62542025.0680369 
 03/03  13:00:00,22.6800231868726,0.0 
 03/03  14:00:00,23.091237422708,0.0 
 03/03  15:00:00,23.3189680526591,0.0 
 03/03  16:00:00,23.5669240114624,0.0 
 03/03  17:00:00,23.7883756326392,0.0 
 03/03  18:00:00,23.8179504219273,0.0 
 03/03  19:00:00,23.6961260325893,0.0 
 03/03  20:00:00,23.2260022233665,0.0 
 03/03  21:00:00,22.6699472018659,0.0 
 03/03  22:00:00,22.2388076582182,0.0 
 03/03  23:00:00,21.8479093189866,0.0 
 03/03  24:00:00,21.4291812791951,0.0 
 03/04  01:00:00,21.0399664989084,0.0 
 03/04  02:00:00,20.6940549972722,0.0 
 03/04  03:00:00,20.3585863539189,0.0 
 03/04  04:00:00,20.0237818145688,0.0 
 03/04  05:00:00,19.7008526822121,0.0 
 03/04  06:00:00,19.3814158478656,0.0 
 03/04  07:00:00,19.0633898309819,0.0 
 03/04  08:00:00,18.7506614542837,0.0 
 03/04  09:00:00,18.442342329628,0.0 
 03/04  10:00:00,18.2480052476115,1103185186.94945 
 03/04  11:00:00,18.497332006774,740273292.086048 
 03/04  12:00:00,19.7521759172778,208388617.795898 
 03/04  13:00:00,20.942453588594,0.0 
 03/04  14:00:00,21.5991584936735,0.0 
 03/04  15:00:00,21.8742019706289,0.0 
 03/04  16:00:00,22.0412140053288,0.0 
 03/04  17:00:00,22.2383259607118,0.0 
 03/04  18:00:00,22.4773788771184,0.0 
 03/04  19:00:00,22.6971967785893,0.0 
 03/04  20:00:00,22.589310574685,0.0 
 03/04  21:00:00,22.2556701387389,0.0 
 03/04  22:00:00,21.932103507369,0.0 
 03/04  23:00:00,21.5958316928826,0.0 
 03/04  24:00:00,21.2452290052309,0.0 
 03/05  01:00:00,20.9506275956193,0.0 
 03/05  02:00:00,20.6055082072304,0.0 
 03/05  03:00:00,20.2485742510841,0.0 
 03/05  04:00:00,19.9054804870212,0.0 
 03/05  05:00:00,19.5563092141528,0.0 
 03/05  06:00:00,19.1952841000211,0.0 
 03/05  07:00:00,18.8365846166719,0.0 
 03/05  08:00:00,18.4755585680021,0.0 
 03/05  09:00:00,18.1269122336159,0.0 
 03/05  10:00:00,17.9329974996575,1140216228.85563 
 03/05  11:00:00,18.2359544580341,764453630.123034 
 03/05  12:00:00,19.6308987652023,144782596.949495 
 03/05  13:00:00,21.0018229960508,0.0 
 03/05  14:00:00,21.7403009611707,0.0 
 03/05  15:00:00,22.1468065813615,0.0 
 03/05  16:00:00,22.5079138217165,0.0 
 03/05  17:00:00,22.7906331475407,0.0 
 03/05  18:00:00,23.0793346905475,0.0 
 03/05  19:00:00,23.34906664363,0.0 
 03/05  20:00:00,23.3649077251356,0.0 
 03/05  21:00:00,23.1851088864688,0.0 
 03/05  22:00:00,22.9627674592227,0.0 
 03/05  23:00:00,22.7068950208126,0.0 
 03/05  24:00:00,22.498351491045,0.0 
 03/06  01:00:00,22.304322431897,0.0 
 03/06  02:00:00,22.1409592014219,0.0 
 03/06  03:00:00,21.9603511829117,0.0 
 03/06  04:00:00,21.7669179830171,0.0 
 03/06  05:00:00,21.5703533239295,0.0 
 03/06  06:00:00,21.3724167371532,0.0 
 03/06  07:00:00,21.2023326206976,0.0 
 03/06  08:00:00,21.0865096222509,0.0 
 03/06  09:00:00,20.9952398393641,1062347402.99693 
 03/06  10:00:00,21.2880566230661,201561256.639495 
 03/06  11:00:00,22.2855397568301,0.0 
 03/06  12:00:00,23.0727726939642,0.0 
 03/06  13:00:00,23.562278564363,0.0 
 03/06  14:00:00,23.2659780305739,0.0 
 03/06  15:00:00,23.0023041459995,0.0 
 03/06  16:00:00,23.0787832586193,0.0 
 03/06  17:00:00,23.1413396552746,0.0 
 03/06  18:00:00,23.0189487270878,0.0 
 03/06  19:00:00,22.7900453281579,0.0 
 03/06  20:00:00,22.3136843401732,0.0 
 03/06  21:00:00,21.8452817107323,0.0 
 03/06  22:00:00,21.4914709196885,0.0 
 03/06  23:00:00,21.2557673978701,0.0 
 03/06  24:00:00,21.0510488823333,0.0 
 03/07  01:00:00,20.850187755877,0.0 
 03/07  02:00:00,20.7428817115072,0.0 
 03/07  03:00:00,20.6339027235603,0.0 
 03/07  04:00:00,20.5325818633512,0.0 
 03/07  05:00:00,20.4361966209614,0.0 
 03/07  06:00:00,20.3459512673497,0.0 
 03/07  07:00:00,20.2625432620385,0.0 
 03/07  08:00:00,20.1863524788733,0.0 
 03/07  09:00:00,20.141621282109,0.0 
 03/07  10:00:00,20.23982880673,0.0 
 03/07  11:00:00,20.6445275978589,0.0 
 03/07  12:00:00,21.2438540572375,0.0 
 03/07  13:00:00,21.6685954568327,0.0 
 03/07  14:00:00,21.6912695177532,0.0 
 03/07  15:00:00,21.7147313738805,0.0 
 03/07  16:00:00,21.9372194509678,0.0 
 03/07  17:00:00,22.0814638870825,0.0 
 03/07  18:00:00,22.0517111153621,0.0 
 03/07  19:00:00,21.9767589794495,0.0 
 03/07  20:00:00,21.7433128847533,0.0 
 03/07  21:00:00,21.4809229737608,0.0 
 03/07  22:00:00,21.3064765130003,0.0 
 03/07  23:00:00,21.1936307050557,0.0 
 03/07  24:00:00,21.0109689606468,0.0 
 03/08  01:00:00,21.0725756309055,0.0 
 03/08  02:00:00,21.1782453736075,0.0 
 03/08  03:00:00,21.2396227310977,0.0 
 03/08  04:00:00,21.2351123924556,0.0 
 03/08  05:00:00,21.2077419347052,0.0 
 03/08  06:00:00,21.1707937420489,0.0 
 03/08  07:00:00,21.123495027744,0.0 
 03/08  08:00:00,21.0632177545445,0.0 
 03/08  09:00:00,21.0054007786435,953785230.627417 
 03/08  10:00:00,21.40298335821,182850146.141484 
 03/08  11:00:00,22.9691702938563,0.0 
 03/08  12:00:00,24.4889859292527,0.0 
 03/08  13:00:00,25.2148780734,0.0 
 03/08  14:00:00,24.8155187896332,0.0 
 03/08  15:00:00,24.4111464556619,0.0 
 03/08  16:00:00,24.5790892276478,0.0 
 03/08  17:00:00,24.7970936209072,0.0 
 03/08  18:00:00,24.9238990479814,0.0 
 03/08  19:00:00,25.0015191587144,0.0 
 03/08  20:00:00,24.6481447289922,0.0 
 03/08  21:00:00,24.1042885225979,0.0 
 03/08  22:00:00,23.70772001513,0.0 
 03/08  23:00:00,23.4374279184714,0.0 
 03/08  24:00:00,23.2039395551323,0.0 
 03/09  01:00:00,22.9797319463332,0.0 
 03/09  02:00:00,22.78704446866,0.0 
 03/09  03:00:00,23.0459870325476,0.0 
 03/09  04:00:00,23.2770333383975,0.0 
 03/09  05:00:00,23.3406139282926,0.0 
 03/09  06:00:00,23.3398716343653,0.0 
 03/09  07:00:00,23.3158197798844,0.0 
 03/09  08:00:00,23.265608642166,0.0 
 03/09  09:00:00,23.2108213131729,0.0 
 03/09  10:00:00,23.3710422554602,0.0 
 03/09  11:00:00,24.0050551397031,0.0 
 03/09  12:00:00,24.8712431344664,0.0 
 03/09  13:00:00,25.3982222522451,0.0 
 03/09  14:00:00,25.1801470292811,0.0 
 03/09  15:00:00,24.9796994221586,0.0 
 03/09  16:00:00,25.2288299151949,0.0 
 03/09  17:00:00,25.5031870376832,0.0 
 03/09  18:00:00,25.6538977860912,0.0 
 03/09  19:00:00,25.6335173834463,0.0 
 03/09  20:00:00,25.0485057254605,0.0 
 03/09  21:00:00,24.347349977344,0.0 
 03/09  22:00:00,24.1027467107685,0.0 
 03/09  23:00:00,23.9831772115039,0.0 
 03/09  24:00:00,23.6981361690432,0.0 
 03/10  01:00:00,23.3384676098547,0.0 
 03/10  02:00:00,22.9725203943562,0.0 
 03/10  03:00:00,22.6798864584128,0.0 
 03/10  04:00:00,22.4071359286721,0.0 
 03/10  05:00:00,22.1418987423106,0.0 
 03/10  06:00:00,21.8795330118357,0.0 
 03/10  07:00:00,21.6165628064409,0.0 
 03/10  08:00:00,21.3512050871768,191448212.908071 
 03/10  09:00:00,21.1069798051999,1130486209.46909 
 03/10  10:00:00,21.256523863873,472051251.239142 
 03/10  11:00:00,22.1237742254261,257709703.79476 
 03/10  12:00:00,23.0138753379693,0.0 
 03/10  13:00:00,23.9005270046785,0.0 
 03/10  14:00:00,24.1679218612616,0.0 
 03/10  15:00:00,24.1716091669676,0.0 
 03/10  16:00:00,24.6094611585437,0.0 
 03/10  17:00:00,24.8704315809798,0.0 
 03/10  18:00:00,24.7633351746174,0.0 
 03/10  19:00:00,24.5187334115029,0.0 
 03/10  20:00:00,23.9218134671218,0.0 
 03/10  21:00:00,23.280751760912,0.0 
 03/10  22:00:00,22.81294933034,0.0 
 03/10  23:00:00,22.4003358516254,0.0 
 03/10  24:00:00,21.9447332194957,0.0 
 03/11  01:00:00,21.5094485616857,0.0 
 03/11  02:00:00,21.124360392666,0.0 
 03/11  03:00:00,20.740286635111,0.0 
 03/11  04:00:00,20.354878056263,0.0 
 03/11  05:00:00,19.9745811375658,0.0 
 03/11  06:00:00,19.6000968574773,0.0 
 03/11  07:00:00,19.2407686302722,0.0 
 03/11  08:00:00,18.8809965718889,0.0 
 03/11  09:00:00,18.5349982586546,0.0 
 03/11  10:00:00,18.3182271265443,1181506360.07998 
 03/11  11:00:00,18.3692380227938,793254071.659079 
 03/11  12:00:00,19.2484253279496,485033052.376203 
 03/11  13:00:00,20.3619905604412,141231394.394746 
 03/11  14:00:00,21.3996496576571,0.0 
 03/11  15:00:00,21.9227526094023,0.0 
 03/11  16:00:00,22.1082747084311,0.0 
 03/11  17:00:00,22.1988435515144,0.0 
 03/11  18:00:00,22.2742846846469,0.0 
 03/11  19:00:00,22.3843026720702,0.0 
 03/11  20:00:00,22.3381385832857,0.0 
 03/11  21:00:00,22.182503307695,0.0 
 03/11  22:00:00,21.9456899714273,0.0 
 03/11  23:00:00,21.6066288516835,0.0 
 03/11  24:00:00,21.301781032142,0.0 
 03/12  01:00:00,21.0007304202704,0.0 
 03/12  02:00:00,20.6748373998056,0.0 
 03/12  03:00:00,20.3544064971371,0.0 
 03/12  04:00:00,20.0239586977562,0.0 
 03/12  05:00:00,19.697531903359,0.0 
 03/12  06:00:00,19.3869675137194,0.0 
 03/12  07:00:00,19.1422673479551,0.0 
 03/12  08:00:00,18.950963546479,0.0 
 03/12  09:00:00,18.7651796830474,0.0 
 03/12  10:00:00,18.603638139842,1086987705.51197 
 03/12  11:00:00,18.7086575711772,740134715.333619 
 03/12  12:00:00,19.2158532275733,466717662.352276 
 03/12  13:00:00,19.7638150273751,86014134.0148985 
 03/12  14:00:00,20.4809590876794,83060717.5678859 
 03/12  15:00:00,21.025709639771,0.0 
 03/12  16:00:00,21.256278098476,0.0 
 03/12  17:00:00,21.3749632967138,0.0 
 03/12  18:00:00,21.4710581422771,0.0 
 03/12  19:00:00,21.4769737570558,0.0 
 03/12  20:00:00,21.2985934983724,0.0 
 03/12  21:00:00,21.0752985899187,0.0 
 03/12  22:00:00,20.8674374284475,0.0 
 03/12  23:00:00,20.636350336066,0.0 
 03/12  24:00:00,20.3767034244217,0.0 
 03/13  01:00:00,20.0963799375899,0.0 
 03/13  02:00:00,19.7886531592042,0.0 
 03/13  03:00:00,19.4806166512039,0.0 
 03/13  04:00:00,19.1759728035109,0.0 
 03/13  05:00:00,18.8809994886834,0.0 
 03/13  06:00:00,18.595724714377,0.0 
 03/13  07:00:00,18.3575168068655,0.0 
 03/13  08:00:00,18.1751831462641,1047451675.61592 
 03/13  09:00:00,18.3428726125673,716411293.071131 
 03/13  10:00:00,19.1927813467288,450512307.755639 
 03/13  11:00:00,20.6600571217614,304215507.670689 
 03/13  12:00:00,22.1640073648155,0.0 
 03/13  13:00:00,23.05147194685,0.0 
 03/13  14:00:00,23.5876837178831,0.0 
 03/13  15:00:00,24.0231728321555,0.0 
 03/13  16:00:00,24.3281059069377,0.0 
 03/13  17:00:00,24.5109536500132,0.0 
 03/13  18:00:00,24.4881813815794,0.0 
 03/13  19:00:00,24.2952851035429,0.0 
 03/13  20:00:00,24.0432141297468,0.0 
 03/13  21:00:00,23.7888133663168,0.0 
 03/13  22:00:00,23.5177593938491,0.0 
 03/13  23:00:00,23.2067235341136,0.0 
 03/13  24:00:00,22.9066263465688,0.0 
 03/14  01:00:00,22.6602741943175,0.0 
 03/14  02:00:00,21.9903711471759,0.0 
 03/14  03:00:00,21.618635058376,0.0 
 03/14  04:00:00,21.4857854309302,0.0 
 03/14  05:00:00,21.3364294550194,0.0 
 03/14  06:00:00,21.1085799582584,0.0 
 03/14  07:00:00,20.9091244806473,0.0 
 03/14  08:00:00,20.7525575463682,1006879242.91283 
 03/14  09:00:00,20.7837020111742,694267014.223238 
 03/14  10:00:00,21.207290450646,235415415.995792 
 03/14  11:00:00,21.7762360997479,176904243.902014 
 03/14  12:00:00,22.1139622365027,170441925.398244 
 03/14  13:00:00,22.322495195253,0.0 
 03/14  14:00:00,22.5323221818263,0.0 
 03/14  15:00:00,22.6695436138566,0.0 
 03/14  16:00:00,22.6630806230372,0.0 
 03/14  17:00:00,22.6313687956209,0.0 
 03/14  18:00:00,22.4901014758019,0.0 
 03/14  19:00:00,22.233970547399,0.0 
 03/14  20:00:00,21.8196358161376,102796365.53474 
 03/14  21:00:00,21.3992409669251,0.0 
 03/14  22:00:00,21.1236170272924,0.0 
 03/14  23:00:00,20.7331413130967,0.0 
 03/14  24:00:00,20.3565451191354,0.0 
 03/15  01:00:00,20.0419745482634,0.0 
 03/15  02:00:00,20.0512600210527,0.0 
 03/15  03:00:00,19.7281360436678,0.0 
 03/15  04:00:00,19.2610813758628,0.0 
 03/15  05:00:00,18.9206245811755,0.0 
 03/15  06:00:00,18.626267474959,0.0 
 03/15  07:00:00,18.3283739505898,1041249167.64219 
 03/15  08:00:00,18.187647392361,719794699.774202 
 03/15  09:00:00,18.6867111820517,461185964.42599 
 03/15  10:00:00,19.6193520180771,316492188.48993 
 03/15  11:00:00,20.4069963829521,248145298.795205 
 03/15  12:00:00,21.0695875953524,218908007.191231 
 03/15  13:00:00,21.5966739578618,33335002.9742611 
 03/15  14:00:00,22.1529045210019,59475899.669922 
 03/15  15:00:00,22.6280408135119,0.0 
 03/15  16:00:00,22.9369120375213,0.0 
 03/15  17:00:00,23.0476645403536,0.0 
 03/15  18:00:00,23.0534967590545,0.0 
 03/15  19:00:00,22.9700185273874,0.0 
 03/15  20:00:00,22.6704653007365,0.0 
 03/15  21:00:00,22.3567553591742,0.0 
 03/15  22:00:00,22.051856074449,0.0 
 03/15  23:00:00,21.7121915801854,0.0 
 03/15  24:00:00,21.3765351437978,0.0 
 03/16  01:00:00,21.111459507678,0.0 
 03/16  02:00:00,20.6910441518892,0.0 
 03/16  03:00:00,20.4076738854828,0.0 
 03/16  04:00:00,20.2118961270615,0.0 
 03/16  05:00:00,20.069263309728,0.0 
 03/16  06:00:00,19.9134790505596,0.0 
 03/16  07:00:00,19.7514321804513,0.0 
 03/16  08:00:00,19.5801806131739,1009038369.67423 
 03/16  09:00:00,19.6261360790346,699594639.992851 
 03/16  10:00:00,20.1559981090174,443812217.093242 
 03/16  11:00:00,21.2150038694276,46605755.2911312 
 03/16  12:00:00,22.4014942321761,0.0 
 03/16  13:00:00,22.9372136743036,0.0 
 03/16  14:00:00,23.1999862188231,0.0 
 03/16  15:00:00,23.6170421552368,0.0 
 03/16  16:00:00,24.0810038650402,0.0 
 03/16  17:00:00,24.4349125134751,0.0 
 03/16  18:00:00,24.5762209650149,0.0 
 03/16  19:00:00,24.4911235532659,0.0 
 03/16  20:00:00,24.0358677794959,0.0 
 03/16  21:00:00,23.6057773967138,0.0 
 03/16  22:00:00,23.3370201410077,0.0 
 03/16  23:00:00,23.0352590818013,0.0 
 03/16  24:00:00,22.6532076889735,0.0 
 03/17  01:00:00,22.3772095108956,0.0 
 03/17  02:00:00,21.9832227905732,0.0 
 03/17  03:00:00,21.6584904838416,0.0 
 03/17  04:00:00,21.3735302515143,0.0 
 03/17  05:00:00,21.0563996902732,0.0 
 03/17  06:00:00,20.7274839998139,0.0 
 03/17  07:00:00,20.3923931946385,0.0 
 03/17  08:00:00,20.1058333739154,1080076939.54599 
 03/17  09:00:00,20.2448119733659,739808505.05122 
 03/17  10:00:00,21.3418171757187,111071976.252427 
 03/17  11:00:00,22.9768745420043,0.0 
 03/17  12:00:00,24.3377859845113,0.0 
 03/17  13:00:00,24.6724633547774,0.0 
 03/17  14:00:00,24.7201327159039,0.0 
 03/17  15:00:00,24.9321929740889,0.0 
 03/17  16:00:00,24.986589651966,0.0 
 03/17  17:00:00,24.7722822159719,0.0 
 03/17  18:00:00,24.3725123503296,0.0 
 03/17  19:00:00,23.7751974382658,0.0 
 03/17  20:00:00,23.1786033613735,0.0 
 03/17  21:00:00,22.7699199856167,0.0 
 03/17  22:00:00,22.4274775053612,0.0 
 03/17  23:00:00,22.0659999667314,0.0 
 03/17  24:00:00,21.7376229650478,0.0 
 03/18  01:00:00,21.4882550799188,0.0 
 03/18  02:00:00,21.0750823497624,0.0 
 03/18  03:00:00,20.756718703326,0.0 
 03/18  04:00:00,20.5403947892492,0.0 
 03/18  05:00:00,20.3508712374458,0.0 
 03/18  06:00:00,20.1369292510429,0.0 
 03/18  07:00:00,19.9828912285481,0.0 
 03/18  08:00:00,19.8269850857639,0.0 
 03/18  09:00:00,19.6749012419172,0.0 
 03/18  10:00:00,19.5281659838533,1162323912.3574 
 03/18  11:00:00,19.5267967799195,788452680.714549 
 03/18  12:00:00,20.0383107787553,49330676.5882673 
 03/18  13:00:00,20.7232755249407,0.0 
 03/18  14:00:00,21.0477477904694,0.0 
 03/18  15:00:00,21.3370128953715,0.0 
 03/18  16:00:00,21.566697620716,0.0 
 03/18  17:00:00,21.6954427101613,0.0 
 03/18  18:00:00,21.7054546920186,0.0 
 03/18  19:00:00,21.6182059997422,0.0 
 03/18  20:00:00,21.4895506276506,0.0 
 03/18  21:00:00,21.3231007210277,0.0 
 03/18  22:00:00,21.147943211608,0.0 
 03/18  23:00:00,21.0032731803849,0.0 
 03/18  24:00:00,20.8565044093398,0.0 
 03/19  01:00:00,20.7046948912836,0.0 
 03/19  02:00:00,20.5413186769806,0.0 
 03/19  03:00:00,20.3874323015587,0.0 
 03/19  04:00:00,20.2283472624456,0.0 
 03/19  05:00:00,20.0718463427393,0.0 
 03/19  06:00:00,19.9148955926131,0.0 
 03/19  07:00:00,19.75579879606,0.0 
 03/19  08:00:00,19.5954110093316,0.0 
 03/19  09:00:00,19.4530697863644,1103391262.43391 
 03/19  10:00:00,19.4720741250669,753427984.384681 
 03/19  11:00:00,20.0578956841219,71489410.4449409 
 03/19  12:00:00,20.8059770335114,0.0 
 03/19  13:00:00,21.1685525130155,0.0 
 03/19  14:00:00,21.3509939738333,0.0 
 03/19  15:00:00,21.3996251157504,0.0 
 03/19  16:00:00,21.5325140750062,0.0 
 03/19  17:00:00,21.5700234522153,0.0 
 03/19  18:00:00,21.5691027688671,0.0 
 03/19  19:00:00,21.502099810033,0.0 
 03/19  20:00:00,21.4364403998413,0.0 
 03/19  21:00:00,21.3114137029924,0.0 
 03/19  22:00:00,21.1794922139529,0.0 
 03/19  23:00:00,21.0725612710765,0.0 
 03/19  24:00:00,20.9548633158348,0.0 
 03/20  01:00:00,20.8294862969662,0.0 
 03/20  02:00:00,20.6728720318359,0.0 
 03/20  03:00:00,20.5228313231587,0.0 
 03/20  04:00:00,20.4089874102994,0.0 
 03/20  05:00:00,20.2882010543302,0.0 
 03/20  06:00:00,20.168168079311,0.0 
 03/20  07:00:00,20.0475510920209,0.0 
 03/20  08:00:00,19.9391383319688,1093986722.03573 
 03/20  09:00:00,20.2061849692524,740069975.39295 
 03/20  10:00:00,21.5357226907868,18368674.6199823 
 03/20  11:00:00,23.3329146573385,0.0 
 03/20  12:00:00,24.2765086890233,0.0 
 03/20  13:00:00,24.3997144313188,0.0 
 03/20  14:00:00,24.5888895508435,0.0 
 03/20  15:00:00,25.0172556598902,0.0 
 03/20  16:00:00,25.393809464305,0.0 
 03/20  17:00:00,25.2286072196565,0.0 
 03/20  18:00:00,24.6918708220157,0.0 
 03/20  19:00:00,24.0111797813371,0.0 
 03/20  20:00:00,23.3971201542915,0.0 
 03/20  21:00:00,22.9918713779104,0.0 
 03/20  22:00:00,22.6745394701303,0.0 
 03/20  23:00:00,22.3871969388251,0.0 
 03/20  24:00:00,22.1821912873115,0.0 
 03/21  01:00:00,22.4336394919266,0.0 
 03/21  02:00:00,22.4684145550334,0.0 
 03/21  03:00:00,22.4772633984367,0.0 
 03/21  04:00:00,22.4843806296613,0.0 
 03/21  05:00:00,22.4708434655911,0.0 
 03/21  06:00:00,22.4350456748674,0.0 
 03/21  07:00:00,22.3778920486803,0.0 
 03/21  08:00:00,22.3296744458384,0.0 
 03/21  09:00:00,22.4291793224997,0.0 
 03/21  10:00:00,22.6846365668556,0.0 
 03/21  11:00:00,23.1554777257504,0.0 
 03/21  12:00:00,23.974245011607,0.0 
 03/21  13:00:00,24.0096556585583,0.0 
 03/21  14:00:00,23.8924795057679,0.0 
 03/21  15:00:00,24.3312880241281,0.0 
 03/21  16:00:00,24.711200534014,0.0 
 03/21  17:00:00,24.8412651235757,0.0 
 03/21  18:00:00,24.8760599158791,0.0 
 03/21  19:00:00,24.5163022330811,0.0 
 03/21  20:00:00,23.9236393113365,0.0 
 03/21  21:00:00,23.4839494090413,0.0 
 03/21  22:00:00,23.1776537245947,0.0 
 03/21  23:00:00,22.9482367087627,0.0 
 03/21  24:00:00,22.8108010771705,0.0 
 03/22  01:00:00,22.6023668319292,0.0 
 03/22  02:00:00,22.5251530091496,0.0 
 03/22  03:00:00,22.2120183490497,0.0 
 03/22  04:00:00,21.823111123482,0.0 
 03/22  05:00:00,21.437053788629,0.0 
 03/22  06:00:00,21.1384302232702,0.0 
 03/22  07:00:00,20.8093678954085,0.0 
 03/22  08:00:00,20.5350510005572,1158692212.34544 
 03/22  09:00:00,20.6668344072508,781680113.68573 
 03/22  10:00:00,21.6496994734313,189004668.289719 
 03/22  11:00:00,23.3678591604112,0.0 
 03/22  12:00:00,24.9998104978062,0.0 
 03/22  13:00:00,25.3176881561033,0.0 
 03/22  14:00:00,25.457262491321,0.0 
 03/22  15:00:00,25.9901574741579,0.0 
 03/22  16:00:00,26.41545536383,0.0 
 03/22  17:00:00,26.627377428578,0.0 
 03/22  18:00:00,26.7017561647221,0.0 
 03/22  19:00:00,26.4302518658506,0.0 
 03/22  20:00:00,25.9576012434931,0.0 
 03/22  21:00:00,25.3902273407212,0.0 
 03/22  22:00:00,24.9269506080346,0.0 
 03/22  23:00:00,24.5346117068677,0.0 
 03/22  24:00:00,24.1269645876328,0.0 
 03/23  01:00:00,23.7483588114755,0.0 
 03/23  02:00:00,23.5687777964569,0.0 
 03/23  03:00:00,23.2614965087685,0.0 
 03/23  04:00:00,22.9021025501349,0.0 
 03/23  05:00:00,22.5962269332369,0.0 
 03/23  06:00:00,22.290599425632,0.0 
 03/23  07:00:00,21.9858908972839,0.0 
 03/23  08:00:00,21.7169720039005,149863648.932935 
 03/23  09:00:00,21.7281810545654,734328664.047581 
 03/23  10:00:00,22.2977003858288,0.0 
 03/23  11:00:00,23.8078236864289,0.0 
 03/23  12:00:00,25.0377580001018,0.0 
 03/23  13:00:00,25.2456691535135,0.0 
 03/23  14:00:00,25.5288855060819,0.0 
 03/23  15:00:00,26.1319031738157,0.0 
 03/23  16:00:00,26.5918114136311,0.0 
 03/23  17:00:00,26.8439136844722,0.0 
 03/23  18:00:00,26.9980489310722,0.0 
 03/23  19:00:00,26.8383370174416,0.0 
 03/23  20:00:00,26.3258957680654,0.0 
 03/23  21:00:00,25.8259255425822,0.0 
 03/23  22:00:00,25.485523052798,0.0 
 03/23  23:00:00,25.1738445152167,0.0 
 03/23  24:00:00,24.8631333794673,0.0 
 03/24  01:00:00,24.6309413075214,0.0 
 03/24  02:00:00,23.814974702374,0.0 
 03/24  03:00:00,23.3858899061873,0.0 
 03/24  04:00:00,23.2986153130398,0.0 
 03/24  05:00:00,23.2250504277123,0.0 
 03/24  06:00:00,23.0527693179526,0.0 
 03/24  07:00:00,22.8415455310438,0.0 
 03/24  08:00:00,22.6962886989176,0.0 
 03/24  09:00:00,22.7750308730518,0.0 
 03/24  10:00:00,23.1601731713786,0.0 
 03/24  11:00:00,23.7547667621693,0.0 
 03/24  12:00:00,24.5030915484212,0.0 
 03/24  13:00:00,24.7540947011895,0.0 
 03/24  14:00:00,25.1135292741479,0.0 
 03/24  15:00:00,25.7479061652341,0.0 
 03/24  16:00:00,26.3157000467084,0.0 
 03/24  17:00:00,26.656284157082,0.0 
 03/24  18:00:00,26.8026518829118,0.0 
 03/24  19:00:00,26.6904138781251,0.0 
 03/24  20:00:00,26.4358664495198,0.0 
 03/24  21:00:00,26.1534556168924,0.0 
 03/24  22:00:00,25.9067492968669,0.0 
 03/24  23:00:00,25.7334162159908,0.0 
 03/24  24:00:00,25.5770169741816,0.0 
 03/25  01:00:00,25.4442489966435,0.0 
 03/25  02:00:00,24.7264859629637,0.0 
 03/25  03:00:00,24.3723663791446,0.0 
 03/25  04:00:00,24.3391906578313,0.0 
 03/25  05:00:00,24.2973161124252,0.0 
 03/25  06:00:00,24.2477280753999,0.0 
 03/25  07:00:00,24.2029207683461,0.0 
 03/25  08:00:00,24.1442972760785,0.0 
 03/25  09:00:00,24.101354341136,0.0 
 03/25  10:00:00,24.1462526574958,0.0 
 03/25  11:00:00,24.3837806963804,0.0 
 03/25  12:00:00,24.5721512134831,0.0 
 03/25  13:00:00,24.6685391133889,0.0 
 03/25  14:00:00,24.7936737439794,0.0 
 03/25  15:00:00,25.0309861948036,0.0 
 03/25  16:00:00,25.2274370209538,0.0 
 03/25  17:00:00,25.3702043713235,0.0 
 03/25  18:00:00,25.4767875115068,0.0 
 03/25  19:00:00,25.5187479238832,0.0 
 03/25  20:00:00,25.4988996416867,0.0 
 03/25  21:00:00,25.4111091915716,0.0 
 03/25  22:00:00,25.3116650628116,0.0 
 03/25  23:00:00,25.1980758531508,0.0 
 03/25  24:00:00,25.0795532837203,0.0 
 03/26  01:00:00,24.976139530899,0.0 
 03/26  02:00:00,24.9107577934769,0.0 
 03/26  03:00:00,24.7139188179625,0.0 
 03/26  04:00:00,24.494735438301,0.0 
 03/26  05:00:00,24.3028694739764,0.0 
 03/26  06:00:00,24.1659008098479,0.0 
 03/26  07:00:00,24.0601963113207,0.0 
 03/26  08:00:00,23.9197277117242,0.0 
 03/26  09:00:00,23.8319831395075,0.0 
 03/26  10:00:00,23.7978835206262,0.0 
 03/26  11:00:00,23.8793059045803,0.0 
 03/26  12:00:00,24.0444310560145,0.0 
 03/26  13:00:00,24.2400752268156,0.0 
 03/26  14:00:00,24.36229514542,0.0 
 03/26  15:00:00,24.3844366074875,0.0 
 03/26  16:00:00,24.3520056773896,0.0 
 03/26  17:00:00,24.322360176453,0.0 
 03/26  18:00:00,24.3204202879817,0.0 
 03/26  19:00:00,24.1755430825677,0.0 
 03/26  20:00:00,23.9146490100705,0.0 
 03/26  21:00:00,23.6816330345702,0.0 
 03/26  22:00:00,23.5080466957727,0.0 
 03/26  23:00:00,23.3443851278722,0.0 
 03/26  24:00:00,23.1792109214191,0.0 
 03/27  01:00:00,23.0102002297293,0.0 
 03/27  02:00:00,23.0033123069362,0.0 
 03/27  03:00:00,22.9099919940337,0.0 
 03/27  04:00:00,22.7842279991154,0.0 
 03/27  05:00:00,22.6908090520288,0.0 
 03/27  06:00:00,22.6291559647935,0.0 
 03/27  07:00:00,22.5611199730279,0.0 
 03/27  08:00:00,22.5234089166453,0.0 
 03/27  09:00:00,22.6950349870051,0.0 
 03/27  10:00:00,23.1953926876034,0.0 
 03/27  11:00:00,23.836843426206,0.0 
 03/27  12:00:00,24.4763540397839,0.0 
 03/27  13:00:00,24.7110663696416,0.0 
 03/27  14:00:00,24.9083845110955,0.0 
 03/27  15:00:00,25.5450349205477,0.0 
 03/27  16:00:00,26.0707592291847,0.0 
 03/27  17:00:00,26.3477200147089,0.0 
 03/27  18:00:00,26.3936774458084,0.0 
 03/27  19:00:00,26.1996176981664,0.0 
 03/27  20:00:00,25.8969933274955,0.0 
 03/27  21:00:00,25.5611242957623,0.0 
 03/27  22:00:00,25.2414850032396,0.0 
 03/27  23:00:00,24.941074380442,0.0 
 03/27  24:00:00,24.712645613325,0.0 
 03/28  01:00:00,24.5421427420605,0.0 
 03/28  02:00:00,24.2497288206364,0.0 
 03/28  03:00:00,24.0725764629936,0.0 
 03/28  04:00:00,24.0053389773265,0.0 
 03/28  05:00:00,23.8942377281988,0.0 
 03/28  06:00:00,23.7679464504097,0.0 
 03/28  07:00:00,23.6720296964063,0.0 
 03/28  08:00:00,23.5579486067084,0.0 
 03/28  09:00:00,23.5512034977373,0.0 
 03/28  10:00:00,23.738656785121,0.0 
 03/28  11:00:00,23.9976113125622,0.0 
 03/28  12:00:00,24.1735130856205,0.0 
 03/28  13:00:00,24.0837517149655,0.0 
 03/28  14:00:00,24.0899321468747,0.0 
 03/28  15:00:00,24.3661662037511,0.0 
 03/28  16:00:00,24.5403679948063,0.0 
 03/28  17:00:00,24.4931369027277,0.0 
 03/28  18:00:00,24.4171634701622,0.0 
 03/28  19:00:00,24.1678443853221,0.0 
 03/28  20:00:00,23.846346947479,0.0 
 03/28  21:00:00,23.4921489771422,0.0 
 03/28  22:00:00,23.1446449011626,0.0 
 03/28  23:00:00,22.9184542620833,0.0 
 03/28  24:00:00,22.7612819960351,0.0 
 03/29  01:00:00,22.6288589091767,0.0 
 03/29  02:00:00,22.5550918395018,0.0 
 03/29  03:00:00,22.3553307740017,0.0 
 03/29  04:00:00,22.1512676167604,0.0 
 03/29  05:00:00,22.0146452028477,0.0 
 03/29  06:00:00,21.9202194531109,0.0 
 03/29  07:00:00,21.8223223584897,0.0 
 03/29  08:00:00,21.7393554987534,77902026.0590172 
 03/29  09:00:00,21.76679525798,339858797.238469 
 03/29  10:00:00,22.0874416845804,417667749.5836 
 03/29  11:00:00,22.98278765446,0.0 
 03/29  12:00:00,23.7129904726292,0.0 
 03/29  13:00:00,23.7331637016381,0.0 
 03/29  14:00:00,23.8562867656513,0.0 
 03/29  15:00:00,24.3688932548904,0.0 
 03/29  16:00:00,24.868742323328,0.0 
 03/29  17:00:00,25.093215504461,0.0 
 03/29  18:00:00,25.2213947263193,0.0 
 03/29  19:00:00,24.9956275772839,0.0 
 03/29  20:00:00,24.5854753035668,0.0 
 03/29  21:00:00,24.1836063601699,0.0 
 03/29  22:00:00,23.7743012342355,0.0 
 03/29  23:00:00,23.4535179684109,0.0 
 03/29  24:00:00,23.2058992057579,0.0 
 03/30  01:00:00,23.2685660953265,0.0 
 03/30  02:00:00,23.2214192066114,0.0 
 03/30  03:00:00,23.1348823392924,0.0 
 03/30  04:00:00,23.0350095349308,0.0 
 03/30  05:00:00,22.9038294037296,0.0 
 03/30  06:00:00,22.7493318942102,0.0 
 03/30  07:00:00,22.608197156708,0.0 
 03/30  08:00:00,22.5194827256746,0.0 
 03/30  09:00:00,22.5865015271678,0.0 
 03/30  10:00:00,22.8147988343163,0.0 
 03/30  11:00:00,23.2598809356357,0.0 
 03/30  12:00:00,23.5855761649336,0.0 
 03/30  13:00:00,23.5363193944167,0.0 
 03/30  14:00:00,23.4817811998663,0.0 
 03/30  15:00:00,23.6313946089242,0.0 
 03/30  16:00:00,23.7742263998019,0.0 
 03/30  17:00:00,23.7977646031252,0.0 
 03/30  18:00:00,23.7703260902871,0.0 
 03/30  19:00:00,23.5611933862221,0.0 
 03/30  20:00:00,23.2040339689826,0.0 
 03/30  21:00:00,22.8669377643193,0.0 
 03/30  22:00:00,22.5989618074346,0.0 
 03/30  23:00:00,22.3538010879959,0.0 
 03/30  24:00:00,22.121439622429,0.0 
 03/31  01:00:00,21.9742710934788,0.0 
 03/31  02:00:00,21.8446963967119,0.0 
 03/31  03:00:00,21.7198757446238,0.0 
 03/31  04:00:00,21.6253259974651,0.0 
 03/31  05:00:00,21.5293909979764,0.0 
 03/31  06:00:00,21.4199333757659,0.0 
 03/31  07:00:00,21.3376109132099,0.0 
 03/31  08:00:00,21.2718018984044,28815216.3415927 
 03/31  09:00:00,21.3204343791928,0.0 
 03/31  10:00:00,21.4786212506142,0.0 
 03/31  11:00:00,21.6656664608141,0.0 
 03/31  12:00:00,21.7827135271813,0.0 
 03/31  13:00:00,21.6272866031194,0.0 
 03/31  14:00:00,21.5654973828793,0.0 
 03/31  15:00:00,21.7602579832693,0.0 
 03/31  16:00:00,21.8930224653514,0.0 
 03/31  17:00:00,21.8301072580104,0.0 
 03/31  18:00:00,21.6965973335433,0.0 
 03/31  19:00:00,21.4122945229867,0.0 
 03/31  20:00:00,21.1164506870915,0.0 
 03/31  21:00:00,20.9143498973394,0.0 
 03/31  22:00:00,20.7861554458071,0.0 
 03/31  23:00:00,20.5892408327754,113521962.117196 
 03/31  24:00:00,20.4523632201981,0.0 
