EST,iw north average temp C,iw heating energy kWh,,,
1/01/2017 1:00,21.27891391,24.54608278,,,
1/01/2017 2:00,21.2373823,24.62155711,,,
1/01/2017 3:00,21.14239322,25.92720303,,,
1/01/2017 4:00,21.08577301,25.21622673,,,
1/01/2017 5:00,21.06812094,25.78374287,,,
1/01/2017 6:00,21.00549489,26.0900374,,,
1/01/2017 7:00,20.96402965,26.8461122,,,
1/01/2017 8:00,20.91073933,26.47912533,,,
1/01/2017 9:00,21.28490417,79.09295623,,,
1/01/2017 10:00,22.51812037,45.37730398,,,
1/01/2017 11:00,23.28362317,5.054945518,,,
1/01/2017 12:00,23.31123003,11.04442726,,,
1/01/2017 13:00,23.31964735,7.598428461,,,
1/01/2017 14:00,23.28554348,15.68985734,, ,
1/01/2017 15:00,23.30071129,9.553960218,,,
1/01/2017 16:00,23.21388019,14.64453268,,,
1/01/2017 17:00,23.03971114,17.05926905,,,
1/01/2017 18:00,22.66002581,21.36288161,,,
1/01/2017 19:00,22.69840432,38.03974401,,,
1/01/2017 20:00,22.64044736,8.648691929,,,
1/01/2017 21:00,22.14263956,18.52027833,,,
1/01/2017 22:00,21.84698209,20.10351794,,,
1/01/2017 23:00,21.67080814,21.98136503,,,
2/01/2017 0:00,21.52832546,21.6197341,,,
2/01/2017 1:00,21.42907733,22.43789548,,,
2/01/2017 2:00,21.3724752,23.43679983,,,
2/01/2017 3:00,21.26864549,24.41672304,,,
2/01/2017 4:00,21.22657691,23.8576015,,,
2/01/2017 5:00,21.20619483,24.11665748,,,
2/01/2017 6:00,21.21245165,24.63318918,,,
2/01/2017 7:00,21.23112614,24.00805929,,,
2/01/2017 8:00,21.59571631,68.65784658,,,
2/01/2017 9:00,22.62881582,41.95715447,,,
2/01/2017 10:00,22.96680526,9.800372162,,, 
2/01/2017 11:00,22.69308737,39.73974494,,,
2/01/2017 12:00,22.876631,8.542883689,,,
2/01/2017 13:00,22.7779377,17.13263678,,,
2/01/2017 14:00,22.71340608,18.45199518,,,
2/01/2017 15:00,22.69104629,17.21730832,,,
2/01/2017 16:00,22.70942311,16.94700188,,,
2/01/2017 17:00,22.66588199,18.73608396,,,
2/01/2017 18:00,22.65412484,18.15880728,,,
2/01/2017 19:00,22.59602806,17.09919382,,,
2/01/2017 20:00,22.55422906,38.62229943,,,
2/01/2017 21:00,22.67839816,3.892391037,,,
2/01/2017 22:00,22.50757888,15.10387482,,,
2/01/2017 23:00,22.3341661,15.01046537,,,
3/01/2017 0:00,22.15760728,17.18029713,,,
3/01/2017 1:00,22.02918487,18.19033902,,,
3/01/2017 2:00,22.03615898,17.48742333,,,
3/01/2017 3:00,21.93746759,18.54977055,,,
3/01/2017 4:00,21.90030701,18.2861521,,,
3/01/2017 5:00,21.91138176,17.77060623,,,
3/01/2017 6:00,21.85749829,19.26822565,,,
3/01/2017 7:00,21.81376241,18.17185946,,,
3/01/2017 8:00,22.10175872,64.40028653,,,
3/01/2017 9:00,22.89831613,18.35074625,,,
3/01/2017 10:00,22.79905922,13.75522974,,,
3/01/2017 11:00,22.63539285,44.07710349,,,
3/01/2017 12:00,22.88617205,9.849543127,,,
3/01/2017 13:00,22.69900643,18.04305681,,,
3/01/2017 14:00,22.64515056,38.59172911,,,
3/01/2017 15:00,22.89769577,7.047794371,,,
3/01/2017 16:00,22.79120127,17.45826443,,,
3/01/2017 17:00,22.67620835,18.54866564,,,
3/01/2017 18:00,22.68571419,33.31470223,,,
3/01/2017 19:00,22.89110942,11.568256,,,
3/01/2017 20:00,22.86512659,16.48422378,,,
3/01/2017 21:00,22.76419172,8.712652368,,,
3/01/2017 22:00,22.58294053,13.50869916,,,
3/01/2017 23:00,22.47005524,14.42620518,,,
4/01/2017 0:00,22.40431159,14.61205202,,,
4/01/2017 1:00,22.26666625,15.49895521,,,
4/01/2017 2:00,22.24933666,15.83884743,,,
4/01/2017 3:00,22.11571997,18.16644177,,,
4/01/2017 4:00,21.99562137,18.39412568,,,
4/01/2017 5:00,21.91568607,18.06046622,,,
4/01/2017 6:00,21.82864622,18.29220243,,,
4/01/2017 7:00,21.78149237,19.21045119,,,
4/01/2017 8:00,21.92918466,74.96381557,,,
4/01/2017 9:00,22.72245613,28.68479263,,,
4/01/2017 10:00,22.74129604,21.80651449,,,
4/01/2017 11:00,22.60573722,18.18967718,,,
4/01/2017 12:00,22.73539843,21.30726438,,,
4/01/2017 13:00,22.84002149,21.66086765,,,
4/01/2017 14:00,22.77404555,26.60224223,,,
4/01/2017 15:00,22.60101685,28.83172276,,,
4/01/2017 16:00,22.55887944,29.69283529,,,
4/01/2017 17:00,22.56106043,53.90518345,,,
4/01/2017 18:00,22.68522323,34.20785366,,,
4/01/2017 19:00,22.59707786,65.66398228,,,
4/01/2017 20:00,22.69579745,36.62660855,,,
4/01/2017 21:00,22.36776864,5.638141339,,,
4/01/2017 22:00,21.67902939,25.84837429,,,
4/01/2017 23:00,21.1597545,27.13848801,,,
5/01/2017 0:00,20.7640393,29.68425203,,,
5/01/2017 1:00,20.48110403,32.84858077,,,
5/01/2017 2:00,20.29895023,32.17107742,,,
5/01/2017 3:00,20.22487258,32.94662089,,,
5/01/2017 4:00,20.07946874,34.80849881,,,
5/01/2017 5:00,19.98743715,34.69292046,,,
5/01/2017 6:00,19.90839689,35.67400614,,,
5/01/2017 7:00,19.81405692,36.28641336,,,
5/01/2017 8:00,20.16330866,82.33727719,,,
5/01/2017 9:00,21.20688336,66.21718525,,,
5/01/2017 10:00,22.13286358,64.02745518,,,
5/01/2017 11:00,22.83412297,31.56423076,,,
5/01/2017 12:00,22.68471652,38.47765973,,,
5/01/2017 13:00,22.59709478,55.59816662,,,
5/01/2017 14:00,22.78259764,29.69947402,,,
5/01/2017 15:00,22.62260625,60.25489263,,,
5/01/2017 16:00,22.80287428,35.49194954,,,
5/01/2017 17:00,22.70393622,62.93664305,,,
5/01/2017 18:00,22.77143124,45.90232861,,,
5/01/2017 19:00,22.86518659,37.34771779,,,
5/01/2017 20:00,22.77799986,56.13780531,,,
5/01/2017 21:00,22.65885176,5.388130395,,,
5/01/2017 22:00,21.76592837,24.46407296,,,
5/01/2017 23:00,21.14020222,28.15511122,,,
6/01/2017 0:00,20.72782687,30.88948409,,,
6/01/2017 1:00,20.42947028,33.36020858,,,
6/01/2017 2:00,20.30235301,33.15196992,,,
6/01/2017 3:00,20.1003529,35.29330468,,,
6/01/2017 4:00,19.93443888,36.54001932,,,
6/01/2017 5:00,19.79059927,38.08324203,,,
6/01/2017 6:00,19.61946809,38.18685463,,,
6/01/2017 7:00,19.49449496,40.31245153,,,
6/01/2017 8:00,19.63645181,76.79218108,,,
6/01/2017 9:00,20.50265179,71.58566649,,,
6/01/2017 10:00,21.62065358,63.63886384,,,
6/01/2017 11:00,22.65508241,41.17905225,,,
6/01/2017 12:00,22.65048747,30.18609395,,,
6/01/2017 13:00,22.64421272,24.54759447,,,
6/01/2017 14:00,22.64031409,51.78159102,,,
6/01/2017 15:00,22.91983646,44.23085346,,,
6/01/2017 16:00,22.81664524,41.48163357,,,
6/01/2017 17:00,22.62269262,71.2576673,,,
6/01/2017 18:00,22.76964146,48.68992249,,,
6/01/2017 19:00,22.78640657,62.95445028,,,
6/01/2017 20:00,22.7900603,56.04279427,,,
6/01/2017 21:00,22.49237002,5.879538755,,,
6/01/2017 22:00,21.42847052,27.50180233,,,
6/01/2017 23:00,20.69766164,33.16426158,,,
7/01/2017 0:00,20.21183592,35.33308525,,,
7/01/2017 1:00,19.90202523,38.6353599,,,
7/01/2017 2:00,19.70890022,39.99386186,,,
7/01/2017 3:00,19.55530601,40.79484328,,,
7/01/2017 4:00,19.44563531,40.72652349,,,
7/01/2017 5:00,19.34035139,42.18774461,,,
7/01/2017 6:00,19.2543313,43.02851704,,,
7/01/2017 7:00,19.21837716,42.31074166,,,
7/01/2017 8:00,19.18627364,44.88605518,,,
7/01/2017 9:00,19.49686436,80.19663768,,,
7/01/2017 10:00,20.53785634,68.99876468,,,
7/01/2017 11:00,21.72874611,64.57150578,,,
7/01/2017 12:00,22.82107201,36.55827637,,,
7/01/2017 13:00,22.83829382,35.9958985,,,
7/01/2017 14:00,22.64840548,67.60046683,,,
7/01/2017 15:00,22.75329829,46.87033598,,,
7/01/2017 16:00,22.83242969,45.72042028,,,
7/01/2017 17:00,22.70255184,75.37293249,,,
7/01/2017 18:00,22.79599772,50.76708823,,,
7/01/2017 19:00,22.57611732,73.03558838,,,
7/01/2017 20:00,22.30019726,6.409173262,,,
7/01/2017 21:00,21.04683442,34.47489842,,,
7/01/2017 22:00,20.25042934,36.82100185,,,
7/01/2017 23:00,19.77315032,40.22559678,,,
8/01/2017 0:00,19.52608204,41.01247532,,,
8/01/2017 1:00,19.31772898,42.84133634,,,
8/01/2017 2:00,19.12807569,44.42952504,,,
8/01/2017 3:00,18.94231789,46.07941498,,,
8/01/2017 4:00,18.78690998,48.60052096,,,
8/01/2017 5:00,18.66043365,47.96224421,,,
8/01/2017 6:00,18.57297175,48.18963667,,,
8/01/2017 7:00,18.47883768,51.74762413,,,
8/01/2017 8:00,18.41052125,49.53921733,,,
8/01/2017 9:00,18.72143736,80.35730209,,,
8/01/2017 10:00,19.84164619,68.20735196,,,
8/01/2017 11:00,20.85397372,66.42314893,,,
8/01/2017 12:00,21.59869626,65.57983933,,,
8/01/2017 13:00,22.13048135,65.89606597,,,
8/01/2017 14:00,22.57731642,66.34023262,,,
8/01/2017 15:00,22.78524115,54.74429038,,,
8/01/2017 16:00,22.74297818,55.13059519,,,
8/01/2017 17:00,22.73659955,57.67077262,,,
8/01/2017 18:00,22.56245791,71.38574816,,,
8/01/2017 19:00,22.58940708,64.43404911,,,
8/01/2017 20:00,22.09975315,9.410991133,,,
8/01/2017 21:00,20.87487562,32.51123273,,,
8/01/2017 22:00,20.20225495,36.86412539,,,
8/01/2017 23:00,19.75834172,39.51944964,,,
9/01/2017 0:00,19.47139928,42.05340533,,,
9/01/2017 1:00,19.30699359,43.69711893,,,
9/01/2017 2:00,19.15459024,43.30623842,,,
9/01/2017 3:00,19.03073529,46.81002599,,,
9/01/2017 4:00,18.95471278,44.84529119,,,
9/01/2017 5:00,18.92712208,46.88313927,,,
9/01/2017 6:00,18.90261033,44.89212154,,,
9/01/2017 7:00,18.84214922,48.07611751,,,
9/01/2017 8:00,19.16870563,79.79194025,,,
9/01/2017 9:00,20.00113609,69.77314488,,,
9/01/2017 10:00,20.65579018,67.05020162,,,
9/01/2017 11:00,21.26854106,65.99691666,,,
9/01/2017 12:00,22.05010843,64.55067036,,,
9/01/2017 13:00,22.77721643,49.64450099,,,
9/01/2017 14:00,23.03744323,33.19495322,,,
9/01/2017 15:00,23.05668175,32.4553808,,,
9/01/2017 16:00,22.84538099,43.88642483,,,
9/01/2017 17:00,22.84962237,38.46604996,,,
9/01/2017 18:00,22.71694111,72.26613269,,,
9/01/2017 19:00,22.9248455,31.62341674,,,
9/01/2017 20:00,22.81076343,60.08627985,,,
9/01/2017 21:00,22.71108618,5.342988332,,,
9/01/2017 22:00,21.75740014,26.28560363,,,
9/01/2017 23:00,21.21859744,28.36046637,,,
10/01/2017 0:00,20.88184524,29.36532692,,,
10/01/2017 1:00,20.64877919,31.78808108,,,
10/01/2017 2:00,20.42912578,33.73703772,,,
10/01/2017 3:00,20.25094468,34.62848477,,,
10/01/2017 4:00,20.14813548,35.69981796,,,
10/01/2017 5:00,20.15667036,35.62427083,,,
10/01/2017 6:00,20.06976168,33.84902258,,,
10/01/2017 7:00,19.9521312,36.69742885,,,
10/01/2017 8:00,20.21675715,74.41716089,,,
10/01/2017 9:00,21.22601586,66.94880989,,,
10/01/2017 10:00,22.23723924,64.47793956,,,
10/01/2017 11:00,23.00777465,22.92001687,,,
10/01/2017 12:00,22.80065844,59.90552229,,,
10/01/2017 13:00,22.94602385,21.91855583,,,
10/01/2017 14:00,22.88611668,38.69647434,,,
10/01/2017 15:00,22.85088212,53.36235105,,,
10/01/2017 16:00,23.00151073,10.02988138,,,
10/01/2017 17:00,22.81234467,38.22554415,,,
10/01/2017 18:00,22.79078513,41.23834764,,,
10/01/2017 19:00,23.01336189,12.06681257,,,
10/01/2017 20:00,22.76826045,41.06898538,,,
10/01/2017 21:00,22.65872017,4.633467573,,,
10/01/2017 22:00,22.27504702,18.11484225,,,
10/01/2017 23:00,21.95911486,19.18575227,,,
11/01/2017 0:00,21.65901567,21.69198335,,,
11/01/2017 1:00,21.53465492,22.24905403,,,
11/01/2017 2:00,21.57202487,20.97490292,,,
11/01/2017 3:00,21.69801906,20.57915244,,,
11/01/2017 4:00,21.65071713,21.25770633,,,
11/01/2017 5:00,21.54054226,21.10861725,,,
11/01/2017 6:00,21.44179655,22.29024423,,,
11/01/2017 7:00,21.35788596,23.21574597,,,
11/01/2017 8:00,21.5264415,67.99343411,,,
11/01/2017 9:00,22.52006194,43.21262082,,,
11/01/2017 10:00,23.11337601,7.087039998,,,
11/01/2017 11:00,22.98719524,17.20552263,,,
11/01/2017 12:00,23.05372323,13.56051786,,,
11/01/2017 13:00,23.24630882,12.37440011,,,
11/01/2017 14:00,23.40528808,5.998961933,,,
11/01/2017 15:00,23.33580078,16.36119926,,,
11/01/2017 16:00,23.28533112,13.26047461,,,
11/01/2017 17:00,23.12152148,15.33624903,,,
11/01/2017 18:00,22.94575442,16.33966305,,,
11/01/2017 19:00,22.69346752,17.61189102,,,
11/01/2017 20:00,22.62648592,34.82581626,,,
11/01/2017 21:00,22.75049689,6.170739608,,,
11/01/2017 22:00,22.46633303,15.3551243,,,
11/01/2017 23:00,22.37616508,15.08439226,,,
12/01/2017 0:00,22.36827573,13.715223,,,
12/01/2017 1:00,22.37624363,7.316576525,,,
12/01/2017 2:00,22.28767064,0,,,
12/01/2017 3:00,22.13386242,0,,,
12/01/2017 4:00,21.96535288,0,,,
12/01/2017 5:00,21.84206427,0,,,
12/01/2017 6:00,21.74938177,0,,,
12/01/2017 7:00,21.68302225,0,,,
12/01/2017 8:00,21.63507779,0,,,
12/01/2017 9:00,21.61222651,0,,,
12/01/2017 10:00,21.59849007,0,,,
12/01/2017 11:00,21.66601073,0,,,
12/01/2017 12:00,21.77417488,0,,,
12/01/2017 13:00,21.99214651,0,,,
12/01/2017 14:00,22.112921,0,,,
12/01/2017 15:00,22.25479839,0,,,
12/01/2017 16:00,22.21890335,0,,,
12/01/2017 17:00,22.11838537,0,,,
12/01/2017 18:00,21.94294833,0,,,
12/01/2017 19:00,21.94094377,0,,,
12/01/2017 20:00,22.18447329,60.37137183,,,
12/01/2017 21:00,22.91624493,5.278889604,,,
12/01/2017 22:00,22.68876124,10.09502478,,,
12/01/2017 23:00,22.30849176,16.52742203,,,
13/01/2017 0:00,22.00259094,18.35808857,,,
13/01/2017 1:00,21.75525087,19.70684082,,,
13/01/2017 2:00,21.64026469,20.28994988,,,
13/01/2017 3:00,21.47943539,21.54137889,,,
13/01/2017 4:00,21.33488599,22.91617258,,,
13/01/2017 5:00,21.26485552,23.59673404,,,
13/01/2017 6:00,21.19642238,24.08179746,,,
13/01/2017 7:00,21.10400198,25.03979391,,,
13/01/2017 8:00,21.3332552,77.53788982,,,
13/01/2017 9:00,22.37055009,54.32510972,,,
13/01/2017 10:00,23.07137033,5.557611719,,,
13/01/2017 11:00,22.94179051,20.26171857,,,
13/01/2017 12:00,22.98624412,8.003671118,,,
13/01/2017 13:00,23.10733046,24.88631696,,,
13/01/2017 14:00,23.17814634,17.70104732,,,
13/01/2017 15:00,23.22259047,12.25986336,,,
13/01/2017 16:00,23.01339712,24.80561243,,,
13/01/2017 17:00,22.79375684,26.5409698,,,
13/01/2017 18:00,22.53482926,45.62297223,,,
13/01/2017 19:00,22.68899194,27.94666581,,,
13/01/2017 20:00,22.60132579,46.8089516,,,
13/01/2017 21:00,22.68549532,5.384042187,,,
13/01/2017 22:00,22.10300243,19.44764115,,,
13/01/2017 23:00,21.69829896,22.1731418,,,
14/01/2017 0:00,21.455002,22.99405598,,,
14/01/2017 1:00,21.27516438,24.25182741,,,
14/01/2017 2:00,21.09733757,26.29077401,,,
14/01/2017 3:00,20.92759519,27.17945364,,,
14/01/2017 4:00,20.80737989,27.72044686,,,
14/01/2017 5:00,20.73518584,28.53125091,,,
14/01/2017 6:00,20.6993456,29.50763653,,,
14/01/2017 7:00,20.71887255,28.72234984,,,
14/01/2017 8:00,20.73412665,27.2691075,,,
14/01/2017 9:00,21.16407686,82.55153694,,,
14/01/2017 10:00,22.31949718,61.03668558,,,
14/01/2017 11:00,23.010198,17.16081193,,,
14/01/2017 12:00,22.85911621,24.99995049,,,
14/01/2017 13:00,22.80939937,24.8513962,,,
14/01/2017 14:00,22.80298385,23.65863118,,,
14/01/2017 15:00,22.72921854,24.53494538,,,
14/01/2017 16:00,22.74439051,35.12272097,,,
14/01/2017 17:00,22.80748226,25.65712827,,,
14/01/2017 18:00,22.69877435,43.04238691,,,
14/01/2017 19:00,22.82548126,20.06555911,,,
14/01/2017 20:00,22.51091312,10.35411233,,,
14/01/2017 21:00,22.13231003,18.12083948,,,
14/01/2017 22:00,21.85654285,20.18744081,,,
14/01/2017 23:00,21.65719355,20.94598078,,,
15/01/2017 0:00,21.491446,22.33239924,,,
15/01/2017 1:00,21.37731313,22.87211602,,,
15/01/2017 2:00,21.2794368,23.89340484,,,
15/01/2017 3:00,21.13625582,25.39158701,,,
15/01/2017 4:00,20.99038504,26.31018327,,,
15/01/2017 5:00,20.84855873,27.45273209,,,
15/01/2017 6:00,20.72453167,29.56008465,,,
15/01/2017 7:00,20.62600995,28.98075683,,,
15/01/2017 8:00,20.56718312,29.13310738,,,
15/01/2017 9:00,20.91994249,77.02728513,,,
15/01/2017 10:00,22.28596906,59.62397671,,,
15/01/2017 11:00,23.3277396,5.937446088,,,
15/01/2017 12:00,23.2691229,16.92829752,,,
15/01/2017 13:00,23.29726976,20.11861736,,,
15/01/2017 14:00,23.28825588,21.06268375,,,
15/01/2017 15:00,23.26306401,19.94154744,,,
15/01/2017 16:00,23.15623675,22.90052504,,,
15/01/2017 17:00,23.01869884,23.94876694,,,
15/01/2017 18:00,22.80673176,26.3219378,,,
15/01/2017 19:00,22.6411305,27.40246531,,,
15/01/2017 20:00,22.4055355,10.19720374,,,
15/01/2017 21:00,21.95930977,19.85941321,,,
15/01/2017 22:00,21.67459529,22.45880531,,,
15/01/2017 23:00,21.43715056,23.1641318,,,
16/01/2017 0:00,21.23254652,25.90566232,,,
16/01/2017 1:00,21.10833889,25.4948364,,,
16/01/2017 2:00,21.02824234,25.96610221,,,
16/01/2017 3:00,20.96255423,26.57130389,,,
16/01/2017 4:00,20.86992165,27.53684159,,,
16/01/2017 5:00,20.77025459,28.35900982,,,
16/01/2017 6:00,20.67522075,29.07903288,,,
16/01/2017 7:00,20.61238494,29.63035735,,,
16/01/2017 8:00,20.93941395,76.44523448,,,
16/01/2017 9:00,22.06271529,65.73942619,,,
16/01/2017 10:00,22.99628036,27.48725834,,,
16/01/2017 11:00,23.04479675,27.95209752,,,
16/01/2017 12:00,23.04334657,23.68644363,,,
16/01/2017 13:00,23.08774473,21.33660117,,,
16/01/2017 14:00,23.02011489,20.60200644,,,
16/01/2017 15:00,22.98483625,20.52696776,,,
16/01/2017 16:00,22.88143562,22.21922096,,,
16/01/2017 17:00,22.68629726,42.36917581,,,
16/01/2017 18:00,22.8592697,14.68742515,,,
16/01/2017 19:00,22.71611518,29.65395374,,,
16/01/2017 20:00,22.75899819,18.76996698,,,
16/01/2017 21:00,22.58527718,9.336315578,,,
16/01/2017 22:00,22.31381809,17.09935176,,,
16/01/2017 23:00,22.12985094,17.80620192,,,
17/01/2017 0:00,21.99934757,18.41106967,,,
17/01/2017 1:00,21.91464584,18.69897174,,,
17/01/2017 2:00,21.89439877,18.52026467,,,
17/01/2017 3:00,21.93698518,18.57167274,,,
17/01/2017 4:00,21.78204419,19.81537397,,,
17/01/2017 5:00,21.68599655,20.88831623,,,
17/01/2017 6:00,21.65446003,19.82684485,,,
17/01/2017 7:00,21.66560724,20.85899378,,,
17/01/2017 8:00,21.98067816,65.33655123,,,
17/01/2017 9:00,22.97426148,20.91950874,,,
17/01/2017 10:00,23.20966567,9.597147052,,,
17/01/2017 11:00,23.33647566,9.116635495,,,
17/01/2017 12:00,23.48408691,1.335952628,,,
17/01/2017 13:00,23.46563226,0,,,
17/01/2017 14:00,23.47063787,0,,,
17/01/2017 15:00,23.80399306,0,,,
17/01/2017 16:00,23.91110797,0,,,
17/01/2017 17:00,23.76993564,0,,,
17/01/2017 18:00,23.39688761,0,,,
17/01/2017 19:00,23.1465679,0,,,
17/01/2017 20:00,22.89381922,0,,,
17/01/2017 21:00,22.67011154,0,,,
17/01/2017 22:00,22.43009641,0,,,
17/01/2017 23:00,22.27314008,13.44894898,,,
18/01/2017 0:00,22.33258668,12.75764681,,,
18/01/2017 1:00,22.32113066,14.01035851,,,
18/01/2017 2:00,22.28279527,13.13433123,,,
18/01/2017 3:00,22.29689689,13.93983345,,,
18/01/2017 4:00,22.23536409,14.39682038,,,
18/01/2017 5:00,22.12961269,14.3164019,,,
18/01/2017 6:00,22.10084424,15.89520604,,,
18/01/2017 7:00,21.94781105,17.13751921,,,
18/01/2017 8:00,22.20868268,65.81419697,,,
18/01/2017 9:00,22.82082353,9.37525787,,,
18/01/2017 10:00,22.68025584,19.20634265,,,
18/01/2017 11:00,22.67972838,19.4052685,,,
18/01/2017 12:00,22.74565086,19.56926608,,,
18/01/2017 13:00,22.69981404,21.35292253,,,
18/01/2017 14:00,22.64600906,21.80459323,,,
18/01/2017 15:00,22.5895965,21.51863308,,,
18/01/2017 16:00,22.59657772,22.08358214,,,
18/01/2017 17:00,22.64571818,21.15544773,,,
18/01/2017 18:00,22.56881736,22.48987784,,,
18/01/2017 19:00,22.52940437,22.5589088,,,
18/01/2017 20:00,22.56160642,43.29118282,,,
18/01/2017 21:00,22.87532722,4.954943226,,,
18/01/2017 22:00,22.53253332,12.53238258,,,
18/01/2017 23:00,22.21144245,16.72706159,,,
19/01/2017 0:00,21.99813299,18.59662523,,,
19/01/2017 1:00,21.85443269,19.60583226,,,
19/01/2017 2:00,21.76089001,19.4090995,,,
19/01/2017 3:00,21.74952499,18.98989748,,,
19/01/2017 4:00,21.6847649,19.80556278,,,
19/01/2017 5:00,21.61560804,20.55855178,,,
19/01/2017 6:00,21.57828689,20.29482247,,,
19/01/2017 7:00,21.54838421,21.48328116,,,
19/01/2017 8:00,21.85918741,74.47332806,,,
19/01/2017 9:00,22.82639911,22.20330123,,,
19/01/2017 10:00,22.85845261,19.08119171,,,
19/01/2017 11:00,22.77728003,21.49037465,,,
19/01/2017 12:00,22.9470856,18.22037285,,,
19/01/2017 13:00,23.02932857,17.2435893,,,
19/01/2017 14:00,23.1198622,16.92850833,,,
19/01/2017 15:00,23.28214902,12.67352629,,,
19/01/2017 16:00,23.40573695,5.048642745,,,
19/01/2017 17:00,23.28589834,17.41971108,,,
19/01/2017 18:00,23.01778994,18.34404103,,,
19/01/2017 19:00,22.79723872,22.13204093,,,
19/01/2017 20:00,22.62968168,23.76054936,,,
19/01/2017 21:00,22.40464513,11.69129762,,,
19/01/2017 22:00,22.07848452,17.22232044,,,
19/01/2017 23:00,21.92455811,19.38892645,,,
20/01/2017 0:00,21.74497435,20.14859444,,,
20/01/2017 1:00,21.63876797,20.78403014,,,
20/01/2017 2:00,21.56059246,21.76096423,,,
20/01/2017 3:00,21.5643309,21.14786368,,,
20/01/2017 4:00,21.49294532,21.66533258,,,
20/01/2017 5:00,21.46242381,22.39864293,,,
20/01/2017 6:00,21.44103325,21.78954111,,,
20/01/2017 7:00,21.40807948,22.13900378,,,
20/01/2017 8:00,21.69693858,74.07936231,,,
20/01/2017 9:00,22.69706808,38.73127175,,,
20/01/2017 10:00,23.00050242,10.05461096,,,
20/01/2017 11:00,22.73076163,18.1070757,,,
20/01/2017 12:00,22.80308136,16.27536559,,,
20/01/2017 13:00,22.95528573,14.31592488,,,
20/01/2017 14:00,23.15354987,12.48386831,,,
20/01/2017 15:00,23.43200279,7.789048129,,,
20/01/2017 16:00,23.61295429,3.073949139,,,
20/01/2017 17:00,23.57487827,0,,,
20/01/2017 18:00,23.23308325,0,,,
20/01/2017 19:00,22.94504955,0,,,
20/01/2017 20:00,22.70200333,0,,,
20/01/2017 21:00,22.47305037,0,,,
20/01/2017 22:00,22.34919092,14.25264533,,,
20/01/2017 23:00,22.41316947,13.22038065,,,
21/01/2017 0:00,22.47369242,13.67076228,,,
21/01/2017 1:00,22.46281041,11.84135355,,,
21/01/2017 2:00,22.3892713,14.57008536,,,
21/01/2017 3:00,22.31217731,14.83099958,,,
21/01/2017 4:00,22.24366663,14.53097672,,,
21/01/2017 5:00,22.19957715,15.15770307,,,
21/01/2017 6:00,22.18683638,16.35541129,,,
21/01/2017 7:00,22.16540081,15.70452506,,,
21/01/2017 8:00,22.14648948,15.39725635,,,
21/01/2017 9:00,22.60196096,48.22024816,,,
21/01/2017 10:00,23.63840749,4.153272418,,,
21/01/2017 11:00,24.05065737,1.466177613,,,
21/01/2017 12:00,24.3345297,0,,,
21/01/2017 13:00,24.58178138,0,,,
21/01/2017 14:00,24.78791772,0,,,
21/01/2017 15:00,24.93681476,0,,,
21/01/2017 16:00,24.99347179,0,,,
21/01/2017 17:00,24.90604727,0,,,
21/01/2017 18:00,24.63747971,0,,,
21/01/2017 19:00,24.3740271,0,,,
21/01/2017 20:00,24.11653479,0,,,
21/01/2017 21:00,23.79949359,0,,,
21/01/2017 22:00,23.59364537,0,,,
21/01/2017 23:00,23.39748189,0,,,
22/01/2017 0:00,23.20585109,0,,,
22/01/2017 1:00,23.07759227,12.65494935,,,
22/01/2017 2:00,23.05897581,9.090725273,,,
22/01/2017 3:00,23.00787218,9.501115189,,,
22/01/2017 4:00,22.9120125,10.27808804,,,
22/01/2017 5:00,22.87666187,9.945120193,,,
22/01/2017 6:00,22.84414534,10.62372208,,,
22/01/2017 7:00,22.77735574,11.33290072,,,
22/01/2017 8:00,22.69204435,12.1283945,,,
22/01/2017 9:00,22.77420532,18.066721,,,
22/01/2017 10:00,23.0304978,12.00734897,,,
22/01/2017 11:00,23.33445914,6.499350008,,,
22/01/2017 12:00,23.59669342,2.797838803,,,
22/01/2017 13:00,23.64695309,0,,,
22/01/2017 14:00,23.73566363,0,,,
22/01/2017 15:00,23.88796627,0,,,
22/01/2017 16:00,24.06487178,0,,,
22/01/2017 17:00,24.06311454,0,,,
22/01/2017 18:00,23.88366192,0,,,
22/01/2017 19:00,23.64978221,0,,,
22/01/2017 20:00,23.46300274,0,,,
22/01/2017 21:00,23.31470111,0,,,
22/01/2017 22:00,23.12155863,0,,,
22/01/2017 23:00,22.89782987,0,,,
23/01/2017 0:00,22.59082511,0,,,
23/01/2017 1:00,22.45692523,18.85764423,,,
23/01/2017 2:00,22.48770676,13.64913632,,,
23/01/2017 3:00,22.56692886,11.3250603,,,
23/01/2017 4:00,22.59199675,12.25489897,,,
23/01/2017 5:00,22.58220635,12.64621705,,,
23/01/2017 6:00,22.56009403,12.89472271,,,
23/01/2017 7:00,22.539916,12.93039497,,,
23/01/2017 8:00,22.4965898,20.99472215,,,
23/01/2017 9:00,22.52585819,23.46676052,,,
23/01/2017 10:00,22.58930428,21.81546971,,,
23/01/2017 11:00,22.64344491,15.05489464,,,
23/01/2017 12:00,22.64975746,18.98280746,,,
23/01/2017 13:00,22.62359057,47.50221268,,,
23/01/2017 14:00,22.888383,8.002977584,,,
23/01/2017 15:00,22.69723148,36.51431011,,,
23/01/2017 16:00,22.8255648,15.19215048,,,
23/01/2017 17:00,22.7690995,40.33062027,,,
23/01/2017 18:00,22.77056404,48.55427602,,,
23/01/2017 19:00,22.84966048,28.85912119,,,
23/01/2017 20:00,22.88864801,26.89266036,,,
23/01/2017 21:00,22.62909654,10.01240456,,,
23/01/2017 22:00,22.18270277,17.35541947,,,
23/01/2017 23:00,21.86231461,19.99243513,,,
24/01/2017 0:00,21.69627975,20.49299109,,,
24/01/2017 1:00,21.6024431,21.85953998,,,
24/01/2017 2:00,21.53783931,22.09669332,,,
24/01/2017 3:00,21.55433998,21.62547378,,,
24/01/2017 4:00,21.46874274,22.97529182,,,
24/01/2017 5:00,21.49128992,22.0129125,,,
24/01/2017 6:00,21.48066701,22.23395073,,,
24/01/2017 7:00,21.34983901,23.65714626,,,
24/01/2017 8:00,21.56601732,75.7922417,,,
24/01/2017 9:00,22.55657622,47.85533403,,,
24/01/2017 10:00,22.96043315,11.8227126,,,
24/01/2017 11:00,22.72569339,24.05173467,,,
24/01/2017 12:00,22.78236231,21.86035939,,,
24/01/2017 13:00,22.84290985,20.68255056,,,
24/01/2017 14:00,22.77286128,22.02607128,,,
24/01/2017 15:00,22.68378554,22.31778583,,,
24/01/2017 16:00,22.80481097,21.05357788,,,
24/01/2017 17:00,22.84232418,21.32314321,,,
24/01/2017 18:00,22.62955059,31.87730139,,,
24/01/2017 19:00,22.72383417,28.05945248,,,
24/01/2017 20:00,22.67659561,33.54717119,,,
24/01/2017 21:00,22.61386015,4.469608622,,,
24/01/2017 22:00,22.25902892,18.87033648,,,
24/01/2017 23:00,22.00305419,18.73321957,,,
25/01/2017 0:00,21.87123902,18.51415549,,,
25/01/2017 1:00,21.76427085,19.45003616,,,
25/01/2017 2:00,21.68351736,19.8521263,,,
25/01/2017 3:00,21.69061212,20.15417028,,,
25/01/2017 4:00,21.62219136,20.70884399,,,
25/01/2017 5:00,21.54721053,21.63505928,,,
25/01/2017 6:00,21.49043598,21.96413047,,,
25/01/2017 7:00,21.4499359,21.2584444,,,
25/01/2017 8:00,21.76708573,75.98582858,,,
25/01/2017 9:00,22.81734879,29.50755867,,,
25/01/2017 10:00,23.05491172,15.31233828,,,
25/01/2017 11:00,23.07826194,16.71561816,,,
25/01/2017 12:00,23.38614935,7.352037693,,,
25/01/2017 13:00,23.60495934,2.965430647,,,
25/01/2017 14:00,23.65704723,2.73465565,,,
25/01/2017 15:00,23.66672881,2.618128915,,,
25/01/2017 16:00,23.36863118,13.71693864,,,
25/01/2017 17:00,23.23889899,13.49131747,,,
25/01/2017 18:00,23.02925476,15.28238142,,,
25/01/2017 19:00,22.82764221,17.46168028,,,
25/01/2017 20:00,22.85778684,15.25597453,,,
25/01/2017 21:00,22.82654445,8.606527497,,,
25/01/2017 22:00,22.64217396,12.07523765,,,
25/01/2017 23:00,22.51948252,13.89902011,,,
26/01/2017 0:00,22.44557926,12.88741705,,,
26/01/2017 1:00,22.40565427,14.3852288,,,
26/01/2017 2:00,22.27828836,15.06300268,,,
26/01/2017 3:00,22.21550886,15.10852143,,,
26/01/2017 4:00,22.12856894,16.73829777,,,
26/01/2017 5:00,21.97692641,18.06540457,,,
26/01/2017 6:00,21.81217275,19.14619042,,,
26/01/2017 7:00,21.65250055,19.71291352,,,
26/01/2017 8:00,21.85668025,76.5006762,,,
26/01/2017 9:00,22.75495828,26.62581144,,,
26/01/2017 10:00,22.77222171,21.28596552,,,
26/01/2017 11:00,22.6676342,24.3275243,,,
26/01/2017 12:00,22.71749895,24.37489342,,,
26/01/2017 13:00,22.61046554,26.47954441,,,
26/01/2017 14:00,22.52253705,25.95928136,,,
26/01/2017 15:00,22.69175459,44.22545005,,,
26/01/2017 16:00,22.89162686,21.54905991,,,
26/01/2017 17:00,22.77039954,25.52958498,,,
26/01/2017 18:00,22.6268499,26.54766892,,,
26/01/2017 19:00,22.51527597,46.27589428,,,
26/01/2017 20:00,22.77400006,24.47473464,,,
26/01/2017 21:00,22.514468,11.68310479,,,
26/01/2017 22:00,21.94494922,20.70734978,,,
26/01/2017 23:00,21.63145971,22.37936055,,,
27/01/2017 0:00,21.40224809,24.50032003,,,
27/01/2017 1:00,21.17357681,26.89393771,,,
27/01/2017 2:00,21.04569395,26.42897348,,,
27/01/2017 3:00,21.02132789,26.3373628,,,
27/01/2017 4:00,20.92344782,27.28143407,,,
27/01/2017 5:00,20.82083334,28.13926159,,,
27/01/2017 6:00,20.73476606,29.10796583,,,
27/01/2017 7:00,20.68166736,29.41917611,,,
27/01/2017 8:00,21.03305972,81.22835523,,,
27/01/2017 9:00,22.12176676,65.14129123,,,
27/01/2017 10:00,22.91890575,24.76085466,,,
27/01/2017 11:00,22.78369677,30.41961688,,,
27/01/2017 12:00,22.73847858,50.5190127,,,
27/01/2017 13:00,23.04227046,21.10151716,,,
27/01/2017 14:00,22.81159433,29.52419744,,,
27/01/2017 15:00,22.62888734,58.23700838,,,
27/01/2017 16:00,22.76570314,20.22915467,,,
27/01/2017 17:00,22.76438182,39.64123821,,,
27/01/2017 18:00,22.70667232,56.75698628,,,
27/01/2017 19:00,22.80239373,35.05645364,,,
27/01/2017 20:00,22.87879248,30.49370894,,,
27/01/2017 21:00,22.49146483,11.31923956,,,
27/01/2017 22:00,21.80970931,22.4289177,,,
27/01/2017 23:00,21.39365684,25.47360695,,,
28/01/2017 0:00,21.12189921,27.94166087,,,
28/01/2017 1:00,20.94280571,28.95984004,,,
28/01/2017 2:00,20.76546021,29.24611851,,,
28/01/2017 3:00,20.71744498,30.36332458,,,
28/01/2017 4:00,20.65570052,29.81431308,,,
28/01/2017 5:00,20.61549796,30.92534703,,,
28/01/2017 6:00,20.56710774,31.53572302,,,
28/01/2017 7:00,20.51377783,31.87663863,,,
28/01/2017 8:00,20.479764,31.37021207,,,
28/01/2017 9:00,20.81899127,81.8135895,,,
28/01/2017 10:00,21.90686909,66.61891495,,,
28/01/2017 11:00,22.76243524,48.77529719,,,
28/01/2017 12:00,22.97647678,23.13943361,,,
28/01/2017 13:00,22.82876651,29.54932292,,,
28/01/2017 14:00,22.70880796,36.36940606,,,
28/01/2017 15:00,22.7409301,34.92656939,,,
28/01/2017 16:00,22.72224263,51.73485054,,,
28/01/2017 17:00,22.83527818,18.09236029,,,
28/01/2017 18:00,22.77292118,51.15220515,,,
28/01/2017 19:00,22.78771348,51.30047545,,,
28/01/2017 20:00,22.89139987,5.789265533,,,
28/01/2017 21:00,22.3579646,15.68094957,,,
28/01/2017 22:00,21.89095353,21.8135525,,,
28/01/2017 23:00,21.59764517,23.87087793,,,
29/01/2017 0:00,21.36588353,25.84010211,,,
29/01/2017 1:00,21.09417653,27.61259563,,,
29/01/2017 2:00,20.91127889,28.47510941,,,
29/01/2017 3:00,20.81263188,29.91524895,,,
29/01/2017 4:00,20.74432152,29.62612315,,,
29/01/2017 5:00,20.71273477,29.2175814,,,
29/01/2017 6:00,20.67521431,29.43799293,,,
29/01/2017 7:00,20.64814687,29.96680437,,,
29/01/2017 8:00,20.60349502,30.57533223,,,
29/01/2017 9:00,20.9877065,81.77850099,,,
29/01/2017 10:00,22.14402569,64.59422917,,,
29/01/2017 11:00,23.01660052,19.7985423,,,
29/01/2017 12:00,22.96635102,28.82463755,,,
29/01/2017 13:00,22.98769785,22.89081485,,,
29/01/2017 14:00,22.84002108,28.89854433,,,
29/01/2017 15:00,22.81157223,27.97089394,,,
29/01/2017 16:00,22.66400933,30.24834071,,,
29/01/2017 17:00,22.67788922,34.34649069,,,
29/01/2017 18:00,22.65791639,58.38611146,,,
29/01/2017 19:00,22.82628975,19.75017224,,,
29/01/2017 20:00,22.45563551,9.103505528,,,
29/01/2017 21:00,21.88776134,21.67814875,,,
29/01/2017 22:00,21.5079064,24.93927498,,,
29/01/2017 23:00,21.24455148,25.83109219,,,
30/01/2017 0:00,21.0644214,27.56553761,,,
30/01/2017 1:00,20.95177089,27.9381405,,,
30/01/2017 2:00,20.86040052,29.23232115,,,
30/01/2017 3:00,20.70993515,30.71110997,,,
30/01/2017 4:00,20.6513109,30.34414729,,,
30/01/2017 5:00,20.50745418,31.93691241,,,
30/01/2017 6:00,20.37910627,32.56753792,,,
30/01/2017 7:00,20.33361424,33.97693342,,,
30/01/2017 8:00,20.64964056,80.95114558,,,
30/01/2017 9:00,21.68409258,66.64375838,,,
30/01/2017 10:00,22.57081433,56.66578144,,,
30/01/2017 11:00,22.89209706,28.52632593,,,
30/01/2017 12:00,22.84003608,31.09462237,,,
30/01/2017 13:00,22.90573813,29.28852957,,,
30/01/2017 14:00,22.68025861,35.97284324,,,
30/01/2017 15:00,22.68261655,30.64313118,,,
30/01/2017 16:00,22.59173256,58.25327422,,,
30/01/2017 17:00,22.73887787,34.39209966,,,
30/01/2017 18:00,22.80795706,41.05066668,,,
30/01/2017 19:00,22.72855065,58.53345741,,,
30/01/2017 20:00,22.8114757,41.65662628,,,
30/01/2017 21:00,22.64528766,5.234136583,,,
30/01/2017 22:00,21.91434661,23.4815261,,,
30/01/2017 23:00,21.39057424,25.9124964,,,
31/01/2017 0:00,21.15727336,26.22469783,,,
31/01/2017 1:00,20.88715569,29.29356477,,,
31/01/2017 2:00,20.66722616,31.09455243,,,
31/01/2017 3:00,20.62219442,31.41388591,,,
31/01/2017 4:00,20.49972104,32.58728148,,,
31/01/2017 5:00,20.41801645,33.86768546,,,
31/01/2017 6:00,20.49222842,33.12283658,,,
31/01/2017 7:00,20.5267557,30.54454617,,,
31/01/2017 8:00,20.88166607,75.00714269,,,
31/01/2017 9:00,21.89421117,62.63050763,,,
31/01/2017 10:00,22.73459247,48.08767889,,,
31/01/2017 11:00,23.01141533,12.33444694,,,
31/01/2017 12:00,22.77988954,32.41656178,,,
31/01/2017 13:00,22.85088422,39.60204849,,,
31/01/2017 14:00,22.78115929,34.44743468,,,
31/01/2017 15:00,22.86894125,28.04507864,,,
31/01/2017 16:00,22.91536705,22.19398678,,,
31/01/2017 17:00,22.7808005,25.75501528,,,
31/01/2017 18:00,22.79609526,41.76475549,,,
31/01/2017 19:00,22.76419718,32.98567249,,,
31/01/2017 20:00,22.8515464,23.39479321,,,
31/01/2017 21:00,22.56266708,11.93992296,,,
31/01/2017 22:00,22.09640491,18.91881808,,,
31/01/2017 23:00,21.81072364,21.43287178,,,
1/02/2017 0:00,21.63200901,22.63035797,,,
1/02/2017 1:00,21.49421162,23.39666168,,,
1/02/2017 2:00,21.3892818,24.66295519,,,
1/02/2017 3:00,21.40471844,23.54753558,,,
1/02/2017 4:00,21.35431072,25.08298043,,,
1/02/2017 5:00,21.26825631,24.95029608,,,
1/02/2017 6:00,21.19668358,25.06746171,,,
1/02/2017 7:00,21.14946927,25.98340809,,,
1/02/2017 8:00,21.36614511,75.76675468,,,
1/02/2017 9:00,22.28817319,61.24619231,,,
1/02/2017 10:00,22.99423586,16.88923573,,,
1/02/2017 11:00,22.86235847,26.8139872,,,
1/02/2017 12:00,22.8714474,25.10720071,,,
1/02/2017 13:00,22.8712846,23.34710312,,,
1/02/2017 14:00,22.661689,26.77672788,,,
1/02/2017 15:00,22.75639364,24.77008233,,,
1/02/2017 16:00,22.81624749,23.47913445,,,
1/02/2017 17:00,22.69172793,24.20778688,,,
1/02/2017 18:00,22.70172418,42.02082056,,,
1/02/2017 19:00,22.76082708,20.00452764,,,
1/02/2017 20:00,22.78332976,38.77080058,,,
1/02/2017 21:00,22.682185,9.336706848,,,
1/02/2017 22:00,22.19091681,18.62308297,,,
1/02/2017 23:00,21.87450218,21.08960226,,,
2/02/2017 0:00,21.62856476,23.26947908,,,
2/02/2017 1:00,21.42501647,24.24997693,,,
2/02/2017 2:00,21.27688704,25.6044924,,,
2/02/2017 3:00,21.19867458,24.74633059,,,
2/02/2017 4:00,21.20114912,25.64565339,,,
2/02/2017 5:00,21.11836638,27.04413769,,,
2/02/2017 6:00,21.12225152,26.47147043,,,
2/02/2017 7:00,21.01601492,26.54043133,,,
2/02/2017 8:00,21.29572595,80.53459508,,,
2/02/2017 9:00,22.36757584,62.54464121,,,
2/02/2017 10:00,22.9385866,15.9113273,,,
2/02/2017 11:00,22.77791209,21.72455738,,,
2/02/2017 12:00,22.87616536,32.22081078,,,
2/02/2017 13:00,22.79625423,27.31158038,,,
2/02/2017 14:00,22.96220814,25.00406627,,,
2/02/2017 15:00,23.15867368,22.49997996,,,
2/02/2017 16:00,23.30423834,22.6520011,,,
2/02/2017 17:00,23.26047028,26.69671371,,,
2/02/2017 18:00,22.88693934,31.90761272,,,
2/02/2017 19:00,22.69822418,62.01151026,,,
2/02/2017 20:00,22.81498272,40.01796545,,,
2/02/2017 21:00,22.64101653,5.081441581,,,
2/02/2017 22:00,21.94305172,22.29629527,,,
2/02/2017 23:00,21.44925113,26.01965843,,,
3/02/2017 0:00,21.10129081,28.52598838,,,
3/02/2017 1:00,20.85535212,29.11217238,,,
3/02/2017 2:00,20.66526786,30.76146814,,,
3/02/2017 3:00,20.55453577,31.95368748,,,
3/02/2017 4:00,20.40891031,32.54013311,,,
3/02/2017 5:00,20.26198177,33.8475538,,,
3/02/2017 6:00,20.16838346,35.05997052,,,
3/02/2017 7:00,20.05050598,35.21336189,,,
3/02/2017 8:00,20.26749669,77.20134565,,,
3/02/2017 9:00,21.21255019,70.87248234,,,
3/02/2017 10:00,22.13444576,64.0801338,,,
3/02/2017 11:00,22.89661562,30.07269772,,,
3/02/2017 12:00,22.91299099,30.09631442,,,
3/02/2017 13:00,22.88055919,32.44401602,,,
3/02/2017 14:00,22.89533284,34.48898618,,,
3/02/2017 15:00,22.84639976,34.74416798,,,
3/02/2017 16:00,22.74490008,35.21487841,,,
3/02/2017 17:00,22.69348978,52.09750322,,,
3/02/2017 18:00,22.72045032,61.81411493,,,
3/02/2017 19:00,22.78007077,42.9706354,,,
3/02/2017 20:00,22.82105909,38.40306468,,,
3/02/2017 21:00,22.28948123,12.21914192,,,
3/02/2017 22:00,21.4486502,27.2725683,,,
3/02/2017 23:00,20.97316863,29.6045525,,,
4/02/2017 0:00,20.64123815,31.10520243,,,
4/02/2017 1:00,20.38501821,34.31005178,,,
4/02/2017 2:00,20.16458136,35.73006943,,,
4/02/2017 3:00,19.98905318,37.85543548,,,
4/02/2017 4:00,19.86086997,39.18498602,,,
4/02/2017 5:00,19.76773343,37.67814237,,,
4/02/2017 6:00,19.69934928,40.08559278,,,
4/02/2017 7:00,19.63326927,40.20153633,,,
4/02/2017 8:00,19.57669932,39.21956342,,,
4/02/2017 9:00,20.18736482,79.66439501,,,
4/02/2017 10:00,21.75900985,66.71513219,,,
4/02/2017 11:00,22.96474526,17.67962269,,,
4/02/2017 12:00,22.87703025,11.87581576,,,
4/02/2017 13:00,22.79333029,39.21118798,,,
4/02/2017 14:00,23.01572497,25.3347743,,,
4/02/2017 15:00,23.13520676,23.43855219,,,
4/02/2017 16:00,22.97258358,28.74622509,,,
4/02/2017 17:00,22.7438987,31.45451863,,,
4/02/2017 18:00,22.814185,40.56756965,,,
4/02/2017 19:00,22.68540093,49.89906006,,,
4/02/2017 20:00,22.52404914,5.079918025,,,
4/02/2017 21:00,21.85706549,24.65530528,,,
4/02/2017 22:00,21.43545592,25.15611312,,,
4/02/2017 23:00,21.19613234,27.93120058,,,
5/02/2017 0:00,21.01954385,27.57512341,,,
5/02/2017 1:00,20.92201506,28.47620315,,,
5/02/2017 2:00,20.85284467,29.70663642,,,
5/02/2017 3:00,20.81994858,28.12381921,,,
5/02/2017 4:00,20.75365715,29.00399999,,,
5/02/2017 5:00,20.74264668,29.38609324,,,
5/02/2017 6:00,20.77175145,28.69677466,,,
5/02/2017 7:00,20.80140093,27.95982181,,,
5/02/2017 8:00,20.78530047,28.73433806,,,
5/02/2017 9:00,21.09876341,73.45069629,,,
5/02/2017 10:00,22.11828095,58.31995133,,,
5/02/2017 11:00,22.90536222,29.4667444,,,
5/02/2017 12:00,22.81995028,21.06368105,,,
5/02/2017 13:00,22.94458796,28.42037853,,,
5/02/2017 14:00,23.22106776,14.16059958,,,
5/02/2017 15:00,23.08477545,16.68136786,,,
5/02/2017 16:00,22.8858319,17.6906155,,,
5/02/2017 17:00,22.67746781,18.76784849,,,
5/02/2017 18:00,22.59021759,43.38435943,,,
5/02/2017 19:00,22.88120041,8.280225678,,,
5/02/2017 20:00,22.60223414,12.09765484,,,
5/02/2017 21:00,22.33753298,16.82966208,,,
5/02/2017 22:00,22.13350649,18.68398524,,,
5/02/2017 23:00,21.92043364,19.48038066,,,
6/02/2017 0:00,21.74346171,21.4012716,,,
6/02/2017 1:00,21.61298118,21.80199385,,,
6/02/2017 2:00,21.45181331,23.41069282,,,
6/02/2017 3:00,21.35398214,22.98108216,,,
6/02/2017 4:00,21.23365191,25.24814168,,,
6/02/2017 5:00,21.0922331,27.13019313,,,
6/02/2017 6:00,20.986776,26.53439332,,,
6/02/2017 7:00,20.93826342,26.9336753,,,
6/02/2017 8:00,21.20130336,74.83258513,,,
6/02/2017 9:00,22.5253458,47.70467437,,,
6/02/2017 10:00,23.45955519,4.889832349,,,
6/02/2017 11:00,23.55140524,3.350224257,,,
6/02/2017 12:00,23.6260477,3.121210231,,,
6/02/2017 13:00,23.65070474,2.833293,,,
6/02/2017 14:00,23.66165734,2.723185908,,,
6/02/2017 15:00,23.76497594,2.61856414,,,
6/02/2017 16:00,23.86463741,2.541106038,,,
6/02/2017 17:00,23.91625324,2.582682122,,,
6/02/2017 18:00,23.63801286,2.613127455,,,
6/02/2017 19:00,23.1690702,3.832196291,,,
6/02/2017 20:00,22.7759332,3.780359977,,,
6/02/2017 21:00,22.46514263,3.796925358,,,
6/02/2017 22:00,22.17637542,3.821545982,,,
6/02/2017 23:00,21.92350255,3.861795828,,,
7/02/2017 0:00,21.60213167,3.844541502,,,
7/02/2017 1:00,21.24676735,4.005352819,,,
7/02/2017 2:00,21.04862066,3.898741259,,,
7/02/2017 3:00,20.92416058,3.967693632,,,
7/02/2017 4:00,20.84820145,4.007433776,,,
7/02/2017 5:00,20.66295585,3.984332478,,,
7/02/2017 6:00,20.50889203,4.148099817,,,
7/02/2017 7:00,20.47600772,4.114659888,,,
7/02/2017 8:00,20.42679611,4.060071073,,,
7/02/2017 9:00,20.41152287,4.112819254,,,
7/02/2017 10:00,20.42883431,4.183798117,,,
7/02/2017 11:00,20.58630113,4.231553654,,,
7/02/2017 12:00,20.85748071,2.10156525,,,
7/02/2017 13:00,21.04783255,0,,,
7/02/2017 14:00,21.37861055,0,,,
7/02/2017 15:00,21.71899871,0,,,
7/02/2017 16:00,21.9679955,0,,,
7/02/2017 17:00,22.18904872,0,,,
7/02/2017 18:00,22.19700473,0,,,
7/02/2017 19:00,22.0716773,0,,,
7/02/2017 20:00,21.93815677,0,,,
7/02/2017 21:00,21.76005783,0,,,
7/02/2017 22:00,21.61144214,0,,,
7/02/2017 23:00,21.42863885,0,,,
8/02/2017 0:00,21.3183086,0,,,
8/02/2017 1:00,21.25108248,0,,,
8/02/2017 2:00,21.19883452,0,,,
8/02/2017 3:00,21.18612864,0,,,
8/02/2017 4:00,21.17902529,0,,,
8/02/2017 5:00,21.10123008,6.245086553,,,
8/02/2017 6:00,21.04905404,4.370516673,,,
8/02/2017 7:00,20.95267796,4.451760122,,,
8/02/2017 8:00,20.84128811,4.573988092,,,
8/02/2017 9:00,20.66327971,4.331436858,,,
8/02/2017 10:00,20.55975225,4.400406877,,,
8/02/2017 11:00,20.64002598,4.551885647,,,
8/02/2017 12:00,20.75904036,5.724632672,,,
8/02/2017 13:00,20.69652549,11.78671003,,,
8/02/2017 14:00,20.89165412,58.48033421,,,
8/02/2017 15:00,22.01562328,49.18065133,,,
8/02/2017 16:00,22.70075031,2.364682349,,,
8/02/2017 17:00,22.16095723,1.69342906,,,
8/02/2017 18:00,21.4121142,0.867224279,,,
8/02/2017 19:00,20.60052495,0.577006317,,,
8/02/2017 20:00,19.82595473,0.477789552,,,
8/02/2017 21:00,19.338403,0.403722402,,,
8/02/2017 22:00,18.78622812,0.392013565,,,
8/02/2017 23:00,18.14711576,0.377161405,,,
9/02/2017 0:00,17.57268819,0.380972638,,,
9/02/2017 1:00,17.03928019,0.39271445,,,
9/02/2017 2:00,16.49569264,0.423514817,,,
9/02/2017 3:00,16.0865564,0.425757129,,,
9/02/2017 4:00,15.66264772,0.432724668,,,
9/02/2017 5:00,15.26080392,0.459288113,,,
9/02/2017 6:00,14.85764424,0.445599845,,,
9/02/2017 7:00,14.39117648,0.467539498,,,
9/02/2017 8:00,13.94451089,0.482032277,,,
9/02/2017 9:00,13.62157852,32.39573818,,,
9/02/2017 10:00,14.32519675,70.09973847,,,
9/02/2017 11:00,16.23998554,77.59609946,,,
9/02/2017 12:00,18.39404357,79.56491303,,,
9/02/2017 13:00,20.0359942,75.00494685,,,
9/02/2017 14:00,21.20813698,65.54856022,,,
9/02/2017 15:00,22.21980118,67.52114643,,,
9/02/2017 16:00,22.59691705,25.72343066,,,
9/02/2017 17:00,22.17059112,66.56941174,,,
9/02/2017 18:00,22.32257896,33.59499827,,,
9/02/2017 19:00,22.22984967,54.98845224,,,
9/02/2017 20:00,22.09448904,75.87843132,,,
9/02/2017 21:00,22.15546041,5.798822995,,,
9/02/2017 22:00,21.18953558,26.55908443,,,
9/02/2017 23:00,20.51023575,31.17921293,,,
10/02/2017 0:00,20.11067357,32.36444666,,,
10/02/2017 1:00,19.85641756,35.64533421,,,
10/02/2017 2:00,19.70538426,36.11988321,,,
10/02/2017 3:00,19.67866121,35.55995616,,,
10/02/2017 4:00,19.58757887,36.56981207,,,
10/02/2017 5:00,19.44901273,37.233358,,,
10/02/2017 6:00,19.37208696,38.97460872,,,
10/02/2017 7:00,19.29861763,39.01266038,,,
10/02/2017 8:00,19.60908136,77.10976769,,,
10/02/2017 9:00,20.90009218,74.21193092,,,
10/02/2017 10:00,22.30068383,25.02968818,,,
10/02/2017 11:00,22.48773577,10.92122406,,,
10/02/2017 12:00,22.32074477,16.56611603,,,
10/02/2017 13:00,22.22672174,27.72944529,,,
10/02/2017 14:00,22.16070315,41.94165113,,,
10/02/2017 15:00,22.12864234,54.49626129,,,
10/02/2017 16:00,22.35007277,29.8246102,,,
10/02/2017 17:00,22.2680482,35.53707636,,,
10/02/2017 18:00,22.22117065,52.92156518,,,
10/02/2017 19:00,22.33471737,28.66732259,,,
10/02/2017 20:00,22.21430078,49.83987622,,,
10/02/2017 21:00,22.24716111,5.051094795,,,
10/02/2017 22:00,21.60910767,20.5473848,,,
10/02/2017 23:00,21.24147134,23.11628256,,,
11/02/2017 0:00,21.03284386,23.91148278,,,
11/02/2017 1:00,20.88835594,25.04912585,,,
11/02/2017 2:00,20.82461204,24.94167431,,,
11/02/2017 3:00,20.80228328,25.26963873,,,
11/02/2017 4:00,20.81660852,23.7363639,,,
11/02/2017 5:00,20.86014951,25.14448413,,,
11/02/2017 6:00,20.89512035,23.96366065,,,
11/02/2017 7:00,20.90751,23.82251596,,,
11/02/2017 8:00,20.93780288,23.32410128,,,
11/02/2017 9:00,21.47827287,80.40388638,,,
11/02/2017 10:00,22.74661956,16.47424699,,,
11/02/2017 11:00,23.12298275,6.994210026,,,
11/02/2017 12:00,23.29460099,3.12184712,,,
11/02/2017 13:00,23.30319567,3.00770399,,,
11/02/2017 14:00,23.32368556,2.984874589,,,
11/02/2017 15:00,23.32485633,3.000404088,,,
11/02/2017 16:00,23.38935928,2.905842527,,,
11/02/2017 17:00,23.23261386,2.87327909,,,
11/02/2017 18:00,22.90456912,2.953313148,,,
11/02/2017 19:00,22.74735882,34.49085242,,,
11/02/2017 20:00,22.90648162,3.413041147,,,
11/02/2017 21:00,22.68707187,10.22477114,,,
11/02/2017 22:00,22.50915588,11.02096103,,,
11/02/2017 23:00,22.4122711,11.32164781,,,
12/02/2017 0:00,22.29736826,12.71338041,,,
12/02/2017 1:00,22.20040131,12.43851082,,,
12/02/2017 2:00,22.12877181,13.49205651,,,
12/02/2017 3:00,22.08492451,13.74418694,,,
12/02/2017 4:00,22.01348797,14.5699603,,,
12/02/2017 5:00,21.98977035,14.34034669,,,
12/02/2017 6:00,21.96695894,15.14591689,,,
12/02/2017 7:00,21.92672254,15.14066378,,,
12/02/2017 8:00,21.93307876,14.87992813,,,
12/02/2017 9:00,22.28168183,42.96789915,,,
12/02/2017 10:00,22.85335913,16.88629609,,,
12/02/2017 11:00,23.0618139,3.508160023,,,
12/02/2017 12:00,23.09091519,2.862843723,,,
12/02/2017 13:00,23.00404508,3.068232647,,,
12/02/2017 14:00,22.70824075,30.69614313,,,
12/02/2017 15:00,22.88105517,6.471159318,,,
12/02/2017 16:00,22.90885514,3.594705824,,,
12/02/2017 17:00,22.67037153,30.7688593,,,
12/02/2017 18:00,22.74535492,23.14144461,,,
12/02/2017 19:00,22.77489554,26.09393714,,,
12/02/2017 20:00,22.36827673,7.946403818,,,
12/02/2017 21:00,20.85523847,30.8061901,,,
12/02/2017 22:00,19.90286139,35.19575603,,,
12/02/2017 23:00,19.11002664,42.48165596,,,
13/02/2017 0:00,18.6776559,42.87694477,,,
13/02/2017 1:00,18.52083525,46.93689158,,,
13/02/2017 2:00,18.27639733,48.52230748,,,
13/02/2017 3:00,18.20699793,45.81443397,,,
13/02/2017 4:00,18.29083694,47.98455408,,,
13/02/2017 5:00,18.72094351,39.26131124,,,
13/02/2017 6:00,19.1288558,36.89305408,,,
13/02/2017 7:00,19.25072756,37.90677851,,,
13/02/2017 8:00,19.7508585,82.81009175,,,
13/02/2017 9:00,20.98513166,68.21199838,,,
13/02/2017 10:00,21.99437605,57.09454086,,,
13/02/2017 11:00,22.47599201,20.45173014,,,
13/02/2017 12:00,22.56945515,29.49517871,,,
13/02/2017 13:00,22.84921862,15.9494336,,,
13/02/2017 14:00,22.97902875,3.603617877,,,
13/02/2017 15:00,22.78205313,3.028263208,,,
13/02/2017 16:00,22.69705005,28.54462246,,,
13/02/2017 17:00,22.88356809,9.934579337,,,
13/02/2017 18:00,22.79372878,35.31663085,,,
13/02/2017 19:00,22.61656316,32.96224238,,,
13/02/2017 20:00,22.5092874,31.1380489,,,
13/02/2017 21:00,22.27694347,8.735137902,,,
13/02/2017 22:00,21.83068606,19.40161655,,,
13/02/2017 23:00,21.57086913,20.20842658,,,
14/02/2017 0:00,21.37396171,21.96987564,,,
14/02/2017 1:00,21.18433253,22.37926836,,,
14/02/2017 2:00,21.02873714,23.93344452,,,
14/02/2017 3:00,20.91600396,24.3510778,,,
14/02/2017 4:00,20.79056721,25.18802964,,,
14/02/2017 5:00,20.7036233,26.18074662,,,
14/02/2017 6:00,20.64016927,26.11179721,,,
14/02/2017 7:00,20.60711823,26.58382268,,,
14/02/2017 8:00,20.99020464,81.7311562,,,
14/02/2017 9:00,22.25785451,41.4517926,,,
14/02/2017 10:00,22.69216463,26.60483577,,,
14/02/2017 11:00,22.91830794,7.866723843,,,
14/02/2017 12:00,23.09219191,3.392613596,,,
14/02/2017 13:00,23.11926337,3.101697076,,,
14/02/2017 14:00,23.11927215,2.983023269,,,
14/02/2017 15:00,23.14578281,2.882839533,,,
14/02/2017 16:00,23.21031782,2.863554958,,,
14/02/2017 17:00,23.17326423,2.870078242,,,
14/02/2017 18:00,22.86249541,34.76535874,,,
14/02/2017 19:00,22.73783119,8.542854498,,,
14/02/2017 20:00,22.43870879,17.0227985,,,
14/02/2017 21:00,22.11403356,11.41258779,,,
14/02/2017 22:00,21.80400894,17.40361398,,,
14/02/2017 23:00,21.60669234,19.35978516,,,
15/02/2017 0:00,21.4691084,19.11338343,,,
15/02/2017 1:00,21.4081848,19.57175868,,,
15/02/2017 2:00,21.3753589,19.30803116,,,
15/02/2017 3:00,21.46014292,18.13216317,,,
15/02/2017 4:00,21.41336652,19.70744128,,,
15/02/2017 5:00,21.35318588,19.57893443,,,
15/02/2017 6:00,21.29397626,20.46168525,,,
15/02/2017 7:00,21.24055251,21.09853874,,,
15/02/2017 8:00,21.46613036,74.27917001,,,
15/02/2017 9:00,22.38084646,24.25667694,,,
15/02/2017 10:00,22.51873616,23.04015853,,,
15/02/2017 11:00,22.52648274,17.76973632,,,
15/02/2017 12:00,22.62775578,17.2626813,,,
15/02/2017 13:00,22.51955193,26.28780998,,,
15/02/2017 14:00,22.47036496,28.02386652,,,
15/02/2017 15:00,22.37739663,28.58817573,,,
15/02/2017 16:00,22.27804869,29.44983421,,,
15/02/2017 17:00,22.18968188,29.31170479,,,
15/02/2017 18:00,22.06288219,31.21003598,,,
15/02/2017 19:00,22.04643011,33.00629033,,,
15/02/2017 20:00,22.00810525,32.16926382,,,
15/02/2017 21:00,21.81781045,11.2355644,,,
15/02/2017 22:00,21.31073944,21.57943493,,,
15/02/2017 23:00,21.01276395,23.34660944,,,
16/02/2017 0:00,20.8232317,26.1225,,,
16/02/2017 1:00,20.62768378,27.25166698,,,
16/02/2017 2:00,20.45980104,27.99601818,,,
16/02/2017 3:00,20.43462783,26.60224867,,,
16/02/2017 4:00,20.32413522,29.14616058,,,
16/02/2017 5:00,20.22128019,29.2944195,,,
16/02/2017 6:00,20.124998,29.94068891,,,
16/02/2017 7:00,20.09743205,29.50883162,,,
16/02/2017 8:00,20.36734377,79.9071723,,,
16/02/2017 9:00,21.42714189,68.39860605,,,
16/02/2017 10:00,22.29752329,36.67882759,,,
16/02/2017 11:00,22.32122973,36.15732456,,,
16/02/2017 12:00,22.35508527,36.02758649,,,
16/02/2017 13:00,22.37138954,32.72826528,,,
16/02/2017 14:00,22.32657209,34.41504291,,,
16/02/2017 15:00,22.29134913,32.17770133,,,
16/02/2017 16:00,22.42414018,31.72539693,,,
16/02/2017 17:00,22.48104399,31.30885478,,,
16/02/2017 18:00,22.19542997,35.41137363,,,
16/02/2017 19:00,22.09182282,35.34886507,,,
16/02/2017 20:00,22.04378262,49.56756184,,,
16/02/2017 21:00,22.02995389,4.922974374,,,
16/02/2017 22:00,21.48761477,21.66712781,,,
16/02/2017 23:00,21.07064661,25.02721498,,,
17/02/2017 0:00,20.78350059,26.54935256,,,
17/02/2017 1:00,20.58713421,28.29443362,,,
17/02/2017 2:00,20.46098564,28.76836606,,,
17/02/2017 3:00,20.46317136,27.17696733,,,
17/02/2017 4:00,20.39472548,29.98489788,,,
17/02/2017 5:00,20.373885,28.58682458,,,
17/02/2017 6:00,20.41861039,28.76357901,,,
17/02/2017 7:00,20.36236049,30.32642576,,,
17/02/2017 8:00,20.78484029,81.40749583,,,
17/02/2017 9:00,22.29839788,37.07825937,,,
17/02/2017 10:00,22.93064477,4.626072087,,,
17/02/2017 11:00,22.91399257,3.183371184,,,
17/02/2017 12:00,22.86981698,2.998778125,,,
17/02/2017 13:00,22.94951003,2.849221333,,,
17/02/2017 14:00,23.08234218,2.724319843,,,
17/02/2017 15:00,23.31673003,2.717402094,,,
17/02/2017 16:00,23.52070229,2.613063032,,,
17/02/2017 17:00,23.57233685,2.732146222,,,
17/02/2017 18:00,23.34835326,2.814482392,,,
17/02/2017 19:00,22.8844556,18.29269209,,,
17/02/2017 20:00,22.67010458,16.84897618,,,
17/02/2017 21:00,22.43004863,8.922134166,,,
17/02/2017 22:00,22.14555997,16.09367542,,,
17/02/2017 23:00,21.95238281,16.31692086,,,
18/02/2017 0:00,21.79151451,17.09345087,,,
18/02/2017 1:00,21.67594501,17.59383838,,,
18/02/2017 2:00,21.58783949,18.67827328,,,
18/02/2017 3:00,21.50880005,18.73113407,,,
18/02/2017 4:00,21.45797728,19.20374514,,,
18/02/2017 5:00,21.39768213,19.54409529,,,
18/02/2017 6:00,21.39938307,19.4303247,,,
18/02/2017 7:00,21.42013325,19.023746,,,
18/02/2017 8:00,21.48102717,17.54993558,,,
18/02/2017 9:00,22.20653991,30.240745,,,
18/02/2017 10:00,23.02367664,3.666393192,,,
18/02/2017 11:00,23.43828544,3.04161094,,,
18/02/2017 12:00,23.74871187,2.90056374,,,
18/02/2017 13:00,24.03417284,2.823314403,,,
18/02/2017 14:00,24.32548929,2.832847788,,,
18/02/2017 15:00,24.62987383,2.795956892,,,
18/02/2017 16:00,24.92359848,2.866439698,,,
18/02/2017 17:00,25.04557119,2.783489668,,,
18/02/2017 18:00,24.99386244,2.837194807,,,
18/02/2017 19:00,24.58035122,2.942733211,,,
18/02/2017 20:00,24.17267147,2.933777334,,,
18/02/2017 21:00,23.86693378,2.949286035,,,
18/02/2017 22:00,23.56548808,2.888765155,,,
18/02/2017 23:00,23.24583407,2.954692336,,,
19/02/2017 0:00,22.98042233,2.936544842,,,
19/02/2017 1:00,22.66217243,2.862705838,,,
19/02/2017 2:00,22.43659303,13.52066109,,,
19/02/2017 3:00,22.35329266,11.48760255,,,
19/02/2017 4:00,22.26984768,11.42893854,,,
19/02/2017 5:00,22.17736907,12.8586552,,,
19/02/2017 6:00,22.08210033,13.63864692,,,
19/02/2017 7:00,22.01581453,12.97426168,,,
19/02/2017 8:00,21.99012541,14.11959128,,,
19/02/2017 9:00,22.12105362,20.21634391,,,
19/02/2017 10:00,22.43319749,12.93170335,,,
19/02/2017 11:00,22.83614975,4.203006303,,,
19/02/2017 12:00,23.29892789,2.966963186,,,
19/02/2017 13:00,23.71253805,1.457697039,,,
19/02/2017 14:00,24.09089732,0,,,
19/02/2017 15:00,24.46170676,0,,,
19/02/2017 16:00,24.81917732,0,,,
19/02/2017 17:00,25.0503343,0,,,
19/02/2017 18:00,25.07592317,0,,,
19/02/2017 19:00,24.70307135,0,,,
19/02/2017 20:00,24.27341978,0,,,
19/02/2017 21:00,23.88809704,0,,,
19/02/2017 22:00,23.54971412,0,,,
19/02/2017 23:00,23.23143833,3.624908988,,,
20/02/2017 0:00,22.90799196,2.963363818,,,
20/02/2017 1:00,22.59295915,12.48325679,,,
20/02/2017 2:00,22.44683685,11.0084111,,,
20/02/2017 3:00,22.40617914,10.58840468,,,
20/02/2017 4:00,22.23670056,12.70754364,,,
20/02/2017 5:00,22.1390031,13.07430775,,,
20/02/2017 6:00,22.03560411,13.04930538,,,
20/02/2017 7:00,21.92984049,15.26043885,,,
20/02/2017 8:00,21.96248766,22.79626593,,,
20/02/2017 9:00,22.19808283,15.09556804,,,
20/02/2017 10:00,22.49186114,14.10410102,,,
20/02/2017 11:00,22.91137144,4.52515162,,,
20/02/2017 12:00,23.54615471,3.136134555,,,
20/02/2017 13:00,23.96608492,2.825507685,,,
20/02/2017 14:00,24.32159384,2.766014655,,,
20/02/2017 15:00,24.69841139,2.8107239,,,
20/02/2017 16:00,24.93680407,2.754424814,,,
20/02/2017 17:00,25.08985083,2.763517331,,,
20/02/2017 18:00,24.89817902,2.803215946,,,
20/02/2017 19:00,24.47328869,2.850976377,,,
20/02/2017 20:00,24.025658,2.877950838,,,
20/02/2017 21:00,23.65832723,2.89792024,,,
20/02/2017 22:00,23.33292137,2.822749908,,,
20/02/2017 23:00,23.03946089,2.91001566,,,
21/02/2017 0:00,22.74029948,2.934789581,,,
21/02/2017 1:00,22.50264354,10.29919125,,,
21/02/2017 2:00,22.4147695,10.30259386,,,
21/02/2017 3:00,22.41947404,10.93985746,,,
21/02/2017 4:00,22.40921502,9.814090488,,,
21/02/2017 5:00,22.31843859,11.80591119,,,
21/02/2017 6:00,22.2553228,11.01660788,,,
21/02/2017 7:00,22.20710284,13.01018148,,,
21/02/2017 8:00,22.25029899,18.80715305,,,
21/02/2017 9:00,22.53937231,11.77313871,,,
21/02/2017 10:00,22.80250171,3.336034382,,,
21/02/2017 11:00,23.0644439,3.080873196,,,
21/02/2017 12:00,23.45585201,0,,,
21/02/2017 13:00,23.80542234,0,,,
21/02/2017 14:00,24.05647991,0,,,
21/02/2017 15:00,24.26615281,0,,,
21/02/2017 16:00,24.47701415,0,,,
21/02/2017 17:00,24.64433315,0,,,
21/02/2017 18:00,24.63339158,18.89678285,,,
21/02/2017 19:00,24.58977591,0,,,
21/02/2017 20:00,24.39447274,0,,,
21/02/2017 21:00,24.15557724,0,,,
21/02/2017 22:00,23.97895496,0,,,
21/02/2017 23:00,23.80384966,0,,,
22/02/2017 0:00,23.63337142,0,,,
22/02/2017 1:00,23.49161343,0,,,
22/02/2017 2:00,23.36178772,0,,,
22/02/2017 3:00,23.28307606,0,,,
22/02/2017 4:00,23.1371586,0,,,
22/02/2017 5:00,23.00361128,0,,,
22/02/2017 6:00,22.87153373,0,,,
22/02/2017 7:00,22.74319552,0,,,
22/02/2017 8:00,22.63318105,1.579923192,,,
22/02/2017 9:00,22.58647995,0,,,
22/02/2017 10:00,22.65935346,0,,,
22/02/2017 11:00,22.95368759,0,,,
22/02/2017 12:00,23.40246496,0,,,
22/02/2017 13:00,23.73695386,0,,,
22/02/2017 14:00,24.15482587,0,,,
22/02/2017 15:00,24.67196102,0,,,
22/02/2017 16:00,25.14897296,0,,,
22/02/2017 17:00,25.5551313,0,,,
22/02/2017 18:00,25.61813023,0,,,
22/02/2017 19:00,25.37784775,0,,,
22/02/2017 20:00,25.16994524,0,,,
22/02/2017 21:00,24.93025197,0,,,
22/02/2017 22:00,24.73179365,0,,,
22/02/2017 23:00,24.5949478,0,,,
23/02/2017 0:00,24.35822564,0,,,
23/02/2017 1:00,24.12950274,0,,,
23/02/2017 2:00,23.96845942,0,,,
23/02/2017 3:00,23.86815349,0,,,
23/02/2017 4:00,23.71869992,0,,,
23/02/2017 5:00,23.523038,0,,,
23/02/2017 6:00,23.39451433,0,,,
23/02/2017 7:00,23.30465879,0,,,
23/02/2017 8:00,23.18861065,0,,,
23/02/2017 9:00,23.13158148,0,,,
23/02/2017 10:00,23.27297187,0,,,
23/02/2017 11:00,23.72622635,0,,,
23/02/2017 12:00,24.19043155,0,,,
23/02/2017 13:00,24.5890097,0,,,
23/02/2017 14:00,24.770384,1.164706942,,,
23/02/2017 15:00,24.85649536,5.43737,,,
23/02/2017 16:00,24.99533327,0,,,
23/02/2017 17:00,25.2389321,0,,,
23/02/2017 18:00,25.27973362,0,,,
23/02/2017 19:00,25.20377504,0,,,
23/02/2017 20:00,24.94436663,0,,,
23/02/2017 21:00,24.68599915,0,,,
23/02/2017 22:00,24.49048467,0,,,
23/02/2017 23:00,24.35826401,0,,,
24/02/2017 0:00,24.22224527,0,,,
24/02/2017 1:00,24.14312588,0,,,
24/02/2017 2:00,24.06852863,0,,,
24/02/2017 3:00,23.97130456,0,,,
24/02/2017 4:00,23.84564178,0,,,
24/02/2017 5:00,23.68333652,0,,,
24/02/2017 6:00,23.50359229,0,,,
24/02/2017 7:00,23.32707503,0,,,
24/02/2017 8:00,23.23357753,0,,,
24/02/2017 9:00,23.28578667,0,,,
24/02/2017 10:00,23.62618549,0,,,
24/02/2017 11:00,24.26778395,0,,,
24/02/2017 12:00,24.95416339,0,,,
24/02/2017 13:00,25.56444216,0,,,
24/02/2017 14:00,26.01267487,0,,,
24/02/2017 15:00,26.53400642,0,,,
24/02/2017 16:00,27.00296344,0,,,
24/02/2017 17:00,27.18659922,0,,,
24/02/2017 18:00,27.28054828,0,,,
24/02/2017 19:00,27.14153422,0,,,
24/02/2017 20:00,26.81768682,0,,,
24/02/2017 21:00,26.43871125,0,,,
24/02/2017 22:00,26.10377099,0,,,
24/02/2017 23:00,25.83500154,0,,,
25/02/2017 0:00,25.59435565,0,,,
25/02/2017 1:00,25.40351472,0,,,
25/02/2017 2:00,25.22839832,0,,,
25/02/2017 3:00,25.06038246,0,,,
25/02/2017 4:00,24.94054972,0,,,
25/02/2017 5:00,24.67896746,0,,,
25/02/2017 6:00,24.3466077,0,,,
25/02/2017 7:00,24.05298885,0,,,
25/02/2017 8:00,23.78432891,0,,,
25/02/2017 9:00,23.53635532,2.211494359,,,
25/02/2017 10:00,23.29928622,3.000381666,,,
25/02/2017 11:00,23.10601046,2.933880447,,,
25/02/2017 12:00,22.99494934,2.85592973,,,
25/02/2017 13:00,22.80042954,2.854763346,,,
25/02/2017 14:00,22.81554371,2.80557291,,,
25/02/2017 15:00,22.79469716,2.844051032,,,
25/02/2017 16:00,22.73363089,2.868247053,,,
25/02/2017 17:00,22.38980995,2.988419909,,,
25/02/2017 18:00,21.88804627,33.29748257,,,
25/02/2017 19:00,21.77015131,23.64571011,,,
25/02/2017 20:00,21.59251693,8.440020398,,,
25/02/2017 21:00,21.2018192,18.30153258,,,
25/02/2017 22:00,20.91218436,19.68438189,,,
25/02/2017 23:00,20.6930144,21.91212996,,,
26/02/2017 0:00,20.53387709,22.30226203,,,
26/02/2017 1:00,20.35469929,24.48554167,,,
26/02/2017 2:00,20.19125636,25.19167495,,,
26/02/2017 3:00,20.07428576,26.03742662,,,
26/02/2017 4:00,20.00038112,26.46724634,,,
26/02/2017 5:00,19.94854627,26.89776983,,,
26/02/2017 6:00,19.9126651,27.649983,,,
26/02/2017 7:00,19.89386016,28.2069698,,,
26/02/2017 8:00,19.86641015,28.30710808,,,
26/02/2017 9:00,20.23630756,76.3486689,,,
26/02/2017 10:00,21.39358783,54.54912784,,,
26/02/2017 11:00,22.03455572,20.55176593,,,
26/02/2017 12:00,21.98607397,27.94645308,,,
26/02/2017 13:00,22.11797501,17.48020813,,,
26/02/2017 14:00,22.17549528,3.587295998,,,
26/02/2017 15:00,22.08516949,8.429468112,,,
26/02/2017 16:00,22.1676337,6.955377813,,,
26/02/2017 17:00,22.21923712,15.97383071,,,
26/02/2017 18:00,22.26529617,18.57708886,,,
26/02/2017 19:00,21.99451314,25.09419416,,,
26/02/2017 20:00,21.80289232,9.925943653,,,
26/02/2017 21:00,21.41943678,17.9285686,,,
26/02/2017 22:00,21.16185228,20.65301438,,,
26/02/2017 23:00,20.92288391,20.52552086,,,
27/02/2017 0:00,20.66627013,23.32651621,,,
27/02/2017 1:00,20.54514167,23.78571915,,,
27/02/2017 2:00,20.48369567,22.99955263,,,
27/02/2017 3:00,20.46390748,23.16675998,,,
27/02/2017 4:00,20.5138267,22.4324314,,,
27/02/2017 5:00,20.48080531,23.3754278,,,
27/02/2017 6:00,20.46868187,23.25570825,,,
27/02/2017 7:00,20.50158763,22.33925911,,,
27/02/2017 8:00,20.90568902,76.03998586,,,
27/02/2017 9:00,21.99397452,16.67029491,,,
27/02/2017 10:00,22.13550803,15.76377906,,,
27/02/2017 11:00,22.13322205,14.68115988,,,
27/02/2017 12:00,22.14089954,14.69841798,,,
27/02/2017 13:00,22.33255131,8.885918509,,,
27/02/2017 14:00,22.46075678,3.209849741,,,
27/02/2017 15:00,22.33403147,23.40799883,,,
27/02/2017 16:00,22.53982332,9.829446089,,,
27/02/2017 17:00,22.31763389,5.84898301,,,
27/02/2017 18:00,22.08471101,14.87796872,,,
27/02/2017 19:00,22.05114803,17.91463216,,,
27/02/2017 20:00,22.10030954,17.83930951,,,
27/02/2017 21:00,21.91101025,9.305973653,,,
27/02/2017 22:00,21.69016661,14.23405348,,,
27/02/2017 23:00,21.55344579,14.5633781,,,
28/02/2017 0:00,21.47125289,15.42357201,,,
28/02/2017 1:00,21.38863558,16.06645043,,,
28/02/2017 2:00,21.40655655,15.10338346,,,
28/02/2017 3:00,21.52012707,14.61682393,,,
28/02/2017 4:00,21.42316666,16.06610712,,,
28/02/2017 5:00,21.31010364,16.34671615,,,
28/02/2017 6:00,21.20460369,17.38115523,,,
28/02/2017 7:00,21.09517863,18.41053574,,,
28/02/2017 8:00,21.43817484,49.50129287,,,
28/02/2017 9:00,22.1531154,7.979936709,,,
28/02/2017 10:00,22.29502459,5.104590929,,,
28/02/2017 11:00,22.53705892,3.122238938,,,
28/02/2017 12:00,22.76671661,2.866949947,,,
28/02/2017 13:00,22.74499913,2.779164681,,,
28/02/2017 14:00,22.78169313,2.656734583,,,
28/02/2017 15:00,22.78109234,2.659098569,,,
28/02/2017 16:00,22.85688104,2.701146193,,,
28/02/2017 17:00,22.96397415,17.09779238,,,
28/02/2017 18:00,23.06020187,3.210177068,,,
28/02/2017 19:00,22.88629443,2.829474864,,,
28/02/2017 20:00,22.57671029,2.863083628,,,
28/02/2017 21:00,22.37763537,6.570441815,,,
28/02/2017 22:00,22.24220453,2.833029196,,,
28/02/2017 23:00,22.09169365,0,,,
1/03/2017 0:00,21.94928117,0,,,
1/03/2017 1:00,21.85080794,0,,,
1/03/2017 2:00,21.82991777,0,,,
1/03/2017 3:00,21.76287623,0,,,
1/03/2017 4:00,21.73306785,0,,,
1/03/2017 5:00,21.71979935,0,,,
1/03/2017 6:00,21.63331162,0,,,
1/03/2017 7:00,21.52920045,0,,,
1/03/2017 8:00,21.36418261,0,,,
1/03/2017 9:00,21.31542164,0,,,
1/03/2017 10:00,21.343664,0,,,
1/03/2017 11:00,21.33727298,29.79602954,,,
1/03/2017 12:00,21.68679221,15.15512162,,,
1/03/2017 13:00,21.97969682,14.87860783,,,
1/03/2017 14:00,22.29358035,6.943011808,,,
1/03/2017 15:00,22.68658788,0,,,
1/03/2017 16:00,22.85300028,0,,,
1/03/2017 17:00,22.78449062,0,,,
1/03/2017 18:00,22.9133183,0,,,
1/03/2017 19:00,22.75305586,0,,,
1/03/2017 20:00,22.41490614,6.939629109,,,
1/03/2017 21:00,22.23992008,3.657025829,,,
1/03/2017 22:00,21.87229008,3.206029951,,,
1/03/2017 23:00,21.40836202,3.035387296,,,
2/03/2017 0:00,20.93556501,3.015853528,,,
2/03/2017 1:00,20.44836923,2.827523478,,,
2/03/2017 2:00,19.99987397,2.846254291,,,
2/03/2017 3:00,19.50885512,10.83638463,,,
2/03/2017 4:00,19.18660151,18.19649318,,,
2/03/2017 5:00,19.03635198,17.44627019,,,
2/03/2017 6:00,18.86521849,18.67612114,,,
2/03/2017 7:00,18.71169467,19.5390381,,,
2/03/2017 8:00,18.88018022,81.37242321,,,
2/03/2017 9:00,19.72621223,50.66817447,,,
2/03/2017 10:00,20.8105569,60.76879872,,,
2/03/2017 11:00,21.9063206,10.96079229,,,
2/03/2017 12:00,22.26175397,22.49414272,,,
2/03/2017 13:00,22.39325015,3.982619405,,,
2/03/2017 14:00,22.30455543,24.60831293,,,
2/03/2017 15:00,22.26447893,21.26420555,,,
2/03/2017 16:00,22.28466673,19.92463057,,,
2/03/2017 17:00,22.22477599,29.83176309,,,
2/03/2017 18:00,22.21187828,27.69814096,,,
2/03/2017 19:00,22.1117525,30.48677561,,,
2/03/2017 20:00,21.93788753,32.56295716,,,
2/03/2017 21:00,21.66873587,4.671962095,,,
2/03/2017 22:00,20.93903834,3.529854252,,,
2/03/2017 23:00,20.13354647,3.240294008,,,
3/03/2017 0:00,19.5428775,12.74929861,,,
3/03/2017 1:00,19.43042042,16.98511298,,,
3/03/2017 2:00,19.31517347,19.32452571,,,
3/03/2017 3:00,19.11851716,20.27186417,,,
3/03/2017 4:00,18.91601235,21.40259416,,,
3/03/2017 5:00,18.75596775,24.12287786,,,
3/03/2017 6:00,18.67009731,23.26695808,,,
3/03/2017 7:00,18.57045359,23.51958185,,,
3/03/2017 8:00,19.02199639,86.29037396,,,
3/03/2017 9:00,20.46673628,62.17807139,,,
3/03/2017 10:00,21.79434896,22.68300204,,,
3/03/2017 11:00,21.96491208,39.86333009,,,
3/03/2017 12:00,22.21495822,25.28285277,,,
3/03/2017 13:00,22.23898459,35.52006264,,,
3/03/2017 14:00,22.4514723,37.10770502,,,
3/03/2017 15:00,22.45612153,23.62232633,,,
3/03/2017 16:00,22.31468667,31.60663723,,,
3/03/2017 17:00,22.25270748,36.30079431,,,
3/03/2017 18:00,22.19142381,36.94506818,,,
3/03/2017 19:00,21.98663209,40.04783089,,,
3/03/2017 20:00,21.8667441,40.73164917,,,
3/03/2017 21:00,21.5694367,5.131587897,,,
3/03/2017 22:00,20.71723004,3.748558898,,,
3/03/2017 23:00,19.92167245,3.207649642,,,
4/03/2017 0:00,19.37988857,19.94386405,,,
4/03/2017 1:00,19.13263475,20.93672481,,,
4/03/2017 2:00,18.86249589,22.81122343,,,
4/03/2017 3:00,18.67022872,24.69857469,,,
4/03/2017 4:00,18.50108029,25.62554603,,,
4/03/2017 5:00,18.381008,26.05315338,,,
4/03/2017 6:00,18.29818218,26.99164357,,,
4/03/2017 7:00,18.24947867,26.6621214,,,
4/03/2017 8:00,18.34814781,24.39667609,,,
4/03/2017 9:00,19.35709237,71.26065762,,,
4/03/2017 10:00,20.66662559,11.503372,,,
4/03/2017 11:00,20.88338765,3.869242778,,,
4/03/2017 12:00,20.76640803,3.167487161,,,
4/03/2017 13:00,20.70317182,30.40509612,,,
4/03/2017 14:00,20.98509687,3.75005246,,,
4/03/2017 15:00,20.95001085,3.222321272,,,
4/03/2017 16:00,20.80101238,22.82991555,,,
4/03/2017 17:00,20.97303231,10.1726098,,,
4/03/2017 18:00,20.96536607,35.87969435,,,
4/03/2017 19:00,20.94740005,31.0351576,,,
4/03/2017 20:00,20.64093955,4.608796652,,,
4/03/2017 21:00,19.85725267,12.20286079,,,
4/03/2017 22:00,19.28793468,19.95353817,,,
4/03/2017 23:00,19.04844105,21.2876035,,,
5/03/2017 0:00,18.84369744,23.34617273,,,
5/03/2017 1:00,18.65926529,23.69565172,,,
5/03/2017 2:00,18.48933758,26.05010473,,,
5/03/2017 3:00,18.39849285,26.17485915,,,
5/03/2017 4:00,18.30707371,27.95788145,,,
5/03/2017 5:00,18.21618504,28.95879188,,,
5/03/2017 6:00,18.13012471,29.21055681,,,
5/03/2017 7:00,18.06249582,29.54717222,,,
5/03/2017 8:00,18.22681692,25.26908131,,,
5/03/2017 9:00,19.26034175,79.86390802,,,
5/03/2017 10:00,20.66305007,5.671257631,,,
5/03/2017 11:00,20.88084176,3.682258628,,,
5/03/2017 12:00,20.88329744,3.100985618,,,
5/03/2017 13:00,20.91975088,3.012719663,,,
5/03/2017 14:00,20.9972065,2.864078507,,,
5/03/2017 15:00,21.12319092,2.757476717,,,
5/03/2017 16:00,21.2841005,2.762903488,,,
5/03/2017 17:00,21.38187934,2.692262778,,,
5/03/2017 18:00,21.32135438,2.770982261,,,
5/03/2017 19:00,20.98101009,18.93271759,,,
5/03/2017 20:00,20.897611,3.877592124,,,
5/03/2017 21:00,20.5464188,3.234073803,,,
5/03/2017 22:00,20.09633937,2.851427714,,,
5/03/2017 23:00,19.70219512,18.58719483,,,
6/03/2017 0:00,19.65568737,14.49564551,,,
6/03/2017 1:00,19.68279635,13.2078848,,,
6/03/2017 2:00,19.67999109,14.11916678,,,
6/03/2017 3:00,19.65815095,15.02699984,,,
6/03/2017 4:00,19.64598414,15.69704958,,,
6/03/2017 5:00,19.66268197,14.19234186,,,
6/03/2017 6:00,19.68925095,8.634428982,,,
6/03/2017 7:00,19.67144272,14.18258601,,,
6/03/2017 8:00,20.26855136,77.86350031,,,
6/03/2017 9:00,21.73322686,39.97231413,,,
6/03/2017 10:00,22.31312463,9.6062696,,,
6/03/2017 11:00,22.41089295,16.35783769,,,
6/03/2017 12:00,22.69441383,4.251091647,,,
6/03/2017 13:00,22.74740661,3.166009126,,,
6/03/2017 14:00,22.69870135,0,,,
6/03/2017 15:00,22.52732835,0,,,
6/03/2017 16:00,22.28966605,0,,,
6/03/2017 17:00,22.00960734,18.45154992,,,
6/03/2017 18:00,22.09207794,18.50168147,,,
6/03/2017 19:00,22.16246304,18.55344921,,,
6/03/2017 20:00,22.19206843,18.17090684,,,
6/03/2017 21:00,22.11572277,3.897963494,,,
6/03/2017 22:00,21.80101768,3.101868643,,,
6/03/2017 23:00,21.46548736,2.862587853,,,
7/03/2017 0:00,21.18409818,3.002363166,,,
7/03/2017 1:00,20.9429954,2.911128761,,,
7/03/2017 2:00,20.72179754,2.860648652,,,
7/03/2017 3:00,20.55540606,2.84760248,,,
7/03/2017 4:00,20.44106638,2.802405535,,,
7/03/2017 5:00,20.34760971,2.82258243,,,
7/03/2017 6:00,20.23089847,2.797405747,,,
7/03/2017 7:00,20.1461187,2.755664627,,,
7/03/2017 8:00,20.68143308,67.90590412,,,
7/03/2017 9:00,22.12962613,18.67074982,,,
7/03/2017 10:00,22.8358814,0,,,
7/03/2017 11:00,22.84952004,0,,,
7/03/2017 12:00,22.7758004,0,,,
7/03/2017 13:00,22.78579212,0,,,
7/03/2017 14:00,22.48228535,0,,,
7/03/2017 15:00,22.20123803,0,,,
7/03/2017 16:00,22.1869561,17.83044426,,,
7/03/2017 17:00,22.54708184,4.341867737,,,
7/03/2017 18:00,22.50652351,3.11686042,,,
7/03/2017 19:00,22.28243463,20.03702682,,,
7/03/2017 20:00,22.369118,8.663141883,,,
7/03/2017 21:00,22.3161258,3.811004848,,,
7/03/2017 22:00,22.1433012,3.100770219,,,
7/03/2017 23:00,21.72785524,3.087192486,,,
8/03/2017 0:00,21.1843777,3.009744156,,,
8/03/2017 1:00,20.65967553,2.810029745,,,
8/03/2017 2:00,20.27487926,2.887719307,,,
8/03/2017 3:00,19.96322726,2.894945289,,,
8/03/2017 4:00,19.69134622,2.925717426,,,
8/03/2017 5:00,19.50487081,12.72443002,,,
8/03/2017 6:00,19.53342148,11.66213485,,,
8/03/2017 7:00,19.50662472,15.54505476,,,
8/03/2017 8:00,20.11275284,75.16456334,,,
8/03/2017 9:00,21.94767829,25.67140695,,,
8/03/2017 10:00,22.73953719,4.083385637,,,
8/03/2017 11:00,22.96710033,3.338790119,,,
8/03/2017 12:00,23.10129109,3.090930007,,,
8/03/2017 13:00,23.1561089,2.918683975,,,
8/03/2017 14:00,23.20266975,2.7740805,,,
8/03/2017 15:00,23.21319528,2.752320285,,,
8/03/2017 16:00,23.24817151,2.737399188,,,
8/03/2017 17:00,23.26530939,2.828795428,,,
8/03/2017 18:00,23.21443373,2.725751024,,,
8/03/2017 19:00,22.83766302,2.79969147,,,
8/03/2017 20:00,22.4134913,16.89345179,,,
8/03/2017 21:00,22.36794278,3.887780739,,,
8/03/2017 22:00,22.09952938,3.148939881,,,
8/03/2017 23:00,21.70467788,3.11312288,,,
9/03/2017 0:00,21.33553812,2.953845188,,,
9/03/2017 1:00,21.01381642,2.891297623,,,
9/03/2017 2:00,20.71326966,2.86465866,,,
9/03/2017 3:00,20.46871981,2.813070093,,,
9/03/2017 4:00,20.25573801,2.909534625,,,
9/03/2017 5:00,20.00188566,2.915842732,,,
9/03/2017 6:00,19.74613262,2.930294037,,,
9/03/2017 7:00,19.50009065,14.64878189,,,
9/03/2017 8:00,20.24435851,78.80992366,,,
9/03/2017 9:00,22.13376736,16.9475653,,,
9/03/2017 10:00,22.90638321,3.056998861,,,
9/03/2017 11:00,23.21607234,3.427451182,,,
9/03/2017 12:00,23.52316248,3.047251455,,,
9/03/2017 13:00,23.74507052,2.888319988,,,
9/03/2017 14:00,23.89760833,2.842467481,,,
9/03/2017 15:00,24.06118353,1.394216974,,,
9/03/2017 16:00,24.29588161,0,,,
9/03/2017 17:00,24.36107025,0,,,
9/03/2017 18:00,24.18378766,0.892939792,,,
9/03/2017 19:00,23.75613535,3.908229176,,,
9/03/2017 20:00,23.07515198,7.014106664,,,
9/03/2017 21:00,22.57391178,10.11998428,,,
9/03/2017 22:00,22.11754903,13.22586172,,,
9/03/2017 23:00,21.5657913,16.33173923,,,
10/03/2017 0:00,20.95267167,19.43761688,,,
10/03/2017 1:00,20.311646,22.54349423,,,
10/03/2017 2:00,19.78369722,25.64937158,,,
10/03/2017 3:00,19.38291554,28.75524908,,,
10/03/2017 4:00,19.37886049,31.86112675,,,
10/03/2017 5:00,19.29267353,34.96700458,,,
10/03/2017 6:00,19.1964073,38.07288167,,,
10/03/2017 7:00,19.07658592,41.17875885,,,
10/03/2017 8:00,19.52051232,44.28463628,,,
10/03/2017 9:00,20.85666843,47.39051363,,,
10/03/2017 10:00,21.99911354,50.49639143,,,
10/03/2017 11:00,22.33332067,53.60226917,,,
10/03/2017 12:00,22.43720943,56.70814688,,,
10/03/2017 13:00,22.21200833,37.73485089,,,
10/03/2017 14:00,22.33072896,4.16265922,,,
10/03/2017 15:00,22.2487399,38.28010562,,,
10/03/2017 16:00,22.22956197,31.90979793,,,
10/03/2017 17:00,22.2601805,33.05241248,,,
10/03/2017 18:00,22.17342452,35.22723032,,,
10/03/2017 19:00,22.08774976,39.01106373,,,
10/03/2017 20:00,22.0025288,41.37404007,,,
10/03/2017 21:00,21.70610751,5.0777662,,,
10/03/2017 22:00,20.76755205,3.793940568,,,
10/03/2017 23:00,19.82062064,9.473787973,,,
11/03/2017 0:00,19.25984464,22.22303869,,,
11/03/2017 1:00,19.01855679,21.32368165,,,
11/03/2017 2:00,18.81783475,23.61697436,,,
11/03/2017 3:00,18.66589649,24.54743266,,,
11/03/2017 4:00,18.53559708,25.86404563,,,
11/03/2017 5:00,18.43907107,25.83079223,,,
11/03/2017 6:00,18.29473317,28.03417551,,,
11/03/2017 7:00,18.18214104,28.9255737,,,
11/03/2017 8:00,18.29780349,26.23398175,,,
11/03/2017 9:00,18.99455368,89.350725,,,
11/03/2017 10:00,20.3045134,29.08663538,,,
11/03/2017 11:00,20.79043756,20.15941436,,,
11/03/2017 12:00,20.88636454,3.910244152,,,
11/03/2017 13:00,20.63606156,38.48954073,,,
11/03/2017 14:00,20.86144317,4.682755673,,,
11/03/2017 15:00,20.62605945,38.0314772,,,
11/03/2017 16:00,20.76420534,24.3694678,,,
11/03/2017 17:00,20.82595937,12.71663569,,,
11/03/2017 18:00,20.81215291,54.61926371,,,
11/03/2017 19:00,20.84611114,38.86191638,,,
11/03/2017 20:00,20.58307571,5.097908962,,,
11/03/2017 21:00,19.67514856,11.36489545,,,
11/03/2017 22:00,19.11723467,22.01816721,,,
11/03/2017 23:00,18.8008684,24.37427899,,,
12/03/2017 0:00,18.60060581,25.56590299,,,
12/03/2017 1:00,18.48468467,26.03386943,,,
12/03/2017 2:00,18.42108014,27.62961961,,,
12/03/2017 3:00,18.34928879,27.91233863,,,
12/03/2017 4:00,18.30773024,27.61768049,,,
12/03/2017 5:00,18.30115903,27.7581522,,,
12/03/2017 6:00,18.33088893,27.2408825,,,
12/03/2017 7:00,18.34137001,27.59447693,,,
12/03/2017 8:00,18.77743284,84.18333101,,,
12/03/2017 9:00,20.05272245,48.06119268,,,
12/03/2017 10:00,20.76464661,29.92913684,,,
12/03/2017 11:00,20.89046276,27.60915846,,,
12/03/2017 12:00,20.94593606,4.538445367,,,
12/03/2017 13:00,20.86611561,34.56836103,,,
12/03/2017 14:00,20.90218199,20.52552115,,,
12/03/2017 15:00,20.83105875,17.31547606,,,
12/03/2017 16:00,20.78011078,28.5435819,,,
12/03/2017 17:00,20.9746179,4.154115504,,,
12/03/2017 18:00,20.81011894,48.27255787,,,
12/03/2017 19:00,20.65823776,4.683751409,,,
12/03/2017 20:00,19.78735774,25.84863239,,,
12/03/2017 21:00,19.27594378,20.15279055,,,
12/03/2017 22:00,19.03697195,22.57330213,,,
12/03/2017 23:00,18.88343459,22.67016498,,,
13/03/2017 0:00,18.7424514,24.03771248,,,
13/03/2017 1:00,18.62725332,25.59261134,,,
13/03/2017 2:00,18.55991156,26.47781126,,,
13/03/2017 3:00,18.40261865,28.44093922,,,
13/03/2017 4:00,18.30680232,28.79724753,,,
13/03/2017 5:00,18.26126938,29.14499391,,,
13/03/2017 6:00,18.2333784,28.94923263,,,
13/03/2017 7:00,18.59111726,79.12220553,,,
13/03/2017 8:00,19.77892008,65.46198979,,,
13/03/2017 9:00,21.04996137,63.8514697,,,
13/03/2017 10:00,22.08191173,15.01991304,,,
13/03/2017 11:00,22.13618072,34.31721659,,,
13/03/2017 12:00,22.47158398,20.85231602,,,
13/03/2017 13:00,22.72634911,3.731635853,,,
13/03/2017 14:00,22.57937053,22.40738542,,,
13/03/2017 15:00,22.76123027,13.71451357,,,
13/03/2017 16:00,22.7744033,3.345610177,,,
13/03/2017 17:00,22.60833837,43.92280118,,,
13/03/2017 18:00,22.61436523,32.57345892,,,
13/03/2017 19:00,22.68449952,32.86341897,,,
13/03/2017 20:00,22.52826795,4.729985917,,,
13/03/2017 21:00,21.82285903,3.491911526,,,
13/03/2017 22:00,21.04126815,3.270296758,,,
13/03/2017 23:00,20.33405193,3.090293386,,,
14/03/2017 0:00,19.78626181,9.632825233,,,
14/03/2017 1:00,19.64221561,14.16633419,,,
14/03/2017 2:00,19.61198096,17.26006717,,,
14/03/2017 3:00,19.55912957,16.66445321,,,
14/03/2017 4:00,19.43421611,17.68777291,,,
14/03/2017 5:00,19.38558742,17.90029153,,,
14/03/2017 6:00,19.28301499,19.31566749,,,
14/03/2017 7:00,19.63810757,79.46344984,,,
14/03/2017 8:00,20.82362601,64.72638425,,,
14/03/2017 9:00,21.70498383,47.97823233,,,
14/03/2017 10:00,21.97163664,39.24334668,,,
14/03/2017 11:00,21.91910489,41.26014969,,,
14/03/2017 12:00,21.86362408,39.0500598,,,
14/03/2017 13:00,21.65420317,37.68275226,,,
14/03/2017 14:00,21.5638365,34.87510765,,,
14/03/2017 15:00,21.43028952,50.28991659,,,
14/03/2017 16:00,21.71490206,29.87526994,,,
14/03/2017 17:00,21.60829987,47.90478809,,,
14/03/2017 18:00,21.57274683,56.79782809,,,
14/03/2017 19:00,21.68527975,42.50290139,,,
14/03/2017 20:00,21.35034179,5.685488626,,,
14/03/2017 21:00,20.23272538,3.869230451,,,
14/03/2017 22:00,19.20130769,32.69977789,,,
14/03/2017 23:00,18.59072329,23.7430413,,,
15/03/2017 0:00,18.16564241,26.1789226,,,
15/03/2017 1:00,17.87237295,27.16486389,,,
15/03/2017 2:00,17.56547346,28.20480538,,,
15/03/2017 3:00,17.33879433,30.33778733,,,
15/03/2017 4:00,17.13085091,31.27097248,,,
15/03/2017 5:00,16.97423656,32.23595348,,,
15/03/2017 6:00,16.83116098,32.6128538,,,
15/03/2017 7:00,17.35725136,91.3084688,,,
15/03/2017 8:00,18.60532203,65.97516018,,,
15/03/2017 9:00,19.51043639,65.12858134,,,
15/03/2017 10:00,20.33805128,65.44372328,,,
15/03/2017 11:00,21.10808095,62.47103055,,,
15/03/2017 12:00,21.73841818,42.85212385,,,
15/03/2017 13:00,21.6331418,44.52095093,,,
15/03/2017 14:00,21.78625322,37.12390722,,,
15/03/2017 15:00,21.68634035,34.41209707,,,
15/03/2017 16:00,21.613305,39.94319526,,,
15/03/2017 17:00,21.6449481,36.06536173,,,
15/03/2017 18:00,21.61236823,42.03416247,,,
15/03/2017 19:00,21.65209738,54.83989284,,,
15/03/2017 20:00,21.38831502,5.086464954,,,
15/03/2017 21:00,20.22235559,3.844022225,,,
15/03/2017 22:00,19.21270792,27.57318053,,,
15/03/2017 23:00,18.72154204,22.65860728,,,
16/03/2017 0:00,18.36104661,24.86970308,,,
16/03/2017 1:00,18.13265107,26.1021064,,,
16/03/2017 2:00,17.95581769,25.70474847,,,
16/03/2017 3:00,17.74954281,27.41239128,,,
16/03/2017 4:00,17.61375632,27.77075935,,,
16/03/2017 5:00,17.571444,27.61944578,,,
16/03/2017 6:00,17.52780031,28.14507157,,,
16/03/2017 7:00,17.99941603,80.96441862,,,
16/03/2017 8:00,19.34157401,67.20120409,,,
16/03/2017 9:00,20.46664136,64.44703042,,,
16/03/2017 10:00,21.48484148,53.25072334,,,
16/03/2017 11:00,21.98335183,19.38632558,,,
16/03/2017 12:00,21.9673245,29.40375052,,,
16/03/2017 13:00,21.90091294,31.06632259,,,
16/03/2017 14:00,21.91770905,28.99208403,,,
16/03/2017 15:00,22.1125343,24.97305093,,,
16/03/2017 16:00,22.12029956,25.83645214,,,
16/03/2017 17:00,22.13705381,24.29500383,,,
16/03/2017 18:00,22.06780752,26.33953163,,,
16/03/2017 19:00,21.79260011,28.41391318,,,
16/03/2017 20:00,21.2978184,4.817038828,,,
16/03/2017 21:00,20.4918164,3.512153017,,,
16/03/2017 22:00,19.68737091,12.17613978,,,
16/03/2017 23:00,19.27320288,18.06772356,,,
17/03/2017 0:00,19.01784941,19.43226869,,,
17/03/2017 1:00,18.85304162,20.21309979,,,
17/03/2017 2:00,18.69993015,21.63778107,,,
17/03/2017 3:00,18.48398536,21.70599143,,,
17/03/2017 4:00,18.2979592,23.57538048,,,
17/03/2017 5:00,18.14391952,23.47686869,,,
17/03/2017 6:00,18.01939907,25.10035749,,,
17/03/2017 7:00,18.5169898,82.82512598,,,
17/03/2017 8:00,20.10163746,64.19398278,,,
17/03/2017 9:00,21.64658364,37.51497843,,,
17/03/2017 10:00,22.19620015,8.860505303,,,
17/03/2017 11:00,22.30470389,20.65347727,,,
17/03/2017 12:00,22.44490242,3.571742228,,,
17/03/2017 13:00,22.36876295,19.75774899,,,
17/03/2017 14:00,22.3161764,16.21422429,,,
17/03/2017 15:00,22.06973006,21.97277343,,,
17/03/2017 16:00,21.85924769,26.82380767,,,
17/03/2017 17:00,21.64313534,40.24827565,,,
17/03/2017 18:00,21.80995569,29.45134479,,,
17/03/2017 19:00,21.7157275,31.9684352,,,
17/03/2017 20:00,21.47942278,4.778095489,,,
17/03/2017 21:00,20.87734668,3.465269794,,,
17/03/2017 22:00,20.15909082,3.220999605,,,
17/03/2017 23:00,19.61623514,17.25192216,,,
18/03/2017 0:00,19.46987478,16.81499064,,,
18/03/2017 1:00,19.31563111,16.22414743,,,
18/03/2017 2:00,19.22100644,17.14488853,,,
18/03/2017 3:00,19.11482833,17.33376598,,,
18/03/2017 4:00,19.05349441,17.87294209,,,
18/03/2017 5:00,18.98630288,17.46778089,,,
18/03/2017 6:00,18.92691021,18.62020024,,,
18/03/2017 7:00,18.89901724,17.65130588,,,
18/03/2017 8:00,19.44610224,84.32346211,,,
18/03/2017 9:00,20.58951505,14.56307493,,,
18/03/2017 10:00,20.66753778,22.79957548,,,
18/03/2017 11:00,20.7931821,6.595344486,,,
18/03/2017 12:00,20.68919327,19.24084337,,,
18/03/2017 13:00,20.69341284,14.32150775,,,
18/03/2017 14:00,20.70429279,3.720474252,,,
18/03/2017 15:00,20.73349633,3.140988048,,,
18/03/2017 16:00,20.69028192,20.23613703,,,
18/03/2017 17:00,20.69018046,13.90269547,,,
18/03/2017 18:00,20.55069718,23.17788902,,,
18/03/2017 19:00,20.44285667,4.384321312,,,
18/03/2017 20:00,20.03156041,3.35983817,,,
18/03/2017 21:00,19.53847854,12.19757071,,,
18/03/2017 22:00,19.36143685,15.85072685,,,
18/03/2017 23:00,19.23745977,16.79157598,,,
19/03/2017 0:00,19.11907147,17.56505471,,,
19/03/2017 1:00,19.04300497,17.98250712,,,
19/03/2017 2:00,18.98918643,17.49034894,,,
19/03/2017 3:00,18.9707814,17.48607964,,,
19/03/2017 4:00,18.94023488,18.43105233,,,
19/03/2017 5:00,18.92003541,18.10610994,,,
19/03/2017 6:00,18.90808173,17.67575849,,,
19/03/2017 7:00,18.89240584,18.54666705,,,
19/03/2017 8:00,19.45141541,77.19306833,,,
19/03/2017 9:00,20.61904337,15.25223756,,,
19/03/2017 10:00,20.77682837,8.053779591,,,
19/03/2017 11:00,20.68182507,17.69991478,,,
19/03/2017 12:00,20.73957484,6.4517296,,,
19/03/2017 13:00,20.65848332,20.74923336,,,
19/03/2017 14:00,20.65655901,3.985237554,,,
19/03/2017 15:00,20.69373064,11.96918819,,,
19/03/2017 16:00,20.63290914,18.94128095,,,
19/03/2017 17:00,20.61505676,15.03675036,,,
19/03/2017 18:00,20.60437729,18.92663809,,,
19/03/2017 19:00,20.49270004,3.876987682,,,
19/03/2017 20:00,20.13125172,3.331078465,,,
19/03/2017 21:00,19.71208094,2.923161246,,,
19/03/2017 22:00,19.47904615,18.41653752,,,
19/03/2017 23:00,19.48980008,13.12569328,,,
20/03/2017 0:00,19.49806511,11.26847215,,,
20/03/2017 1:00,19.46035651,13.90811053,,,
20/03/2017 2:00,19.41791889,14.91953254,,,
20/03/2017 3:00,19.3850939,14.67321914,,,
20/03/2017 4:00,19.32598949,15.28266638,,,
20/03/2017 5:00,19.28780826,15.44648066,,,
20/03/2017 6:00,19.27425188,15.37699071,,,
20/03/2017 7:00,19.82472765,83.83503971,,,
20/03/2017 8:00,21.48641935,43.66712096,,,
20/03/2017 9:00,22.33091908,7.391576381,,,
20/03/2017 10:00,22.54196121,3.374304201,,,
20/03/2017 11:00,22.6555512,3.139946187,,,
20/03/2017 12:00,22.6379021,2.942251854,,,
20/03/2017 13:00,22.62276042,2.888776924,,,
20/03/2017 14:00,22.67153467,2.8472554,,,
20/03/2017 15:00,22.79967024,2.841605109,,,
20/03/2017 16:00,22.86612165,1.386729987,,,
20/03/2017 17:00,22.71302677,0,,,
20/03/2017 18:00,22.40260756,0,,,
20/03/2017 19:00,22.08433637,0,,,
20/03/2017 20:00,21.80804671,0,,,
20/03/2017 21:00,21.55819274,0,,,
20/03/2017 22:00,21.32591444,0,,,
20/03/2017 23:00,21.13365036,0,,,
21/03/2017 0:00,20.95733756,2.213089534,,,
21/03/2017 1:00,20.76275385,2.838520403,,,
21/03/2017 2:00,20.64127348,2.762777852,,,
21/03/2017 3:00,20.55786607,2.757960886,,,
21/03/2017 4:00,20.40136929,2.733173239,,,
21/03/2017 5:00,20.29620541,2.777619622,,,
21/03/2017 6:00,20.13172243,2.82857911,,,
21/03/2017 7:00,20.52594429,76.42036004,,,
21/03/2017 8:00,21.96468486,21.32741017,,,
21/03/2017 9:00,22.32653108,12.05884519,,,
21/03/2017 10:00,22.37239443,11.61107014,,,
21/03/2017 11:00,22.83401787,3.529855831,,,
21/03/2017 12:00,23.17827077,0,,,
21/03/2017 13:00,23.48248649,0,,,
21/03/2017 14:00,23.88062682,0,,,
21/03/2017 15:00,24.29280383,0,,,
21/03/2017 16:00,24.61011978,0,,,
21/03/2017 17:00,24.73963804,0,,,
21/03/2017 18:00,24.6048979,0,,,
21/03/2017 19:00,24.22278804,0,,,
21/03/2017 20:00,23.71587421,0.827138483,,,
21/03/2017 21:00,23.24262621,0,,,
21/03/2017 22:00,22.84995576,0,,,
21/03/2017 23:00,22.32742388,0,,,
22/03/2017 0:00,21.70761552,3.740390043,,,
22/03/2017 1:00,20.57533839,2.962704504,,,
22/03/2017 2:00,19.77844829,3.093373369,,,
22/03/2017 3:00,19.11648115,23.85743285,,,
22/03/2017 4:00,18.51616239,21.11946171,,,
22/03/2017 5:00,18.50078931,20.16024363,,,
22/03/2017 6:00,18.44333323,21.90182881,,,
22/03/2017 7:00,18.87086449,87.57931251,,,
22/03/2017 8:00,20.47467028,60.18672433,,,
22/03/2017 9:00,21.80142328,25.03105563,,,
22/03/2017 10:00,22.03272732,12.44618775,,,
22/03/2017 11:00,22.30236965,6.781430419,,,
22/03/2017 12:00,22.34086931,3.352894015,,,
22/03/2017 13:00,22.27637582,31.17228264,,,
22/03/2017 14:00,22.43961916,12.40057183,,,
22/03/2017 15:00,22.7115389,3.547556634,,,
22/03/2017 16:00,22.70605324,22.53238005,,,
22/03/2017 17:00,22.88461888,3.528577885,,,
22/03/2017 18:00,22.72522762,11.89273074,,,
22/03/2017 19:00,22.46769977,19.69864347,,,
22/03/2017 20:00,22.0321911,4.13123993,,,
22/03/2017 21:00,21.35842993,3.415983622,,,
22/03/2017 22:00,20.68518418,3.187067629,,,
22/03/2017 23:00,20.04977433,3.105178596,,,
23/03/2017 0:00,19.52291285,20.98989083,,,
23/03/2017 1:00,19.26225003,17.39812468,,,
23/03/2017 2:00,19.10415783,18.53611153,,,
23/03/2017 3:00,18.96681781,18.57282251,,,
23/03/2017 4:00,18.79016105,20.09658014,,,
23/03/2017 5:00,18.64319831,20.83040261,,,
23/03/2017 6:00,18.53846129,21.44124266,,,
23/03/2017 7:00,19.00503732,79.67327252,,,
23/03/2017 8:00,20.69096544,64.1560137,,,
23/03/2017 9:00,22.06274519,10.31421403,,,
23/03/2017 10:00,22.3253653,8.417832762,,,
23/03/2017 11:00,22.49656975,3.376859377,,,
23/03/2017 12:00,22.63188181,3.067385062,,,
23/03/2017 13:00,22.7739984,2.941782752,,,
23/03/2017 14:00,22.88006774,2.782246088,,,
23/03/2017 15:00,23.13073627,2.769094653,,,
23/03/2017 16:00,23.38051612,2.752842259,,,
23/03/2017 17:00,23.48865899,2.727776618,,,
23/03/2017 18:00,23.56361228,2.780027233,,,
23/03/2017 19:00,23.23844215,2.858463953,,,
23/03/2017 20:00,22.66059375,2.993403686,,,
23/03/2017 21:00,22.13401556,2.924046829,,,
23/03/2017 22:00,21.68286859,2.956181737,,,
23/03/2017 23:00,21.28579806,2.889030755,,,
24/03/2017 0:00,21.00255512,2.867339909,,,
24/03/2017 1:00,20.66190374,2.842147111,,,
24/03/2017 2:00,20.36090246,2.924816056,,,
24/03/2017 3:00,20.11225972,2.898836271,,,
24/03/2017 4:00,20.00927696,2.866276404,,,
24/03/2017 5:00,19.83827615,2.915746033,,,
24/03/2017 6:00,19.60215126,16.26104544,,,
24/03/2017 7:00,20.10981155,81.99424462,,,
24/03/2017 8:00,21.7386805,35.85439968,,,
24/03/2017 9:00,22.45075643,16.34379116,,,
24/03/2017 10:00,22.79700622,2.920386363,,,
24/03/2017 11:00,22.88586701,0,,,
24/03/2017 12:00,23.10828846,0,,,
24/03/2017 13:00,23.46642233,0,,,
24/03/2017 14:00,23.96458371,0,,,
24/03/2017 15:00,24.46044219,0,,,
24/03/2017 16:00,24.91868152,0,,,
24/03/2017 17:00,25.41065271,0,,,
24/03/2017 18:00,25.76516215,0,,,
24/03/2017 19:00,25.75258436,0,,,
24/03/2017 20:00,25.51458881,0,,,
24/03/2017 21:00,25.26960663,0,,,
24/03/2017 22:00,25.07421518,0,,,
24/03/2017 23:00,24.87768926,0,,,
25/03/2017 0:00,24.68573148,0,,,
25/03/2017 1:00,24.52098568,0,,,
25/03/2017 2:00,24.39044142,0,,,
25/03/2017 3:00,24.3012919,0,,,
25/03/2017 4:00,24.21360831,0,,,
25/03/2017 5:00,24.11821534,0,,,
25/03/2017 6:00,24.02973831,0,,,
25/03/2017 7:00,23.94575311,0,,,
25/03/2017 8:00,23.92919977,0,,,
25/03/2017 9:00,24.1791496,0,,,
25/03/2017 10:00,24.59903852,0,,,
25/03/2017 11:00,25.08727991,0,,,
25/03/2017 12:00,25.42781329,0,,,
25/03/2017 13:00,25.72933362,0,,,
25/03/2017 14:00,26.11448706,0,,,
25/03/2017 15:00,26.51797949,0,,,
25/03/2017 16:00,26.81617917,0,,,
25/03/2017 17:00,27.04787412,0,,,
25/03/2017 18:00,27.13942356,0,,,
25/03/2017 19:00,27.13416801,0,,,
25/03/2017 20:00,27.00242169,0,,,
25/03/2017 21:00,26.81706102,0,,,
25/03/2017 22:00,26.65235467,0,,,
25/03/2017 23:00,26.46804056,0,,,
26/03/2017 0:00,26.26358859,0,,,
26/03/2017 1:00,25.97606283,0,,,
26/03/2017 2:00,25.72153254,0,,,
26/03/2017 3:00,25.47120381,0,,,
26/03/2017 4:00,25.25117659,0,,,
26/03/2017 5:00,25.050572,0,,,
26/03/2017 6:00,24.82944415,0,,,
26/03/2017 7:00,24.63166704,0,,,
26/03/2017 8:00,24.55298615,0,,,
26/03/2017 9:00,24.03006263,0,,,
26/03/2017 10:00,24.01090949,0,,,
26/03/2017 11:00,24.20260463,0,,,
26/03/2017 12:00,24.14382526,0,,,
26/03/2017 13:00,24.23435997,0,,,
26/03/2017 14:00,24.19574103,0,,,
26/03/2017 15:00,24.509638,0,,,
26/03/2017 16:00,24.6221601,0,,,
26/03/2017 17:00,24.76774679,0,,,
26/03/2017 18:00,24.68763803,0,,,
26/03/2017 19:00,24.41543186,0,,,
26/03/2017 20:00,24.14033143,0,,,
26/03/2017 21:00,23.96563084,0,,,
26/03/2017 22:00,23.80657256,0,,,
26/03/2017 23:00,23.67365577,0,,,
27/03/2017 0:00,23.56332812,0,,,
27/03/2017 1:00,23.48441295,0,,,
27/03/2017 2:00,23.30320515,0,,,
27/03/2017 3:00,23.10139798,0,,,
27/03/2017 4:00,22.94241502,0,,,
27/03/2017 5:00,22.83193048,0,,,
27/03/2017 6:00,22.77939296,0,,,
27/03/2017 7:00,22.72113194,0,,,
27/03/2017 8:00,22.90759511,0,,,
27/03/2017 9:00,23.31922617,0,,,
27/03/2017 10:00,23.81157946,0,,,
27/03/2017 11:00,24.31726898,0,,,
27/03/2017 12:00,24.77862498,0,,,
27/03/2017 13:00,25.21674623,0,,,
27/03/2017 14:00,25.60613858,0,,,
27/03/2017 15:00,26.02074956,0,,,
27/03/2017 16:00,26.18863493,0,,,
27/03/2017 17:00,25.88706179,0,,,
27/03/2017 18:00,26.18420552,0,,,
27/03/2017 19:00,26.21053774,0,,,
27/03/2017 20:00,25.99363694,0,,,
27/03/2017 21:00,25.69967674,0,,,
27/03/2017 22:00,25.46733124,0,,,
27/03/2017 23:00,25.25548308,0,,,
28/03/2017 0:00,25.12194327,0,,,
28/03/2017 1:00,24.96608781,0,,,
28/03/2017 2:00,24.81308367,0,,,
28/03/2017 3:00,24.7128296,0,,,
28/03/2017 4:00,24.59704429,0,,,
28/03/2017 5:00,24.46383755,0,,,
28/03/2017 6:00,24.29870165,0,,,
28/03/2017 7:00,24.1376727,0,,,
28/03/2017 8:00,24.01034943,0,,,
28/03/2017 9:00,24.06452738,0,,,
28/03/2017 10:00,24.22443478,0,,,
28/03/2017 11:00,24.33991694,0,,,
28/03/2017 12:00,24.35354116,0,,,
28/03/2017 13:00,24.38083534,0,,,
28/03/2017 14:00,24.43053947,0,,,
28/03/2017 15:00,24.51368612,0,,,
28/03/2017 16:00,24.19231106,0,,,
28/03/2017 17:00,23.941263,0,,,
28/03/2017 18:00,23.77025512,0,,,
28/03/2017 19:00,23.63899766,0,,,
28/03/2017 20:00,23.26860259,0,,,
28/03/2017 21:00,23.15215621,0,,,
28/03/2017 22:00,23.06808062,0,,,
28/03/2017 23:00,22.89182924,0,,,
29/03/2017 0:00,22.77348164,0,,,
29/03/2017 1:00,22.55393162,0,,,
29/03/2017 2:00,22.30404911,0,,,
29/03/2017 3:00,22.14496515,0,,,
29/03/2017 4:00,21.9385067,0,,,
29/03/2017 5:00,21.80703747,0,,,
29/03/2017 6:00,21.70630189,0,,,
29/03/2017 7:00,21.53723297,0,,,
29/03/2017 8:00,21.39468985,0,,,
29/03/2017 9:00,21.40770342,0,,,
29/03/2017 10:00,21.64586362,0,,,
29/03/2017 11:00,22.11591143,0,,,
29/03/2017 12:00,22.58196125,0,,,
29/03/2017 13:00,23.02005439,0,,,
29/03/2017 14:00,23.45538619,0,,,
29/03/2017 15:00,23.82770613,0,,,
29/03/2017 16:00,24.07955428,0,,,
29/03/2017 17:00,24.45000422,0,,,
29/03/2017 18:00,24.65960239,0,,,
29/03/2017 19:00,24.51441218,0,,,
29/03/2017 20:00,24.13936893,0,,,
29/03/2017 21:00,23.75848314,0,,,
29/03/2017 22:00,23.39112469,0,,,
29/03/2017 23:00,23.0531285,0,,,
30/03/2017 0:00,22.73565362,0,,,
30/03/2017 1:00,22.4449218,0,,,
30/03/2017 2:00,22.22264441,0,,,
30/03/2017 3:00,21.97274675,0,,,
30/03/2017 4:00,21.74604737,0,,,
30/03/2017 5:00,21.53296666,0,,,
30/03/2017 6:00,21.33324759,0,,,
30/03/2017 7:00,21.15031911,0,,,
30/03/2017 8:00,21.01300793,0,,,
30/03/2017 9:00,20.97414613,0,,,
30/03/2017 10:00,21.08528348,0,,,
30/03/2017 11:00,21.29110672,0,,,
30/03/2017 12:00,21.29673344,0,,,
30/03/2017 13:00,21.32543055,0,,,
30/03/2017 14:00,21.3551504,0,,,
30/03/2017 15:00,21.53408014,0,,,
30/03/2017 16:00,21.82516365,0,,,
30/03/2017 17:00,21.92869776,0,,,
30/03/2017 18:00,22.00240087,0,,,
30/03/2017 19:00,21.96624878,0,,,
30/03/2017 20:00,21.89310724,0,,,
30/03/2017 21:00,21.77228903,0,,,
30/03/2017 22:00,21.61040631,0,,,
30/03/2017 23:00,21.49317122,0,,,
31/03/2017 0:00,21.36768141,0,,,
31/03/2017 1:00,21.27529079,0,,,
31/03/2017 2:00,21.23063133,0,,,
31/03/2017 3:00,21.22000319,0,,,
31/03/2017 4:00,21.12425324,0,,,
31/03/2017 5:00,20.96070455,0,,,
31/03/2017 6:00,20.82630265,0,,,
31/03/2017 7:00,20.7112187,0,,,
31/03/2017 8:00,20.61898552,0,,,
31/03/2017 9:00,20.55721934,0,,,
31/03/2017 10:00,20.55721499,0,,,
31/03/2017 11:00,20.66770422,53.37439798,,,
31/03/2017 12:00,21.97281555,26.99855351,,,
31/03/2017 13:00,22.48490427,8.915418536,,,
31/03/2017 14:00,22.4535457,13.35742758,,,
31/03/2017 15:00,22.42600563,1.345764,,,
31/03/2017 16:00,22.25058716,11.69564173,,,
31/03/2017 17:00,22.23155591,15.84273885,,,
31/03/2017 18:00,22.30133853,13.84355606,,,
31/03/2017 19:00,22.3220983,4.224637742,,,
31/03/2017 20:00,22.18364585,0,,,
31/03/2017 21:00,21.99127722,0,,,
31/03/2017 22:00,21.83110551,0,,,
31/03/2017 23:00,21.63954949,0,,,
1/04/2017 0:00,21.44126395,1.832206528,,,
