# # iwNorthAvgTemp,diffuse solar w/m2,direct solar w/m2,OAH %,OAT C,Mull SWT C,Heat Mode,pickedRoofInsuThickness,extWinU,extWinSHGC,intMass,infilRate
8.869734784200000277e+00,8.035306100000000340e-01,2.637421480000000096e-01,8.572499999999999432e+01,-4.445370371000000098e+00,1.490551952919999934e+01,0.000000000000000000e+00,5.846687949999999911e-02,2.770779531200000090e+00,3.899989582000000232e-01,2.163744565440000045e+01,1.730942290999999966e-01
2.387941932680000079e+01,5.872682866000000246e+01,6.875104833999999698e+01,5.892499999999999716e+01,-3.150925926000000210e+00,4.779581199079999720e+01,1.000000000000000000e+00,2.049025592000000007e-01,2.102031261700000098e+00,6.086830021000000368e-01,2.992712731319999975e+01,2.980401348999999755e-01
2.643901240270000130e+01,3.175736708000000021e+02,8.873422368999999321e+01,5.641666666999999791e+01,-4.041666669999999795e-01,4.176920976830000143e+01,1.000000000000000000e+00,2.815525891999999808e-01,1.653706732400000101e+00,5.619238878000000215e-01,1.590113892459999967e+01,1.714951322999999916e-01
1.933744137880000125e+01,0.000000000000000000e+00,0.000000000000000000e+00,9.992499999999999716e+01,9.016203704000000485e+00,3.343758662329999964e+01,1.000000000000000000e+00,2.725941000000000058e-01,1.928558062800000084e+00,5.382019422999999581e-01,1.051597088329999963e+01,4.474395664999999966e-01
2.043423118600000166e+01,4.082889873999999963e+01,2.908372452000000052e+00,9.784166666999999507e+01,6.574074074000000323e+00,3.681797224000000313e+01,1.000000000000000000e+00,6.022974229999999984e-02,1.507888977199999925e+00,4.073089820999999944e-01,4.904142277400000083e+00,3.118247606999999810e-01
2.275975236220000042e+01,4.288049198000000217e+01,5.604841662000000042e+02,4.839166666999999933e+01,-2.900925926000000210e+00,4.796146726749999800e+01,1.000000000000000000e+00,1.053153029000000046e-01,1.600101878400000066e+00,4.718435337999999923e-01,2.397919403830000107e+01,2.807809326999999855e-01
1.935253453289999825e+01,0.000000000000000000e+00,0.000000000000000000e+00,6.271666667000000217e+01,6.322685186000000179e+00,3.317869167079999926e+01,1.000000000000000000e+00,1.837695471999999941e-01,2.882743474300000219e+00,4.733287375999999935e-01,1.243854668540000041e+01,1.209542947000000063e-01
2.057782650700000104e+01,1.244118886999999951e+01,1.240225893000000079e+00,8.424166667000000075e+01,8.928240740999999758e+00,3.697503193920000086e+01,1.000000000000000000e+00,1.932835307000000113e-01,1.572545910899999955e+00,6.330513010999999635e-01,2.440885879940000081e+01,3.166925946999999963e-01
1.122593773790000071e+01,2.289785766000000056e+00,4.567190595999999658e+00,6.657500000000000284e+01,-5.702777777999999742e+00,3.489873352250000238e+01,1.000000000000000000e+00,5.142400939999999809e-02,2.906019974499999936e+00,6.199587190999999997e-01,1.575825109360000020e+01,3.019867239999999842e-01
1.593483525869999973e+01,1.215711564000000067e+02,6.057633587000000261e+02,6.504999999999999716e+01,-8.199074074000000323e+00,5.392628694420000102e+01,1.000000000000000000e+00,2.313370006999999895e-01,2.160094243400000114e+00,2.640031582999999848e-01,7.576064789300000157e+00,4.682267759000000029e-01
2.410957656609999944e+01,6.101307795999999684e+01,1.899726993000000030e+00,7.063333332999999925e+01,-1.606481479999999906e-01,6.404917092579999860e+01,1.000000000000000000e+00,1.783811170999999862e-01,2.332876908799999871e+00,4.087971785999999774e-01,1.312017124099999954e+01,1.814288494000000085e-01
2.092726449979999970e+01,1.725310548999999867e+02,6.418312387999999657e+01,7.352500000000000568e+01,9.645833333000000565e+00,2.780036246250000076e+01,1.000000000000000000e+00,1.559270111000000125e-01,2.991092710799999832e+00,4.806967206000000159e-01,2.504185438460000057e+01,1.315949926999999964e-01
2.096506618240000108e+01,0.000000000000000000e+00,0.000000000000000000e+00,6.765833333000000493e+01,5.565740740999999936e+00,3.447552287919999969e+01,1.000000000000000000e+00,1.053153029000000046e-01,1.600101878400000066e+00,4.718435337999999923e-01,2.397919403830000107e+01,2.807809326999999855e-01
2.128691933869999886e+01,3.842988064000000037e+01,1.292184474000000023e+02,5.774166667000000075e+01,-3.306944443999999983e+00,4.431306134329999935e+01,1.000000000000000000e+00,9.275756790000000418e-02,2.893246941300000152e+00,4.463937754000000258e-01,1.701959526979999993e+01,2.936887770000000120e-01
1.922399323400000171e+01,0.000000000000000000e+00,0.000000000000000000e+00,9.258333333000000209e+01,5.366203704000000130e+00,1.872441079080000037e+01,1.000000000000000000e+00,1.120804012999999932e-01,1.724350725200000101e+00,4.516418835000000076e-01,2.555476613780000150e+01,1.379663664999999928e-01
1.835917911869999841e+01,0.000000000000000000e+00,0.000000000000000000e+00,8.990000000000000568e+01,6.407407406999999999e+00,2.968593724999999850e+01,1.000000000000000000e+00,7.397376519999999955e-02,2.495638945800000119e+00,5.431384193999999610e-01,4.509009097010000033e+01,1.252194409000000064e-01
1.787232886749999849e+01,0.000000000000000000e+00,0.000000000000000000e+00,9.529999999999999716e+01,1.009398148000000006e+01,2.132864371750000032e+01,0.000000000000000000e+00,2.998943948000000193e-01,2.203265692400000031e+00,3.551893696000000267e-01,1.920857974329999962e+01,4.800348775000000123e-01
1.996397854769999824e+01,0.000000000000000000e+00,0.000000000000000000e+00,8.209999999999999432e+01,1.458657406999999928e+01,2.441386392080000078e+01,0.000000000000000000e+00,1.070165490999999969e-01,2.444688327100000169e+00,2.564640544999999827e-01,4.467976210879999854e+01,1.943179882999999941e-01
2.339741753299999871e+01,1.103403763000000026e+02,1.745671351999999956e+02,5.639166666999999933e+01,-1.334259258999999975e+00,4.175347824079999981e+01,1.000000000000000000e+00,1.085831691999999959e-01,1.709083162099999997e+00,5.292572412999999587e-01,3.536340673499999809e+00,4.959809356000000058e-01
2.213897443870000004e+01,4.421154383999999737e+01,2.145647562000000175e+00,8.470833333000000209e+01,6.155092593000000001e+00,2.649568172169999869e+01,1.000000000000000000e+00,2.144949056000000076e-01,2.453482072399999936e+00,2.525884972999999922e-01,4.887773710140000105e+01,1.222635880000000064e-01
1.881948045940000114e+01,0.000000000000000000e+00,0.000000000000000000e+00,4.689999999999999858e+01,2.954166666999999968e+00,2.988046389830000038e+01,1.000000000000000000e+00,1.635895789000000045e-01,2.427249666199999822e+00,4.671906291999999850e-01,4.778979258519999718e+01,3.972328988000000116e-01
1.977416172610000089e+01,4.760800116000000060e+01,3.565494449999999915e+01,7.688333332999999925e+01,-6.034722222000000080e+00,5.269743078669999647e+01,1.000000000000000000e+00,1.277775753000000014e-01,1.502515475800000111e+00,4.256701764999999971e-01,3.943093160000000097e+01,4.735861303000000189e-01
1.807863184349999841e+01,0.000000000000000000e+00,0.000000000000000000e+00,8.994166667000000359e+01,6.369444445000000066e+00,2.907204095499999852e+01,1.000000000000000000e+00,2.065937508000000034e-01,2.629506348600000099e+00,4.888053902999999756e-01,1.167898370570000033e+01,3.911693682999999866e-01
1.989862387759999862e+01,0.000000000000000000e+00,0.000000000000000000e+00,4.587500000000000000e+01,2.519444444999999977e+00,3.520142246750000226e+01,1.000000000000000000e+00,2.737101988999999791e-01,2.214020961400000154e+00,6.358602859999999968e-01,1.227283436100000014e+00,2.075480587999999904e-01
1.775821030279999846e+01,2.057361176000000000e+02,4.031467400999999739e+01,5.624166667000000075e+01,-3.340740740999999847e+00,4.482964106419999695e+01,1.000000000000000000e+00,6.608326089999999597e-02,2.793332725199999977e+00,5.652137996999999636e-01,2.490551227400000123e+00,4.936313535999999891e-01
2.119561046740000165e+01,1.345599379000000040e+00,1.912125827999999927e+01,7.278333333000000493e+01,1.545324074000000003e+01,2.360738036580000099e+01,0.000000000000000000e+00,1.611716784999999985e-01,1.886329905400000007e+00,5.316758113999999757e-01,2.619102731099999914e+01,1.334949651000000015e-01
1.516723255409999993e+01,4.335590202000000204e+01,1.833118941000000035e+01,5.866666666999999791e+01,1.819444440000000107e-01,4.632670148169999891e+01,1.000000000000000000e+00,6.608326089999999597e-02,2.793332725199999977e+00,5.652137996999999636e-01,2.490551227400000123e+00,4.936313535999999891e-01
2.233394009719999929e+01,0.000000000000000000e+00,0.000000000000000000e+00,5.768333333000000351e+01,-2.710648148000000202e+00,5.711793481499999814e+01,1.000000000000000000e+00,2.053467676999999880e-01,2.447822881300000031e+00,4.705406853999999917e-01,2.828492555580000101e+01,1.149323227000000058e-01
2.129007475190000065e+01,2.308420790000000125e+02,2.050251057000000117e+02,6.636666667000000075e+01,1.198657406999999964e+01,2.395711490749999939e+01,1.000000000000000000e+00,1.812738097000000104e-01,2.788042600099999824e+00,6.221297287000000509e-01,4.239743933540000143e+01,3.075719504000000160e-01
1.848807816069999888e+01,0.000000000000000000e+00,0.000000000000000000e+00,6.995000000000000284e+01,-5.953240741000000114e+00,4.318309888919999651e+01,1.000000000000000000e+00,2.009606167000000110e-01,1.877461485900000060e+00,6.494451592000000106e-01,3.733800801350000143e+01,1.769180901999999889e-01
1.693428001310000042e+01,0.000000000000000000e+00,0.000000000000000000e+00,5.954166666999999791e+01,6.955092592999999823e+00,3.660755919830000238e+01,1.000000000000000000e+00,9.054828839999999601e-02,1.671044895899999938e+00,4.691059322999999726e-01,2.602100498760000136e+01,2.024378648000000058e-01
1.685260183970000014e+01,0.000000000000000000e+00,0.000000000000000000e+00,6.073333333000000067e+01,-6.783333332999999854e+00,3.515466252830000116e+01,1.000000000000000000e+00,2.693462515000000224e-01,1.990939985000000023e+00,2.907170275000000026e-01,4.974086307099999971e+01,2.354342932000000055e-01
2.452995878839999833e+01,4.670474069000000128e+01,9.621897497000000499e+01,3.305833333000000351e+01,1.229814814999999939e+01,2.304850414330000064e+01,0.000000000000000000e+00,1.842127795000000068e-01,2.563537306200000199e+00,4.116845407999999984e-01,1.409572895089999989e+01,4.710110609000000004e-01
1.553907582829999967e+01,1.228910065000000031e+02,3.655083871000000073e+01,7.131666667000000359e+01,-5.111111110999999596e+00,5.660001814750000193e+01,1.000000000000000000e+00,1.645794204999999899e-01,2.714124719099999972e+00,5.838990752999999589e-01,9.265919688800000387e+00,4.265468371000000203e-01
2.108677751929999999e+01,1.013812286999999941e+02,2.061452062000000041e+01,6.595000000000000284e+01,-8.461111110999999241e+00,5.573455666579999956e+01,1.000000000000000000e+00,2.673787978000000121e-01,1.790321176500000000e+00,3.536905242999999754e-01,4.470077756000000235e+00,2.602903541000000098e-01
2.128453669869999842e+01,4.639117690999999866e+01,7.160379949999999827e-01,8.469166667000000359e+01,4.752777777999999564e+00,3.668283792580000124e+01,1.000000000000000000e+00,1.529043194999999966e-01,2.923640025300000111e+00,6.343377901000000207e-01,2.481663975109999853e+01,2.813732613000000105e-01
2.349575084579999995e+01,1.780289530999999954e+02,4.915973554999999884e+00,7.506666497000000504e+01,1.506574099000000011e+01,2.627294788420000060e+01,0.000000000000000000e+00,2.399791528999999923e-01,1.583871200099999932e+00,5.350934926000000535e-01,3.691899473400000176e+01,4.297223176000000144e-01
2.517140834870000177e+01,7.915507798000000150e+01,7.487498468000000003e+02,4.236666667000000075e+01,1.515324073999999932e+01,2.310938611170000101e+01,0.000000000000000000e+00,1.807063792999999974e-01,1.856645229499999994e+00,6.419922227000000037e-01,3.603385025669999919e+01,4.726279859999999999e-01
2.230110511000000173e+01,0.000000000000000000e+00,0.000000000000000000e+00,6.213333332999999925e+01,5.143981480999999967e+00,3.518216882499999798e+01,1.000000000000000000e+00,2.590670811999999934e-01,1.579627802899999933e+00,5.938639220000000440e-01,3.089980852960000135e+01,1.540066448000000088e-01
2.365187186049999823e+01,2.646885128000000122e+02,9.990668252000000393e+01,7.534999999999999432e+01,1.896249999999999858e+01,2.374990601920000088e+01,0.000000000000000000e+00,2.868067648000000025e-01,2.396574428200000106e+00,3.298799823999999936e-01,3.647588795850000309e+01,1.684160469000000049e-01
2.468617947910000154e+01,2.465311149000000057e+02,3.744862630999999737e+02,4.410000000000000142e+01,5.631944444000000161e+00,3.453489095829999656e+01,1.000000000000000000e+00,1.611716784999999985e-01,1.886329905400000007e+00,5.316758113999999757e-01,2.619102731099999914e+01,1.334949651000000015e-01
1.811920379940000103e+01,0.000000000000000000e+00,0.000000000000000000e+00,6.271666667000000217e+01,6.322685186000000179e+00,3.317869167079999926e+01,1.000000000000000000e+00,2.795081180000000276e-01,1.833413098000000074e+00,2.571511922999999977e-01,3.811447783349999696e+01,4.784992665000000200e-01
1.887119384500000052e+01,0.000000000000000000e+00,0.000000000000000000e+00,9.114166667000000643e+01,-5.129166666999999791e+00,3.645899297999999789e+01,1.000000000000000000e+00,2.567480825999999827e-01,2.393520682500000163e+00,5.604524529000000088e-01,4.181145222949999862e+01,3.937109730999999724e-01
2.175668410289999954e+01,1.678019288999999858e+01,3.130105200000000282e-02,7.766666666999999791e+01,2.781018518999999856e+00,3.895923120329999989e+01,1.000000000000000000e+00,2.532715312000000107e-01,2.288407657500000081e+00,3.069183032999999727e-01,1.092707622550000046e+01,2.129194889000000090e-01
2.427477850789999891e+01,1.243777893999999975e+02,8.991492752999999993e+02,2.289999999999999858e+01,8.114814815000000792e+00,2.128892733329999842e+01,1.000000000000000000e+00,1.021652868000000047e-01,2.557401735100000018e+00,4.959337730999999749e-01,4.922579661620000024e+01,2.291418584000000092e-01
1.920833386760000039e+01,6.124096845999999772e+01,1.061993630000000088e+01,7.794166667000000359e+01,1.722268517999999915e+01,2.155745231499999903e+01,0.000000000000000000e+00,1.817458750000000012e-01,1.515234653400000076e+00,4.305856014000000176e-01,1.812461595390000113e+01,3.283492170000000265e-01
2.153029561949999859e+01,1.028252188000000018e+02,5.977206370000000106e+02,3.570000000000000284e+01,1.976203703999999917e+01,2.464116133499999961e+01,1.000000000000000000e+00,1.354898428000000099e-01,2.658974437499999954e+00,5.449273313000000396e-01,3.896319838659999846e+01,2.959155607000000243e-01
1.696217177160000134e+01,0.000000000000000000e+00,0.000000000000000000e+00,8.007500000000000284e+01,-1.038888889000000093e+00,4.431826615829999838e+01,1.000000000000000000e+00,6.467892969999999853e-02,1.919341361699999915e+00,3.256681861999999872e-01,4.006500938210000129e+01,1.505281772000000018e-01
1.938237430159999874e+01,1.637786428000000072e+01,3.900782720000000037e+00,7.930833332999999641e+01,1.322129630000000056e+01,2.605003860669999938e+01,1.000000000000000000e+00,5.049067189999999899e-02,1.986484135700000042e+00,3.867576996000000045e-01,4.884803173649999763e+01,2.197313176000000035e-01
2.014503791450000136e+01,2.245174636000000135e+02,2.731709164000000101e+02,5.239999999999999858e+01,2.161574073999999790e+00,3.313497163249999744e+01,1.000000000000000000e+00,7.476005839999999569e-02,2.631970318800000097e+00,3.911879020999999845e-01,2.190247564399999902e+00,2.450385828999999960e-01
1.900022722119999941e+01,0.000000000000000000e+00,0.000000000000000000e+00,7.577500000000000568e+01,1.140000000000000036e+01,2.147675947999999835e+01,1.000000000000000000e+00,2.214235848999999978e-01,1.617001490200000058e+00,3.405575453999999946e-01,4.214660828000000414e+00,1.948449808999999922e-01
1.882888722430000072e+01,0.000000000000000000e+00,0.000000000000000000e+00,6.570833333000000209e+01,3.228240741000000025e+00,3.461116544920000138e+01,1.000000000000000000e+00,2.363341794000000107e-01,2.406273371400000194e+00,4.293240520000000116e-01,1.015731940250000065e+01,1.090463183000000003e-01
2.493953441669999904e+01,0.000000000000000000e+00,0.000000000000000000e+00,5.740833332999999783e+01,1.591111111000000022e+01,2.477014467749999937e+01,0.000000000000000000e+00,2.630778152000000092e-01,1.681990444700000031e+00,4.975174420999999847e-01,9.105432944700000419e+00,1.422968594000000031e-01
1.585965147399999964e+01,0.000000000000000000e+00,0.000000000000000000e+00,9.039166667000000643e+01,2.384722222000000169e+00,2.315400137500000000e+01,1.000000000000000000e+00,2.782668878999999817e-01,1.540203970999999949e+00,3.671466784999999899e-01,3.977304447599999904e+00,3.681562937999999785e-01
1.932206791979999849e+01,0.000000000000000000e+00,0.000000000000000000e+00,9.673333332999999357e+01,8.406018517999999773e+00,3.428933489920000000e+01,1.000000000000000000e+00,1.559270111000000125e-01,2.991092710799999832e+00,4.806967206000000159e-01,2.504185438460000057e+01,1.315949926999999964e-01
1.969395001099999831e+01,1.107007418999999970e+02,3.967109828999999976e+00,6.737500000000000000e+01,8.861111109999999513e-01,3.866775657419999845e+01,1.000000000000000000e+00,1.093346550000000028e-01,2.384530650199999879e+00,3.568890263999999757e-01,2.875743896639999875e+01,3.084110825999999972e-01
1.839870912510000167e+01,0.000000000000000000e+00,0.000000000000000000e+00,7.698333332999999357e+01,2.881481481999999872e+00,3.555571214329999918e+01,1.000000000000000000e+00,2.089544695999999979e-01,2.542492182500000197e+00,3.303412651000000033e-01,2.239971875199999829e+01,2.545911055999999784e-01
1.984670742329999982e+01,0.000000000000000000e+00,0.000000000000000000e+00,7.842499999999999716e+01,-7.920833333000000032e+00,3.051325647170000011e+01,1.000000000000000000e+00,1.938259316000000010e-01,1.978356563499999998e+00,6.050987565000000012e-01,4.862129009699999926e+01,2.232466290000000020e-01
1.845600708410000124e+01,0.000000000000000000e+00,0.000000000000000000e+00,5.795833333000000209e+01,-1.721296296000000003e+00,3.305146967169999783e+01,1.000000000000000000e+00,2.610790538000000161e-01,1.799384425299999979e+00,6.243004199999999670e-01,2.116640267989999913e+01,4.762360099999999874e-01
1.688485825149999897e+01,0.000000000000000000e+00,0.000000000000000000e+00,9.379166666999999791e+01,7.869444443999999983e+00,3.422532357829999938e+01,1.000000000000000000e+00,2.801244299000000271e-01,2.072282092400000053e+00,5.624169290999999626e-01,5.736770391500000343e+00,4.653427828000000210e-01
2.267752151139999839e+01,3.467439427000000052e+01,3.250760042000000016e+00,6.335833333000000067e+01,1.207175926000000032e+01,2.585862316580000098e+01,1.000000000000000000e+00,1.994019324999999898e-01,1.800890794999999933e+00,2.877738199000000052e-01,8.695951284299999529e+00,3.445884660999999904e-01
1.725841762880000019e+01,0.000000000000000000e+00,0.000000000000000000e+00,9.898333332999999357e+01,7.310185184999999919e+00,3.221412490579999854e+01,1.000000000000000000e+00,1.902500464000000113e-01,2.040182105700000026e+00,2.708751786999999966e-01,7.396769251800000333e+00,3.437177766000000245e-01
1.211042816740000028e+01,0.000000000000000000e+00,0.000000000000000000e+00,6.562500000000000000e+01,-7.556018519000000211e+00,4.466099287000000118e+01,1.000000000000000000e+00,9.117919879999999977e-02,2.838771003100000190e+00,3.775849693000000173e-01,4.633971750140000267e+01,4.291732368999999769e-01
1.710211906769999857e+01,0.000000000000000000e+00,0.000000000000000000e+00,9.727500000000000568e+01,9.523611110999999241e+00,2.876867709249999905e+01,1.000000000000000000e+00,1.645794204999999899e-01,2.714124719099999972e+00,5.838990752999999589e-01,9.265919688800000387e+00,4.265468371000000203e-01
1.448205110990000044e+01,0.000000000000000000e+00,0.000000000000000000e+00,8.790833333000000493e+01,-2.151851852000000065e+00,4.184597657420000161e+01,1.000000000000000000e+00,7.927613470000000051e-02,2.654506467800000102e+00,2.783120907000000144e-01,3.686274503699999983e+00,1.428713681000000069e-01
2.046590658910000116e+01,9.629120629999999847e-01,1.298632476000000091e+00,4.998333333000000067e+01,4.098148147999999935e+00,4.297096555579999944e+01,1.000000000000000000e+00,1.953023328999999864e-01,1.881381256300000082e+00,3.797800762999999913e-01,4.621519993929999970e+01,3.550672205000000026e-01
1.718746688910000131e+01,0.000000000000000000e+00,0.000000000000000000e+00,9.647499999999999432e+01,1.098009258999999993e+01,1.989589486579999900e+01,1.000000000000000000e+00,2.663097345000000060e-01,2.601122584200000087e+00,3.058108489999999957e-01,2.216156090200000151e+01,3.424798233999999941e-01
1.752783727210000109e+01,1.759034402000000057e+02,3.329866660000000138e+02,5.962500000000000000e+01,-9.204629629999999452e+00,6.552383356500000389e+01,1.000000000000000000e+00,2.313370006999999895e-01,2.160094243400000114e+00,2.640031582999999848e-01,7.576064789300000157e+00,4.682267759000000029e-01
1.862733086680000127e+01,0.000000000000000000e+00,0.000000000000000000e+00,7.840833333000000493e+01,-1.526388888999999915e+00,4.119023694420000226e+01,1.000000000000000000e+00,2.100200116000000006e-01,2.238269630900000084e+00,2.990723097999999913e-01,4.912071962129999747e+01,1.302823270000000033e-01
1.894054215579999934e+01,0.000000000000000000e+00,0.000000000000000000e+00,7.386666667000000075e+01,-7.354166667000000324e+00,2.400169955999999871e+01,1.000000000000000000e+00,1.856935778000000092e-01,2.727883608199999976e+00,5.326709558000000122e-01,3.839101096499999954e+01,1.461465278999999895e-01
1.676787989580000016e+01,1.881279647000000068e+02,7.924777792999999804e+01,5.710000000000000142e+01,-5.386574074000000323e+00,6.218284259170000183e+01,1.000000000000000000e+00,5.642721929999999775e-02,2.475955868999999865e+00,2.594349390999999838e-01,4.368667481000000130e+00,2.917033059999999955e-01
1.805105765780000127e+01,0.000000000000000000e+00,0.000000000000000000e+00,6.718333332999999641e+01,2.538425925999999944e+00,3.514891597670000323e+01,1.000000000000000000e+00,2.144949056000000076e-01,2.453482072399999936e+00,2.525884972999999922e-01,4.887773710140000105e+01,1.222635880000000064e-01
2.419055045709999874e+01,1.814300792999999885e+02,7.211147838000000547e+02,3.688333332999999925e+01,1.186944444999999959e+01,2.269889307249999888e+01,1.000000000000000000e+00,1.138491326999999942e-01,2.343825866800000046e+00,4.923114967000000175e-01,4.962317070819999998e+01,1.780240067999999953e-01
1.755998935299999886e+01,0.000000000000000000e+00,0.000000000000000000e+00,6.979166666999999791e+01,7.708333330000000094e-01,4.834607768499999736e+01,1.000000000000000000e+00,7.268789159999999860e-02,2.639572286800000001e+00,5.061259886000000208e-01,1.834444343590000059e+01,1.512851977999999931e-01
2.015194040289999933e+01,1.764380457000000035e+02,2.154398084000000040e+02,6.563333332999999925e+01,1.751851851999999932e+00,3.596621828669999843e+01,1.000000000000000000e+00,2.610790538000000161e-01,1.799384425299999979e+00,6.243004199999999670e-01,2.116640267989999913e+01,4.762360099999999874e-01
1.631091560919999850e+01,3.013311451000000147e+02,1.109660370999999941e+02,5.916666666999999791e+01,-2.684259259000000064e+00,3.762108365670000154e+01,1.000000000000000000e+00,7.268789159999999860e-02,2.639572286800000001e+00,5.061259886000000208e-01,1.834444343590000059e+01,1.512851977999999931e-01
1.833939196869999932e+01,2.207708241999999998e+01,3.865683478999999867e+00,8.470833333000000209e+01,-1.300925925999999899e+00,6.273618916579999905e+01,1.000000000000000000e+00,1.120804012999999932e-01,1.724350725200000101e+00,4.516418835000000076e-01,2.555476613780000150e+01,1.379663664999999928e-01
2.254278122930000094e+01,0.000000000000000000e+00,0.000000000000000000e+00,7.925833332999999925e+01,1.079722222000000009e+01,3.309043685329999818e+01,1.000000000000000000e+00,2.156563420000000009e-01,1.904160241600000081e+00,3.874120443999999885e-01,4.558553164189999762e+01,1.698171484000000064e-01
1.494107169699999993e+01,0.000000000000000000e+00,0.000000000000000000e+00,5.665833332999999783e+01,-4.273611111000000129e+00,3.214729890830000159e+01,1.000000000000000000e+00,1.312438516999999971e-01,2.281425831299999984e+00,3.317061410000000099e-01,4.305585406640000201e+01,3.984826381000000084e-01
2.004655808669999928e+01,9.815626776999999947e+01,7.770804033000000111e+00,9.475000000000000000e+01,4.230555555999999662e+00,3.827888722080000150e+01,1.000000000000000000e+00,5.642721929999999775e-02,2.475955868999999865e+00,2.594349390999999838e-01,4.368667481000000130e+00,2.917033059999999955e-01
1.268206536659999983e+01,0.000000000000000000e+00,0.000000000000000000e+00,5.754999999999999716e+01,-3.625462962999999927e+00,2.979380668579999991e+01,1.000000000000000000e+00,1.751076940000000082e-01,2.977606120299999937e+00,3.723712312999999940e-01,3.474916767319999877e+01,4.492414021999999729e-01
1.965275385809999875e+01,0.000000000000000000e+00,0.000000000000000000e+00,6.699166667000000075e+01,6.223611111000000307e+00,3.040163081000000034e+01,1.000000000000000000e+00,2.702483786000000054e-01,1.872574921200000020e+00,3.263610218999999923e-01,3.038812932000000089e+01,3.533068618999999910e-01
1.489013046790000061e+01,3.085744516000000104e+01,3.541307370000000105e+02,5.680833333000000351e+01,-5.997222222000000436e+00,3.536571012080000287e+01,1.000000000000000000e+00,2.782668878999999817e-01,1.540203970999999949e+00,3.671466784999999899e-01,3.977304447599999904e+00,3.681562937999999785e-01
1.677248039210000030e+01,0.000000000000000000e+00,0.000000000000000000e+00,8.012500000000000000e+01,-6.194444444000000161e+00,3.153018933330000095e+01,1.000000000000000000e+00,1.319728303999999908e-01,2.730139491500000126e+00,6.121646850999999945e-01,4.583368706550000127e+01,3.998861879999999758e-01
2.314313474240000090e+01,1.267945158999999933e+02,4.257114850999999867e+00,7.182500000000000284e+01,-2.131018518999999944e+00,4.358350708329999890e+01,1.000000000000000000e+00,2.673787978000000121e-01,1.790321176500000000e+00,3.536905242999999754e-01,4.470077756000000235e+00,2.602903541000000098e-01
1.716720518649999860e+01,2.015894601000000108e+01,1.061005737999999976e+00,9.928333333000000493e+01,1.218194444000000054e+01,4.538387036999999680e+01,1.000000000000000000e+00,1.660516888999999940e-01,2.768368762800000216e+00,5.573527329999999891e-01,3.488652882040000236e+01,4.701773090999999960e-01
1.837914749859999830e+01,0.000000000000000000e+00,0.000000000000000000e+00,8.920000000000000284e+01,5.071759259000000242e+00,3.111682551919999895e+01,1.000000000000000000e+00,2.350745448000000071e-01,2.748170031099999910e+00,4.221373091000000244e-01,4.824464776760000007e+01,3.388272808000000191e-01
1.516645732379999956e+01,1.824236261000000070e+02,3.408428346000000175e+01,8.959999999999999432e+01,6.591203703999999775e+00,2.601076399080000101e+01,1.000000000000000000e+00,1.373039621999999904e-01,2.430190543600000197e+00,3.369911157000000101e-01,3.184844173560000158e+01,2.778786030000000018e-01
2.009569498309999958e+01,1.027258470999999957e+02,8.071015618999999788e+02,4.760000000000000142e+01,2.241666667000000057e+00,3.905553671250000036e+01,1.000000000000000000e+00,1.842127795000000068e-01,2.563537306200000199e+00,4.116845407999999984e-01,1.409572895089999989e+01,4.710110609000000004e-01
1.941991939909999942e+01,0.000000000000000000e+00,0.000000000000000000e+00,4.661666667000000075e+01,8.701388889000000404e+00,1.934892150419999979e+01,1.000000000000000000e+00,2.132059391999999998e-01,2.547843092599999970e+00,3.437735055000000206e-01,3.352893942179999698e+01,3.928933517000000042e-01
1.922380098949999905e+01,0.000000000000000000e+00,0.000000000000000000e+00,7.054166666999999791e+01,4.256018518000000306e+00,3.554058611079999963e+01,1.000000000000000000e+00,2.829756386000000234e-01,2.862175462600000220e+00,5.487191544999999726e-01,2.886596234740000000e+01,1.758895629999999988e-01
1.825243029039999954e+01,0.000000000000000000e+00,0.000000000000000000e+00,7.690833333000000493e+01,2.085648148000000202e+00,3.246196175000000039e+01,1.000000000000000000e+00,1.331388015999999952e-01,2.057201129200000089e+00,5.085059870000000481e-01,4.698638919369999911e+01,3.244790674999999958e-01
1.901080334579999942e+01,2.003125406999999925e+01,2.218645228000000191e+00,6.966666666999999791e+01,8.499999999999999778e-01,4.264599671250000057e+01,1.000000000000000000e+00,1.085831691999999959e-01,1.709083162099999997e+00,5.292572412999999587e-01,3.536340673499999809e+00,4.959809356000000058e-01
1.616169840299999905e+01,0.000000000000000000e+00,0.000000000000000000e+00,5.903333332999999783e+01,-4.569907406999999644e+00,3.314171467580000296e+01,1.000000000000000000e+00,8.001710139999999860e-02,2.365830755400000207e+00,5.893161506999999855e-01,1.373853955799999937e+01,1.924735801999999940e-01
2.206756083410000002e+01,0.000000000000000000e+00,0.000000000000000000e+00,8.994166667000000359e+01,1.946759259000000020e+00,1.986183821750000078e+01,1.000000000000000000e+00,2.534711479000000267e-01,1.970268767000000087e+00,4.320434429000000187e-01,2.181119459399999982e+01,2.533300070999999765e-01
1.823247399210000097e+01,0.000000000000000000e+00,0.000000000000000000e+00,8.165833333000000493e+01,1.024907407000000070e+01,2.992727571749999882e+01,1.000000000000000000e+00,2.158444371000000084e-01,2.691070845000000045e+00,5.218123113999999507e-01,2.332678818999999848e+01,2.365209863000000134e-01
1.943592583330000068e+01,1.386979321000000027e+02,1.422046520999999952e+00,3.948333333000000067e+01,5.558333333000000209e+00,3.120253217500000176e+01,1.000000000000000000e+00,1.340480041000000067e-01,2.462504230399999994e+00,4.216427469999999844e-01,4.117070058880000261e+01,4.149809369999999942e-01
2.282487597280000102e+01,3.036525550000000067e+02,3.684562166000000047e+02,6.516666666999999791e+01,1.147777778000000026e+01,2.424611947749999885e+01,8.333333330000000649e-02,2.829756386000000234e-01,2.862175462600000220e+00,5.487191544999999726e-01,2.886596234740000000e+01,1.758895629999999988e-01
2.086128826830000094e+01,0.000000000000000000e+00,0.000000000000000000e+00,5.768333333000000351e+01,-2.710648148000000202e+00,5.711793481499999814e+01,1.000000000000000000e+00,2.684772407000000083e-01,2.279050432600000065e+00,3.766026681999999903e-01,4.196658527929999849e+01,2.712348199999999876e-01
1.879650982769999956e+01,0.000000000000000000e+00,0.000000000000000000e+00,8.855833332999999641e+01,7.474999999999999645e+00,3.143047215669999872e+01,1.000000000000000000e+00,1.440200541999999972e-01,1.655314581300000087e+00,3.193773587000000025e-01,4.372462060330000355e+01,3.093721944000000224e-01
1.408494727459999929e+01,0.000000000000000000e+00,0.000000000000000000e+00,5.629166666999999791e+01,-5.143055556000000195e+00,3.295607402750000148e+01,1.000000000000000000e+00,1.599815193000000135e-01,2.848363144299999927e+00,4.409001539999999886e-01,1.901429099010000101e+01,4.144656874000000046e-01
1.560919217620000055e+01,0.000000000000000000e+00,0.000000000000000000e+00,8.114166667000000643e+01,-2.735185185000000185e+00,4.382129444579999955e+01,1.000000000000000000e+00,2.865796962000000114e-01,2.119215956700000181e+00,6.403773078000000174e-01,4.144398825110000217e+01,4.603853795999999776e-01
1.434395629810000017e+01,0.000000000000000000e+00,0.000000000000000000e+00,6.029166666999999791e+01,1.020185185000000061e+01,2.133521620420000175e+01,0.000000000000000000e+00,6.680072550000000497e-02,2.886941648300000107e+00,3.480416349000000076e-01,3.110008722550000115e+01,2.769038659999999985e-01
1.641126887460000106e+01,0.000000000000000000e+00,0.000000000000000000e+00,7.799166667000000075e+01,1.039027777999999991e+01,3.629091899080000161e+01,1.000000000000000000e+00,5.352160260000000253e-02,2.089920753999999992e+00,5.243099891000000401e-01,5.734482733200000126e+00,1.895590658999999900e-01
1.740606610269999877e+01,3.053810697999999846e+01,9.351252963999999679e+01,4.450000000000000000e+01,-1.697222221999999947e+00,5.420805990750000092e+01,1.000000000000000000e+00,1.981672643999999872e-01,2.829752002799999833e+00,4.340546768999999916e-01,2.949221367060000176e+01,4.320996604999999824e-01
1.371183962179999938e+01,0.000000000000000000e+00,0.000000000000000000e+00,8.320833333000000209e+01,-1.163101851999999958e+01,6.145567249999999859e+01,1.000000000000000000e+00,2.663097345000000060e-01,2.601122584200000087e+00,3.058108489999999957e-01,2.216156090200000151e+01,3.424798233999999941e-01
1.546767777860000059e+01,0.000000000000000000e+00,0.000000000000000000e+00,6.460833332999999357e+01,-3.533333332999999854e+00,3.913964911920000134e+01,1.000000000000000000e+00,2.420718665000000103e-01,2.509137784500000024e+00,5.791207678999999997e-01,8.543806256199999893e+00,4.550143434000000209e-01
2.119388807849999878e+01,0.000000000000000000e+00,0.000000000000000000e+00,6.576666667000000643e+01,1.315138888999999978e+01,2.374135607750000077e+01,0.000000000000000000e+00,9.054828839999999601e-02,1.671044895899999938e+00,4.691059322999999726e-01,2.602100498760000136e+01,2.024378648000000058e-01
1.743793921780000034e+01,0.000000000000000000e+00,0.000000000000000000e+00,4.546666667000000217e+01,3.121296296000000137e+00,3.546911412920000117e+01,1.000000000000000000e+00,1.440200541999999972e-01,1.655314581300000087e+00,3.193773587000000025e-01,4.372462060330000355e+01,3.093721944000000224e-01
1.513958178420000067e+01,0.000000000000000000e+00,0.000000000000000000e+00,7.329166666999999791e+01,-1.116111111000000022e+01,4.414933402919999850e+01,1.000000000000000000e+00,7.554433570000000653e-02,1.868506095499999908e+00,3.208837632000000051e-01,2.653373106980000173e+01,1.524154698999999891e-01
1.841088288939999984e+01,0.000000000000000000e+00,0.000000000000000000e+00,6.244166666999999649e+01,-4.930555560000000059e-01,3.410538186250000336e+01,1.000000000000000000e+00,2.227328352999999872e-01,2.376870519800000192e+00,5.433338839000000364e-01,2.455092238470000154e+01,2.555279227000000208e-01
1.782305428409999948e+01,0.000000000000000000e+00,0.000000000000000000e+00,6.323333333000000067e+01,-8.989351852000000420e+00,5.921584907420000121e+01,1.000000000000000000e+00,2.313370006999999895e-01,2.160094243400000114e+00,2.640031582999999848e-01,7.576064789300000157e+00,4.682267759000000029e-01
2.052496659250000022e+01,0.000000000000000000e+00,0.000000000000000000e+00,4.245833333000000209e+01,1.630416667000000075e+01,2.387654994420000065e+01,0.000000000000000000e+00,7.848571899999999546e-02,2.688131793500000200e+00,4.840991427999999930e-01,3.060056691870000023e+01,3.804051995000000130e-01
2.977460687159999964e+01,3.013718018999999799e+02,3.876095260000000167e+02,5.174166667000000075e+01,2.151759258999999957e+01,1.448507846250000064e+01,0.000000000000000000e+00,1.585396154000000002e-01,2.352209233199999971e+00,6.265106499000000495e-01,1.614159214849999913e+01,2.053478347000000093e-01
1.462425721430000003e+01,0.000000000000000000e+00,0.000000000000000000e+00,7.915833333000000493e+01,1.039351852000000020e+00,3.817358243500000015e+01,1.000000000000000000e+00,1.142415910999999978e-01,2.621433009300000005e+00,5.181810860000000130e-01,1.261786837130000016e+01,3.465913170000000099e-01
2.618049904349999935e+01,8.465077986999999382e+01,4.701369799999999960e-02,9.456666667000000359e+01,1.460648147999999935e+01,2.380940797250000074e+01,0.000000000000000000e+00,2.326281379000000038e-01,1.955572446499999950e+00,5.153454201999999595e-01,2.750938495189999955e+01,2.741258449000000263e-01
1.770701703860000009e+01,0.000000000000000000e+00,0.000000000000000000e+00,7.792499999999999716e+01,1.205555556000000017e+01,2.190277825080000085e+01,9.166666666999999658e-01,1.394211758999999995e-01,2.196158657799999858e+00,3.609239843000000003e-01,1.852185781009999843e+01,1.190628945000000022e-01
2.262471645800000175e+01,0.000000000000000000e+00,0.000000000000000000e+00,7.829166666999999791e+01,-8.365740739999999454e-01,5.151982976920000112e+01,1.000000000000000000e+00,1.994019324999999898e-01,1.800890794999999933e+00,2.877738199000000052e-01,8.695951284299999529e+00,3.445884660999999904e-01
1.899187675479999982e+01,9.326391574000000517e+00,1.167208731000000022e+01,6.118333333000000351e+01,-1.866203703999999908e+00,5.960161194580000199e+01,1.000000000000000000e+00,2.702483786000000054e-01,1.872574921200000020e+00,3.263610218999999923e-01,3.038812932000000089e+01,3.533068618999999910e-01
2.165249266340000034e+01,0.000000000000000000e+00,0.000000000000000000e+00,6.085833333000000067e+01,8.796296295999999515e+00,2.798996893079999992e+01,1.000000000000000000e+00,2.408717206000000055e-01,2.417902788400000169e+00,5.991775386000000037e-01,3.713669388299999952e+01,2.037202406999999993e-01
1.453841874439999948e+01,0.000000000000000000e+00,0.000000000000000000e+00,8.791666666999999791e+01,3.462962960000000034e-01,3.026166161920000164e+01,1.000000000000000000e+00,1.085831691999999959e-01,1.709083162099999997e+00,5.292572412999999587e-01,3.536340673499999809e+00,4.959809356000000058e-01
1.926429998720000114e+01,9.324571285999999404e+00,1.381133385999999952e+01,5.870000000000000284e+01,-4.530555556000000372e+00,5.450639124920000000e+01,1.000000000000000000e+00,1.884657831000000061e-01,2.740304205600000209e+00,5.678797039999999852e-01,3.822496077899999900e+00,3.008839040999999881e-01
2.511968805309999908e+01,0.000000000000000000e+00,0.000000000000000000e+00,7.530833332999999641e+01,1.556064815000000046e+01,2.460112825919999935e+01,0.000000000000000000e+00,1.633169486000000115e-01,2.254517423399999831e+00,5.773433849000000340e-01,4.792571826399999679e+01,2.175732471999999862e-01
1.982548891520000112e+01,5.260684418999999679e+01,7.309950729999999952e-01,9.065833333000000493e+01,4.275925926000000210e+00,3.740306852829999684e+01,1.000000000000000000e+00,1.271159236999999942e-01,2.665081828399999964e+00,5.544705996000000026e-01,1.526157107170000060e+01,4.628431110999999820e-01
1.700824512439999836e+01,1.412187388000000112e+02,4.102838839999999876e-01,7.669166667000000359e+01,4.431944445000000066e+00,2.858401382419999948e+01,1.000000000000000000e+00,1.991656276000000059e-01,2.551484849399999977e+00,6.442630435999999738e-01,2.429634411099999980e+01,2.843696584000000027e-01
2.051530109020000125e+01,4.147899457999999839e+01,2.408827145000000058e+00,8.350000000000000000e+01,4.747222222000000436e+00,3.679023710749999765e+01,1.000000000000000000e+00,1.239990360000000069e-01,2.571716005199999877e+00,3.749944383000000103e-01,1.383326946070000041e+01,4.079466771999999963e-01
1.792016847849999905e+01,1.883650441999999998e+02,2.575504271000000145e+01,8.259999999999999432e+01,-7.037037037000000161e+00,6.016101601919999808e+01,1.000000000000000000e+00,2.267403461999999981e-01,2.816726938499999999e+00,5.149333659000000507e-01,3.754519040209999758e+01,4.669602849000000222e-01
2.309258595260000035e+01,2.268283859999999947e+02,1.821564219999999921e+02,7.919166667000000359e+01,1.529629626000000009e+01,2.301848007919999972e+01,0.000000000000000000e+00,2.655301809000000235e-01,2.755855249700000176e+00,3.955192190999999857e-01,3.367320874979999701e+01,4.460294797000000089e-01
1.922585500980000006e+01,0.000000000000000000e+00,0.000000000000000000e+00,9.898333332999999357e+01,7.310185184999999919e+00,3.221412490579999854e+01,1.000000000000000000e+00,1.938259316000000010e-01,1.978356563499999998e+00,6.050987565000000012e-01,4.862129009699999926e+01,2.232466290000000020e-01
2.272158321799999925e+01,1.210656769999999938e+02,4.333324600999999916e+02,5.734166667000000217e+01,-3.338888889000000137e+00,6.020328624999999789e+01,1.000000000000000000e+00,2.169836062000000121e-01,1.585008045399999954e+00,5.046352868000000269e-01,3.218011620069999879e+01,2.256478554000000136e-01
1.961562208699999843e+01,0.000000000000000000e+00,0.000000000000000000e+00,6.440833333000000493e+01,-8.166666670000000128e-01,3.272894676079999954e+01,1.000000000000000000e+00,1.585396154000000002e-01,2.352209233199999971e+00,6.265106499000000495e-01,1.614159214849999913e+01,2.053478347000000093e-01
2.250936779299999912e+01,0.000000000000000000e+00,0.000000000000000000e+00,9.233333333000000209e+01,1.308657406999999928e+01,2.612377384670000069e+01,1.000000000000000000e+00,2.406674192999999906e-01,2.034782186200000176e+00,4.566272402000000064e-01,1.285527935500000041e+01,2.008498700999999942e-01
1.960132678909999981e+01,0.000000000000000000e+00,0.000000000000000000e+00,4.091666666999999791e+01,6.589351852000000065e+00,1.889163171330000068e+01,1.000000000000000000e+00,2.762218148999999734e-01,2.951908935900000142e+00,3.424779914000000147e-01,2.542012715510000120e+01,1.442420717000000019e-01
1.823301375970000038e+01,0.000000000000000000e+00,0.000000000000000000e+00,7.757500000000000284e+01,3.090740740999999847e+00,4.801154854749999856e+01,1.000000000000000000e+00,8.798342080000000343e-02,2.514267435499999870e+00,5.197688043000000535e-01,3.164578918870000024e+01,2.896765668999999876e-01
2.325278389289999836e+01,1.972949086999999935e+01,8.528281644999999571e+02,5.493333333000000351e+01,-8.954166667000000857e+00,6.121300453580000323e+01,1.000000000000000000e+00,1.622388411000000030e-01,2.300008242900000166e+00,4.569562672999999964e-01,1.041079646530000069e+01,1.347039926999999970e-01
2.259841173759999933e+01,1.003557546000000045e+01,1.033323219999999987e+00,9.045000000000000284e+01,4.536111111000000307e+00,3.659879029079999668e+01,1.000000000000000000e+00,1.783811170999999862e-01,2.332876908799999871e+00,4.087971785999999774e-01,1.312017124099999954e+01,1.814288494000000085e-01
1.940345444100000094e+01,8.655716590000000110e+01,6.742884411999999656e+02,6.980833332999999641e+01,-6.410185184999999564e+00,5.221852120249999984e+01,1.000000000000000000e+00,2.477235620000000083e-01,2.856900302300000138e+00,4.803113962000000181e-01,4.635749587800000349e+00,4.999679731000000182e-01
2.483676482690000142e+01,7.424834675999999689e+00,1.579548843999999974e+02,4.118333333000000351e+01,1.472175926000000068e+01,2.250919907420000143e+01,0.000000000000000000e+00,1.703678943999999973e-01,1.772790776999999984e+00,3.705132559000000048e-01,2.529390746729999861e+01,2.641600161000000058e-01
2.237228641880000168e+01,0.000000000000000000e+00,0.000000000000000000e+00,7.532500000000000284e+01,1.534768518999999998e+01,2.465690138829999967e+01,0.000000000000000000e+00,2.267403461999999981e-01,2.816726938499999999e+00,5.149333659000000507e-01,3.754519040209999758e+01,4.669602849000000222e-01
1.545396062610000065e+01,0.000000000000000000e+00,0.000000000000000000e+00,8.272499999999999432e+01,1.057638889000000049e+01,2.996565583750000172e+01,1.000000000000000000e+00,6.279127190000000081e-02,2.940606037199999800e+00,3.385156360000000086e-01,9.978957939700000779e+00,4.498115543000000272e-01
1.723282258640000109e+01,5.061655927999999705e+01,2.613150562999999948e+01,7.292499999999999716e+01,3.494444445000000066e+00,3.841468236170000239e+01,1.000000000000000000e+00,7.142951409999999390e-02,2.982613336400000037e+00,5.509336772999999798e-01,4.346967343360000058e+01,4.410813841999999818e-01
2.012845313640000100e+01,0.000000000000000000e+00,0.000000000000000000e+00,5.361666667000000075e+01,1.455925925999999926e+01,2.381614394420000025e+01,0.000000000000000000e+00,1.842127795000000068e-01,2.563537306200000199e+00,4.116845407999999984e-01,1.409572895089999989e+01,4.710110609000000004e-01
2.676926863670000145e+01,2.001932174000000089e+02,1.807502794000000108e+02,5.327499999999999858e+01,-3.203703704000000041e+00,4.743962495329999740e+01,1.000000000000000000e+00,2.815525891999999808e-01,1.653706732400000101e+00,5.619238878000000215e-01,1.590113892459999967e+01,1.714951322999999916e-01
1.377629195729999978e+01,0.000000000000000000e+00,0.000000000000000000e+00,8.293333332999999641e+01,-1.787500000000000089e+00,3.963540416579999714e+01,1.000000000000000000e+00,6.561092790000000452e-02,2.947902886200000072e+00,4.371774735000000245e-01,7.766427503700000123e+00,2.637974994999999767e-01
1.829483417659999844e+01,0.000000000000000000e+00,0.000000000000000000e+00,8.879999999999999716e+01,1.529861110999999951e+01,2.248507016579999984e+01,0.000000000000000000e+00,1.187151931999999993e-01,1.737637794100000077e+00,5.088076930999999581e-01,6.442176982400000362e+00,4.596239881999999999e-01
1.833154879450000152e+01,6.585200269999999989e+01,4.178960980000000092e+01,6.051666666999999933e+01,7.643518518999999678e+00,5.953053962999999982e+01,1.000000000000000000e+00,2.933897784999999758e-01,2.105538099899999960e+00,5.131689552999999515e-01,3.437231285799999814e+00,4.224752874000000102e-01
2.308857195739999923e+01,1.374364946999999972e+02,2.386693665000000131e+00,8.039166667000000643e+01,1.054953704000000059e+01,3.284654925750000132e+01,1.000000000000000000e+00,2.122891625999999976e-01,2.356785150099999893e+00,3.973769340000000150e-01,1.833038935200000052e+00,2.463426620999999983e-01
1.950168480459999998e+01,1.648755568999999923e+02,1.850834944000000064e+02,7.851666667000000643e+01,-2.924074073999999968e+00,4.977377861080000088e+01,1.000000000000000000e+00,7.002220720000000564e-02,1.850064945900000035e+00,3.343015549000000197e-01,4.720361650280000276e+01,2.929629562000000131e-01
2.128271363829999885e+01,1.280698399999999992e+02,7.836474392000000080e+02,7.146666666999999507e+01,1.325601851999999958e+01,2.415638717670000091e+01,1.000000000000000000e+00,2.037290737999999934e-01,2.152093511899999978e+00,5.661451884999999518e-01,1.685813247629999978e+01,2.303610584999999933e-01
2.221970420790000134e+01,5.669719229999999754e+01,1.537142169999999863e-01,9.770833333000000209e+01,1.083425925999999961e+01,1.412245854180000038e+01,2.500000000000000000e-01,9.653131349999999333e-02,1.605331175499999929e+00,5.273159701999999838e-01,3.016008742220000016e+01,1.484588988999999970e-01
1.851115268370000067e+01,1.726512702999999931e+02,2.605721103999999855e+02,5.680833333000000351e+01,6.901388888999999693e+00,2.125837911169999828e+01,1.000000000000000000e+00,6.022974229999999984e-02,1.507888977199999925e+00,4.073089820999999944e-01,4.904142277400000083e+00,3.118247606999999810e-01
2.203988656590000161e+01,0.000000000000000000e+00,0.000000000000000000e+00,5.163333332999999925e+01,9.883333333999999581e+00,2.315176064830000158e+01,0.000000000000000000e+00,8.430858550000000506e-02,1.646759754799999920e+00,3.920673349000000085e-01,4.989058941590000273e+01,1.856184147999999923e-01
2.228645061670000160e+01,9.374983915999999340e+01,6.294872663999999673e+01,7.425000000000000000e+01,6.462037203999999591e+00,3.714014786079999908e+01,1.000000000000000000e+00,1.932835307000000113e-01,1.572545910899999955e+00,6.330513010999999635e-01,2.440885879940000081e+01,3.166925946999999963e-01
2.017457305099999942e+01,1.138396429000000012e+02,8.073455512000000454e+02,4.320833333000000209e+01,1.735648147999999891e+00,2.993043190579999902e+01,1.000000000000000000e+00,1.035779971999999938e-01,2.493013683100000044e+00,3.283850870999999727e-01,1.621953167350000058e+01,4.109065855999999850e-01
2.503812506739999932e+01,1.311363110000000063e+02,7.817561570000000302e+02,2.925833332999999925e+01,1.410138889000000084e+01,2.324471730169999972e+01,5.833333333000000342e-01,1.180711792999999954e-01,2.316861128299999795e+00,2.860638987999999938e-01,1.011490443659999983e+01,2.838955046000000149e-01
1.889675126819999917e+01,0.000000000000000000e+00,0.000000000000000000e+00,7.279999999999999716e+01,1.034722222000000080e+01,4.029869295830000198e+01,1.000000000000000000e+00,1.070165490999999969e-01,2.444688327100000169e+00,2.564640544999999827e-01,4.467976210879999854e+01,1.943179882999999941e-01
1.712402963250000099e+01,0.000000000000000000e+00,0.000000000000000000e+00,7.918333332999999641e+01,1.008333332999999943e+00,3.873030541749999855e+01,1.000000000000000000e+00,8.001710139999999860e-02,2.365830755400000207e+00,5.893161506999999855e-01,1.373853955799999937e+01,1.924735801999999940e-01
1.842396692539999847e+01,0.000000000000000000e+00,0.000000000000000000e+00,9.586666667000000075e+01,4.851851852000000243e+00,3.516726525419999660e+01,1.000000000000000000e+00,2.714875010000000199e-01,1.623342446999999966e+00,4.550008822000000119e-01,1.645873386899999957e+00,3.362876144999999983e-01
1.723801671220000031e+01,1.056120396999999969e+02,3.405490989999999840e+01,5.207500000000000284e+01,7.343518517999999773e+00,3.334902687080000305e+01,1.000000000000000000e+00,2.132059391999999998e-01,2.547843092599999970e+00,3.437735055000000206e-01,3.352893942179999698e+01,3.928933517000000042e-01
2.139205610129999968e+01,0.000000000000000000e+00,0.000000000000000000e+00,7.606666667000000359e+01,1.571759259000000064e+01,2.387289832500000131e+01,0.000000000000000000e+00,1.493907016999999893e-01,1.811423493800000006e+00,2.509650708000000230e-01,3.429588351679999647e+01,3.653366800000000247e-01
1.634439532020000030e+01,0.000000000000000000e+00,0.000000000000000000e+00,8.740000000000000568e+01,2.118981481000000056e+00,3.582768033330000179e+01,1.000000000000000000e+00,7.002220720000000564e-02,1.850064945900000035e+00,3.343015549000000197e-01,4.720361650280000276e+01,2.929629562000000131e-01
2.065449592879999940e+01,0.000000000000000000e+00,0.000000000000000000e+00,6.765833333000000493e+01,5.565740740999999936e+00,3.447552287919999969e+01,1.000000000000000000e+00,8.001710139999999860e-02,2.365830755400000207e+00,5.893161506999999855e-01,1.373853955799999937e+01,1.924735801999999940e-01
1.783182237890000010e+01,2.256916152000000011e+02,3.268843588999999952e+02,5.917499999999999716e+01,1.271111110999999916e+01,2.321235022169999951e+01,1.000000000000000000e+00,2.655301809000000235e-01,2.755855249700000176e+00,3.955192190999999857e-01,3.367320874979999701e+01,4.460294797000000089e-01
1.931702118320000139e+01,2.308420790000000125e+02,2.050251057000000117e+02,6.636666667000000075e+01,1.198657406999999964e+01,2.395711490749999939e+01,1.000000000000000000e+00,6.467892969999999853e-02,1.919341361699999915e+00,3.256681861999999872e-01,4.006500938210000129e+01,1.505281772000000018e-01
1.398505600120000025e+01,3.712768313000000120e+01,4.257958061000000072e+01,8.306666667000000359e+01,-1.150046296000000012e+01,6.659923597169999709e+01,1.000000000000000000e+00,1.599815193000000135e-01,2.848363144299999927e+00,4.409001539999999886e-01,1.901429099010000101e+01,4.144656874000000046e-01
2.179237630080000088e+01,0.000000000000000000e+00,0.000000000000000000e+00,8.207500000000000284e+01,1.306898147999999971e+01,2.347345478669999963e+01,1.000000000000000000e+00,2.770852073999999776e-01,2.124698429599999994e+00,3.110066867999999873e-01,4.258425037010000125e+01,1.886024213999999977e-01
2.385552695810000046e+01,0.000000000000000000e+00,0.000000000000000000e+00,8.790000000000000568e+01,2.109722221999999814e+00,3.145856624420000003e+01,1.000000000000000000e+00,2.637190441000000218e-01,2.022434243999999826e+00,6.010342381000000067e-01,1.747806920020000021e+01,1.043795676000000006e-01
1.733734537029999956e+01,0.000000000000000000e+00,0.000000000000000000e+00,8.065000000000000568e+01,9.784722222999999275e+00,2.803002267080000109e+01,1.000000000000000000e+00,2.884904166000000214e-01,2.917148378099999828e+00,3.559130075999999976e-01,1.541107437900000043e+01,4.274931631000000176e-01
1.435076978779999912e+01,0.000000000000000000e+00,0.000000000000000000e+00,6.416666666999999791e+01,-4.394444445000000421e+00,3.289253822669999749e+01,1.000000000000000000e+00,2.977896553000000113e-01,2.526122456299999985e+00,5.517488959999999887e-01,2.383400514599999909e+00,3.508201946000000238e-01
1.567859165289999979e+01,1.237766778999999957e+02,1.567670575999999869e+02,6.467499999999999716e+01,-7.680555554999999757e+00,5.965897337919999899e+01,1.000000000000000000e+00,2.470504189000000128e-01,2.157856190499999993e+00,3.077938704000000025e-01,2.014517275889999937e+01,3.767810227999999761e-01
1.771025558059999838e+01,6.585200269999999989e+01,4.178960980000000092e+01,6.051666666999999933e+01,7.643518518999999678e+00,5.953053962999999982e+01,1.000000000000000000e+00,2.795081180000000276e-01,1.833413098000000074e+00,2.571511922999999977e-01,3.811447783349999696e+01,4.784992665000000200e-01
2.218290025110000130e+01,1.211796030000000002e+02,1.747472842999999942e+00,6.445000000000000284e+01,1.419814814999999975e+01,2.205387360170000122e+01,1.000000000000000000e+00,2.428013729000000065e-01,2.327267569099999989e+00,4.392897868000000261e-01,1.327173205210000084e+01,3.569103504999999732e-01
2.286590317319999954e+01,6.204845179000000144e+01,3.061054050999999987e+01,6.427500000000000568e+01,-3.140740741000000114e+00,4.592213009169999793e+01,1.000000000000000000e+00,2.949110826999999935e-01,2.372773769300000168e+00,2.655412192000000116e-01,8.970682135900000631e+00,1.398742447999999916e-01
1.693187807720000038e+01,0.000000000000000000e+00,0.000000000000000000e+00,6.932500000000000284e+01,9.000000000000000222e-01,3.407595304169999650e+01,1.000000000000000000e+00,1.509678002000000019e-01,2.081993919899999934e+00,3.781651054999999872e-01,3.534644445120000000e+01,4.430212258999999819e-01
